"coef_GC_Income","coef_GC_Indemp","model"
-0.0363179608439307,-0.151849540749566,"MLR"
-0.0389689130668854,-0.0354351846160396,"MLR"
-0.0354317396125243,-0.0570719346551777,"MLR"
-0.0326345434722249,-0.238334356663218,"MLR"
-0.0384323331527185,-0.110013484173313,"MLR"
0.00391302338917242,-0.00115076291425714,"MLR"
0.00179586172942717,-0.000651477450148294,"MLR"
-0.0247884807530986,-0.192745503948078,"MLR"
-0.0329063762040908,-0.0454015074012269,"MLR"
-0.0189186372922901,-0.146079254692305,"MLR"
-0.0295937468692162,-0.170902174628813,"MLR"
-0.0166410012287709,-0.0442704700001812,"MLR"
-0.0131720133238497,-0.0781418008050577,"MLR"
-0.0265525907259933,-0.0328818311985036,"MLR"
-0.0281163699760563,-0.0213866914932878,"MLR"
-0.0243280191136323,-0.109137781132419,"MLR"
-0.00425954109016323,-0.0382115444454195,"MLR"
-0.00372500499512689,-0.0323864798943502,"MLR"
-0.00458960872260684,-0.0386835224929704,"MLR"
-0.0117326868291238,-0.0921600226725243,"MLR"
-0.00292714760393829,-0.0911566739842417,"MLR"
-0.00896702150016825,-0.127944185136868,"MLR"
0.000536077609685502,-0.0724032387308845,"MLR"
-0.00750918751073538,-0.0609541970876864,"MLR"
-0.015390027445003,-0.101840767454421,"MLR"
-0.0135936804229215,-0.0972238055412029,"MLR"
-0.0103234123755829,-0.0799916571368154,"MLR"
-0.0551059019431409,-0.0238627539515048,"MLR"
-0.036611329424929,-0.0155862894981424,"MLR"
-0.0659847047658248,-0.012165879235268,"MLR"
-0.0165380968906251,-0.109014083094992,"MLR"
-0.0162751494798786,-0.0917028823579143,"MLR"
-0.0213518902724343,-0.0901272546748485,"MLR"
-0.0173762368713262,-0.121099546751393,"MLR"
-0.0019678783932989,-0.0205547572026888,"MLR"
-0.000709882576017593,-0.0130271395673771,"MLR"
-0.0029582787059376,-0.0271761719148968,"MLR"
-0.0758542131033091,-0.0616853630337645,"MLR"
-0.0731711149851001,-0.0760353274830513,"MLR"
-0.133923192638723,-0.17306488962353,"MLR"
-0.03930108012441,-0.0232170135739897,"MLR"
-0.0414154201253468,-0.034939820464545,"MLR"
-0.0396958923392837,-0.0310428268107523,"MLR"
-0.0270830694112171,-0.224256900354632,"MLR"
-0.0170879767683001,-0.172610186265641,"MLR"
0.00484129069555653,-0.0563943922660336,"MLR"
0.00547693149052654,-0.0283378736560112,"MLR"
0.00266664584496375,-0.0245729554059562,"MLR"
0.00518379900782008,-0.0419345660271304,"MLR"
0.00457582095457523,-0.0599378871012742,"MLR"
0.00494620116510165,-0.0508310714095149,"MLR"
0.00451599221066523,-0.0583415036235291,"MLR"
0.00200732743496466,-0.0595820320423051,"MLR"
0.00221004210193393,-0.0625230063412165,"MLR"
0.00242591866015082,-0.0566708527432562,"MLR"
0.00247647508041259,-0.0493740708097513,"MLR"
0.002044284435734,-0.0550938681278273,"MLR"
0.00202723523232449,-0.0738669105105183,"MLR"
0.0020149769993096,-0.0692336560804969,"MLR"
0.00152630890488134,-0.0723123447978995,"MLR"
0.0017049311191014,-0.0677731236539118,"MLR"
0.00278070582267192,-0.06364743883798,"MLR"
0.00256026746890254,-0.0597950231650518,"MLR"
0.0024008951606897,-0.0668520753915585,"MLR"
0.00316311607335378,-0.0489676773459892,"MLR"
0.00485871625821915,-0.0294847481957027,"MLR"
0.00408502572875346,-0.0468099309409586,"MLR"
0.00288809456425314,-0.0482722187902054,"MLR"
0.00301353418315016,-0.04055222322152,"MLR"
0.00391478720407718,-0.0224656716834694,"MLR"
0.00381639977226104,-0.0347314954284589,"MLR"
0.00230098111867805,-0.0665322969272347,"MLR"
0.00158326776160393,-0.0727887277945508,"MLR"
0.00132066580643003,-0.069203389264985,"MLR"
0.00059226949379875,-0.0575153092329672,"MLR"
0.00402956135981753,-0.0555379532751029,"MLR"
0.00463147775449332,-0.0431000487634578,"MLR"
0.00435463015612857,-0.0571092649550397,"MLR"
0.0028305879843523,-0.0695222838432699,"MLR"
0.00371896878252707,-0.0611974432081984,"MLR"
0.00325935075941174,-0.0711536636901664,"MLR"
0.00395093471375065,-0.0663575247974273,"MLR"
0.00411890432479323,-0.0547833326467922,"MLR"
0.00340977098962071,-0.0560352776196794,"MLR"
0.00308703224448519,-0.0641963648349427,"MLR"
0.00356482311162929,-0.0657919015473218,"MLR"
0.00201493548588836,-0.074384341065535,"MLR"
0.00120029707394561,-0.0686319334296713,"MLR"
0.000921487725178051,-0.0732431046936984,"MLR"
-0.0425363010844051,-0.0005250126361324,"MLR"
-0.0520417461128766,0.00056395671901987,"MLR"
-0.0331341659065564,-0.00156966559479691,"MLR"
-0.0393551214021466,-0.000457870796626993,"MLR"
-0.0466435140728044,0.000666320397298168,"MLR"
-0.0352644227725976,-0.00274902214130487,"MLR"
-0.0545597349603853,0.000472718394110015,"MLR"
-0.0732795347145865,0.00316191798335745,"MLR"
-0.0681179789117822,0.00201830984491225,"MLR"
-0.0588472756864422,0.00314283031438471,"MLR"
-0.0946360329703755,-0.0090602164404266,"MLR"
-0.0722111579051344,-0.0185236446334728,"MLR"
-0.0777341685245022,0.00254779066141416,"MLR"
-0.049339152103092,-0.0207224888408454,"MLR"
-0.0771831806074731,0.00236491930663364,"MLR"
-0.0816891743041072,-0.000371818453917319,"MLR"
-0.0996465204254673,-0.00561016170850509,"MLR"
-0.0869197330318918,0.0130398447508577,"MLR"
-0.0864234265459183,0.0140099068875566,"MLR"
-0.0870438865054923,0.0122711416765947,"MLR"
-0.0866681773690877,0.0137454124309585,"MLR"
-0.0866847041481851,0.0134707390929224,"MLR"
-0.0863836262478274,0.0136648644909442,"MLR"
-0.0866392017148372,0.0135251834636221,"MLR"
-0.0864876486849028,0.0134831426288354,"MLR"
-0.0868499283965172,0.0128117165126241,"MLR"
-0.0866035550422455,0.0132366550575625,"MLR"
-0.086549842343667,0.0130696452018684,"MLR"
-0.086600119768654,0.013111980157108,"MLR"
-0.086860947580958,0.0125472327431039,"MLR"
-0.0864298783111611,0.0133962877315671,"MLR"
-0.0866168407262572,0.0133773356095538,"MLR"
-0.0866932424238161,0.0134084994826317,"MLR"
-0.0857742733007752,0.0110740580478639,"MLR"
-0.0799949241469253,0.00927612208572557,"MLR"
-0.08663435823806,0.0113004682971803,"MLR"
-0.0715558722379798,0.0057694806584806,"MLR"
-0.0866288309570083,0.0119906195058891,"MLR"
-0.0807844429192602,0.00806976604282003,"MLR"
-0.083263808926196,0.00953813597420209,"MLR"
-0.0881052948941657,0.0110494326650226,"MLR"
-0.0870600179886614,0.0111806719049917,"MLR"
-0.0876765523120535,0.0116263768678105,"MLR"
-0.0869403311566911,0.0128458165269912,"MLR"
-0.0866283698385012,0.00786462990197671,"MLR"
-0.0899063636930454,0.00700130073960193,"MLR"
-0.0889619799101346,0.00952214688413875,"MLR"
-0.0897723533794684,0.00889398419216494,"MLR"
-0.0876451068432553,0.0118981181991003,"MLR"
-0.0867317138986002,0.0129348283592152,"MLR"
-0.0869100829357087,0.0109034900284216,"MLR"
-0.0876714434640727,0.0120783687639855,"MLR"
-0.0872352156290535,0.0119560199481325,"MLR"
-0.0793393656098504,0.00609615696560084,"MLR"
-0.0856223027495482,0.0076143996292694,"MLR"
-0.0889881896918642,0.00991924227064594,"MLR"
-0.0887448643678989,0.007884879437385,"MLR"
-0.02870071689336,-0.00573642138998184,"MLR"
-0.0272086026478007,-0.00915802041657838,"MLR"
-0.0391705438881132,-0.00756119308783451,"MLR"
-0.0397034159687814,-0.00169619491559787,"MLR"
-0.0723268837709442,-0.00815608484349755,"MLR"
-0.0499733096348767,-0.00239475314241483,"MLR"
-0.027489677214608,-0.00480632986532839,"MLR"
-0.0355628300677573,-0.00114883771760145,"MLR"
-0.0274735333840977,-0.00287681298563642,"MLR"
-0.238761771538112,-0.177565646831724,"MLR"
-0.239758770221329,-0.201786257762791,"MLR"
-0.23854705713623,-0.164751624468024,"MLR"
-0.219137637637537,-0.237653969337173,"MLR"
-0.22592726030481,-0.206172339219388,"MLR"
-0.23240806365782,-0.183284771600736,"MLR"
-0.221389076615256,-0.232862375415968,"MLR"
-0.231901924030394,-0.18921543645676,"MLR"
-0.227558964546743,-0.199147861429741,"MLR"
-0.236861531200744,-0.171989779700538,"MLR"
-0.228749963741796,-0.192546350745991,"MLR"
-0.230764831190526,-0.17944395700075,"MLR"
-0.234313625406385,-0.17221023110873,"MLR"
-0.214702890977942,-0.235074473532892,"MLR"
-0.212639187885563,-0.244013466468319,"MLR"
-0.223669918967034,-0.209743452342022,"MLR"
-0.216728208920759,-0.235471399278324,"MLR"
-0.227577176795675,-0.19694064693163,"MLR"
-0.232534831696584,-0.180176023963345,"MLR"
-0.23141037260094,-0.177231858656594,"MLR"
-0.226887857292194,-0.19478979541643,"MLR"
-0.0215975837239194,-0.0304996745229795,"MLR"
-0.0216018421500888,-0.0309531668687722,"MLR"
-0.0216034770820913,-0.0325353317511706,"MLR"
-0.0215598822802661,-0.0285566664794996,"MLR"
-0.0216689904281726,-0.0309627782057315,"MLR"
-0.0216348860781504,-0.101169904746288,"MLR"
-0.079941692711452,-0.317658062150294,"MLR"
-0.0716377136591724,-0.195586245799975,"MLR"
-0.0203668318936117,-0.070621759021137,"MLR"
-0.0205233804025734,-0.1008617526215,"MLR"
-0.0244005405589791,-0.140955320471893,"MLR"
-0.0337970640050243,-0.174490315415141,"MLR"
-0.182860098772724,-0.204728236905085,"MLR"
-0.170570308978947,-0.200696358169515,"MLR"
-0.212961661250217,-0.19308039642232,"MLR"
-0.177813872871393,-0.204995738767714,"MLR"
-0.169944177345639,-0.199136905558139,"MLR"
-0.201992113641518,-0.19376066436231,"MLR"
-0.236419394825796,-0.17359416314183,"MLR"
-0.18545789272563,-0.202499627530483,"MLR"
-0.203133778958626,-0.19781423672808,"MLR"
-0.19548023422593,-0.20188495643455,"MLR"
-0.220609550270733,-0.21184423557733,"MLR"
-0.16802170742959,-0.33541037877614,"MLR"
-0.198955536371704,-0.271584866204953,"MLR"
-0.212993298315905,-0.228183379877846,"MLR"
-0.161607922241131,-0.224642837037706,"MLR"
-0.250793709234175,-0.145867965226442,"MLR"
-0.238272055634346,-0.149327648112507,"MLR"
-0.224595189086532,-0.17577986498981,"MLR"
-0.248987614360685,-0.147949356172807,"MLR"
-0.241124583651495,-0.157537908374393,"MLR"
-0.0204649857102705,-0.050372605583826,"MLR"
-0.0201297163863763,-0.0554334072466206,"MLR"
-0.0203611804453692,-0.0501773757595619,"MLR"
-0.201288317594812,-0.311173434069465,"MLR"
-0.199572112743261,-0.308576657386477,"MLR"
-0.148388927485235,-0.378902721301916,"MLR"
-0.205358371401967,-0.288350189491038,"MLR"
-0.218258962554849,-0.276123175027758,"MLR"
-0.205236463483934,-0.281349102165583,"MLR"
-0.216267298792694,-0.253323266681745,"MLR"
-0.217200530408382,-0.243495087355845,"MLR"
-0.021374408710366,-0.0237087630245535,"MLR"
-0.0216823059519452,-0.0216209492443429,"MLR"
-0.0235021846776281,-0.0264798081677508,"MLR"
-0.171243138382571,-0.351672976255014,"MLR"
-0.180786902089315,-0.342286632608235,"MLR"
-0.163170354263082,-0.355849771967655,"MLR"
-0.147732119054853,-0.361115193560202,"MLR"
-0.164818652691536,-0.361415670468199,"MLR"
-0.155627824350788,-0.361841340684629,"MLR"
-0.137053633820601,-0.364098174895093,"MLR"
-0.125608795240823,-0.349655063778264,"MLR"
-0.0216108064415679,-0.03565105607251,"MLR"
-0.0213504969920854,-0.0379344878359876,"MLR"
-0.0683261778050739,-0.2861138597045,"MLR"
-0.0609149660049876,-0.291725986368344,"MLR"
-0.11298886906335,-0.367010508216633,"MLR"
-0.0904966124705868,-0.326568388960192,"MLR"
-0.0934012702611306,-0.344451264618046,"MLR"
-0.0277185275987078,-0.0125099941700055,"MLR"
-0.0275429601057871,-0.0121369836556148,"MLR"
-0.0276784664676363,-0.0124172776263687,"MLR"
-0.0277402550800457,-0.0125020810180576,"MLR"
-0.027726829915295,-0.012504401275043,"MLR"
-0.0277583588219566,-0.0125750927441807,"MLR"
-0.0276778187127111,-0.0124413585420184,"MLR"
-0.0279014741802037,-0.0130206186689067,"MLR"
-0.0279534782773683,-0.0129148404173123,"MLR"
-0.027786987384503,-0.0126139662572557,"MLR"
-0.027875149339864,-0.0127843133261944,"MLR"
-0.0278278021100753,-0.0126277185642718,"MLR"
-0.0276881578889946,-0.0124571631750655,"MLR"
-0.0276502470002236,-0.0123753237760103,"MLR"
-0.0276164468654782,-0.0123304806240733,"MLR"
-0.0277201437343492,-0.0121867694575169,"MLR"
-0.0277762336783997,-0.0126496110067718,"MLR"
-0.0278320809660962,-0.0127557670392535,"MLR"
-0.027715248991171,-0.01252963784577,"MLR"
-0.0279373675000556,-0.0131092893139009,"MLR"
-0.028043848225807,-0.0143579005449809,"MLR"
-0.0274189130069229,-0.0155074040065145,"MLR"
-0.0273827744578295,-0.0134610708187826,"MLR"
-0.021117861181909,-0.00692593511757338,"MLR"
-0.0236195430408119,-0.0151629252018634,"MLR"
-0.0279773812889819,-0.012573190358367,"MLR"
-0.0208060903402938,-0.00639285788253288,"MLR"
-0.0268168141440319,-0.010732173065928,"MLR"
-0.0175874055369572,0.0014363240538687,"MLR"
-0.0173401167618113,0.00169608714007524,"MLR"
-0.0175181768495247,0.00157926218994449,"MLR"
-0.0172484968315154,0.00174756249781985,"MLR"
-0.017142721039519,0.00180539269570921,"MLR"
-0.0171243421871611,0.00182457373498297,"MLR"
-0.0171034511232789,0.00184588730991904,"MLR"
-0.0170368834671194,0.00192646830261183,"MLR"
-0.0170438865876604,0.00189945707971303,"MLR"
-0.0171127037078359,0.00182100029144725,"MLR"
-0.0171205614255716,0.0018228646545231,"MLR"
-0.017084344678515,0.00183619928633281,"MLR"
-0.0171079427562358,0.00187077761185727,"MLR"
-0.0171083614022401,0.00184629213895399,"MLR"
-0.0171273809842829,0.00183168597100124,"MLR"
-0.0171180014769294,0.00184685743350475,"MLR"
-0.0170839567346642,0.00188252904305648,"MLR"
-0.0171614366985115,0.0018251388695831,"MLR"
-0.0171296026907437,0.00182465689728791,"MLR"
-0.0171611150766428,0.00180058559861324,"MLR"
-0.0171603086834153,0.0017936119969669,"MLR"
-0.0171794418948774,0.00178908714889324,"MLR"
-0.01714681812567,0.00180898147067181,"MLR"
-0.0172082928473936,0.00176692280683538,"MLR"
-0.0172110720528933,0.00197401063365163,"MLR"
-0.0164914236955465,0.00240631983169662,"MLR"
-0.0168398050013807,0.00224873995822936,"MLR"
-0.0170035542855729,-0.00238482980830268,"MLR"
-0.0108978608564189,0.00371341632640306,"MLR"
-0.0133141773478996,0.00414591012545949,"MLR"
-0.0163570570803316,0.00260146997892772,"MLR"
-0.0154139699494631,0.00290039605804568,"MLR"
-0.0120552581005395,0.00382680056447987,"MLR"
-0.0151601564175757,0.00291125068952995,"MLR"
-0.0393692017222471,-0.0110086402164828,"MLR"
-0.0382626790289673,-0.0115483549685776,"MLR"
-0.0393344658357139,-0.0109363158555634,"MLR"
-0.0384067883744636,-0.0113124219265186,"MLR"
-0.0385206853147306,-0.0113355383413083,"MLR"
-0.0378751724701413,-0.0119221994962167,"MLR"
-0.0476851378165572,-0.0086955926702541,"MLR"
-0.0496982161961419,-0.00736520613884135,"MLR"
-0.0441893912526495,-0.0102671597271296,"MLR"
-0.0419836805202912,-0.00957130876770181,"MLR"
-0.0384910944216956,-0.0110416600723066,"MLR"
-0.0386043251933076,-0.0121098719377854,"MLR"
-0.0538883109124967,-0.00536445980951501,"MLR"
-0.0523852374826614,-0.00640721946104479,"MLR"
-0.0494430074925881,-0.0060976159770046,"MLR"
-0.0193783883854774,-0.00736128539552978,"MLR"
-0.0193872220589608,-0.00738917260843161,"MLR"
-0.0194333995454847,-0.00750378075805733,"MLR"
-0.0193941199975776,-0.00742046564142393,"MLR"
-0.0194232477532171,-0.00857990316982846,"MLR"
-0.0201301150447806,-0.0111718234195983,"MLR"
-0.0195416080050381,-0.00800302677965843,"MLR"
-0.0200265913064879,-0.0106053633690511,"MLR"
-0.0196104852607666,-0.00859336249005748,"MLR"
-0.0392714533366342,-0.103581370089516,"MLR"
-0.0381705853757433,-0.11703310525778,"MLR"
-0.0384817012317444,-0.117487419562298,"MLR"
-0.0389290678449639,-0.111462635610698,"MLR"
-0.0392595807972727,-0.107861247052957,"MLR"
-0.0396208138686095,-0.090011565799846,"MLR"
-0.0395242109245761,-0.0945017276541741,"MLR"
-0.0394426363736164,-0.0991304360668077,"MLR"
-0.0394381962434713,-0.0976928082671594,"MLR"
-0.0400239514176169,-0.0668748677376319,"MLR"
-0.0263848637866547,-0.0448031120970716,"SVR"
-0.0291652313026314,-0.00939370849998213,"SVR"
-0.0264281163057308,-0.0157688027312339,"SVR"
-0.0239228120732269,-0.0745872222572422,"SVR"
-0.0272120386521429,-0.0281218556782135,"SVR"
-0.00125151207411427,0.0493194409028873,"SVR"
8.2518985679498e-05,0.0582727416934702,"SVR"
-0.0180151342840357,-0.045437726832616,"SVR"
-0.0251867341388241,-0.0111630284777963,"SVR"
-0.0131409287290048,-0.0173903665897968,"SVR"
-0.0213897870371992,-0.04541744447897,"SVR"
-0.013647776778085,-0.00189428347364976,"SVR"
-0.0116274995946705,-0.00304618023339776,"SVR"
-0.0211732806962617,-0.00777606649004287,"SVR"
-0.0217354090110658,-0.00462320679372972,"SVR"
-0.018547635140982,-0.0257793526741247,"SVR"
-0.00253480951721977,0.0442068436653758,"SVR"
-0.00285939730806582,0.0413552870751198,"SVR"
-0.00372415609856038,0.0355731105701968,"SVR"
-0.00791784076974826,0.0124282321947216,"SVR"
-0.0122785592615961,-0.0219657491699653,"SVR"
-0.0139635832277904,-0.0318621357914273,"SVR"
-0.00821481017359406,0.00236514806031554,"SVR"
-0.00618647401673891,0.0211349689970355,"SVR"
-0.0128155266284133,-0.0132103533164222,"SVR"
-0.0113251069258941,-0.00664391135866457,"SVR"
-0.00842442160644222,0.00889496285767603,"SVR"
-0.0394760853952828,-0.0066904856691113,"SVR"
-0.0300746774831361,-0.00293418605083197,"SVR"
-0.0539020781652907,-0.00406769512790975,"SVR"
-0.0133165206868629,-0.0163573312238387,"SVR"
-0.0134736993781126,-0.0137377633003175,"SVR"
-0.0169729535739257,-0.0217968196932285,"SVR"
-0.0137000457686975,-0.0197937101741376,"SVR"
-0.000982160760646042,0.0523154329116103,"SVR"
8.72699326596686e-05,0.0590282551917504,"SVR"
-0.00208022916131298,0.0456522357748572,"SVR"
-0.030137517362255,-0.0338411851523523,"SVR"
-0.0324837559117576,-0.0398057381731243,"SVR"
-0.042810213343282,-0.057273406373354,"SVR"
-0.0310601062092514,-0.00567969220189614,"SVR"
-0.0300601146363465,-0.00888601571276367,"SVR"
-0.0295965662315531,-0.00777731807993584,"SVR"
-0.0201986397523318,-0.0660966592840687,"SVR"
-0.0155791146655084,-0.0396522527802949,"SVR"
-0.000109999625487296,0.0545483735707309,"SVR"
0.000540319169326101,0.0596148569771446,"SVR"
-0.000400771730156631,0.0553245344982297,"SVR"
0.00037666348441523,0.0581934461657992,"SVR"
-0.002123871556856,0.0418898814296706,"SVR"
-0.00157449704954252,0.0457032438819647,"SVR"
-0.00293211998407579,0.0369311840002735,"SVR"
-0.00241729127729589,0.0391083641180701,"SVR"
-0.0019771063750682,0.0419976887525938,"SVR"
-0.00135104071246133,0.0460113537114414,"SVR"
-0.000934289103561495,0.0486823070567514,"SVR"
-0.00221660756862382,0.0403610567907956,"SVR"
-0.00354540673463759,0.0322228467638155,"SVR"
-0.00283972117739767,0.0365630469325353,"SVR"
-0.00377164328463814,0.0305891100999846,"SVR"
-0.0032073666524359,0.0341238454994357,"SVR"
-0.0011001634519158,0.0477400712397887,"SVR"
-0.00120351945528107,0.04700557454292,"SVR"
-0.00187070488647071,0.0427700306380891,"SVR"
0.00023358989430833,0.056365731697174,"SVR"
0.000474354364553987,0.0588357653538841,"SVR"
0.00142840144542805,0.0642347781713519,"SVR"
-6.87352065221184e-05,0.0543601292580046,"SVR"
0.000680765606389085,0.0592764812866848,"SVR"
0.00173361627170277,0.066715110514601,"SVR"
0.000659095503456657,0.0595736853716362,"SVR"
-0.00839163395958923,0.0026827315002302,"SVR"
-0.00635722105124062,0.0143711983059356,"SVR"
-0.0115488539519793,-0.0157343769919776,"SVR"
-0.00637476560123647,0.0178370980894741,"SVR"
-0.00523850012662645,0.0229448841942566,"SVR"
-0.00222325605938223,0.0422790590813508,"SVR"
-0.00416926648546606,0.0293988061432185,"SVR"
-0.00187343801747618,0.0429089100804564,"SVR"
-0.000650239786550991,0.0508376357614017,"SVR"
-0.00271638031961197,0.0377706217001404,"SVR"
-0.00147020938512713,0.0457248526763814,"SVR"
0.000443947031857945,0.0578970172240934,"SVR"
-9.91458237826161e-05,0.0542626012504661,"SVR"
-0.00604030608043633,0.0171864025280388,"SVR"
-0.00394033396316947,0.0302444301707534,"SVR"
-0.00479571185339012,0.0243970298240688,"SVR"
-0.00432472790683954,0.0268620701604665,"SVR"
-0.00639314111877146,0.0141624906215989,"SVR"
-0.0590748156009029,-0.00215483100028696,"SVR"
-0.0608297149256228,-0.00197404630584298,"SVR"
-0.0554917259965879,-0.00228877727171797,"SVR"
-0.059771189128695,-0.0016812621835481,"SVR"
-0.0614065756010057,-0.00151617526269621,"SVR"
-0.0564537178043841,-0.00240081568791576,"SVR"
-0.0609717555817027,-0.00213364902275188,"SVR"
-0.0645611043738628,-0.00167217150724896,"SVR"
-0.0635673499509137,-0.00193799809365445,"SVR"
-0.0710701810418361,-0.00111860487884384,"SVR"
-0.0730513276696157,-0.00335140742480669,"SVR"
-0.0508043498604051,-0.00542983883889386,"SVR"
-0.0745164239771788,-0.00146661869039978,"SVR"
-0.0364832586154229,-0.00560068101299867,"SVR"
-0.0699544911104322,-0.00177943377450297,"SVR"
-0.0703234694268942,-0.00186025650809843,"SVR"
-0.0614930708972444,-0.00249967741238069,"SVR"
-0.0680760136218691,-0.000757445327480658,"SVR"
-0.0680652770213165,-0.000794154780470539,"SVR"
-0.0683031736688812,-0.000727386195471833,"SVR"
-0.068454326757556,-0.000729633934340126,"SVR"
-0.0686987307082537,-0.000719552307511784,"SVR"
-0.0684976851515231,-0.00075455496929952,"SVR"
-0.0682719594234159,-0.000763697312752236,"SVR"
-0.0683349297281924,-0.000814272563286441,"SVR"
-0.068765627733387,-0.000610931905055076,"SVR"
-0.06886959056654,-0.000663002753902664,"SVR"
-0.069002051029891,-0.000730754374622034,"SVR"
-0.0687160738441154,-0.000762251616472232,"SVR"
-0.069072955439658,-0.000785321603588531,"SVR"
-0.0685445991271381,-0.00078725398086135,"SVR"
-0.0685175797357117,-0.00061440160774667,"SVR"
-0.0680019225819555,-0.000756730803045723,"SVR"
-0.0692039262549477,6.81491145539609e-07,"SVR"
-0.0677749315340306,-0.00035056983818853,"SVR"
-0.0680263160911011,-0.000768768840410962,"SVR"
-0.0657770497320146,-0.00088900780523009,"SVR"
-0.0679854232176538,-0.000727887108326025,"SVR"
-0.0667494174486704,-0.000891221521291535,"SVR"
-0.0672616428054773,-0.000792021097859145,"SVR"
-0.0697858286945089,-0.000469108188854938,"SVR"
-0.0691966153217386,-0.000478604062753645,"SVR"
-0.0697385851351273,-0.000341231576028638,"SVR"
-0.0691497331606892,-0.000602396131139888,"SVR"
-0.0706117816870438,-0.000246390038918292,"SVR"
-0.071478797360685,-0.000893314449705132,"SVR"
-0.0700227402889592,-0.000612280354478216,"SVR"
-0.0699477507139027,-0.000914138695433817,"SVR"
-0.0691842806877074,-0.000839221616083179,"SVR"
-0.0689891198579408,-0.000731741862518544,"SVR"
-0.0680852009668962,-0.000826304580114031,"SVR"
-0.0680903692353651,-0.000894574131008498,"SVR"
-0.0683326016843932,-0.000775835888481767,"SVR"
-0.0660706433660162,-0.00119073406632072,"SVR"
-0.0672454131319059,-0.00117286536731813,"SVR"
-0.0693233089516961,-0.000911659921634936,"SVR"
-0.0684647822930292,-0.00125355324968418,"SVR"
-0.0372861206291165,-0.00089928710856846,"SVR"
-0.0297718016890443,-0.00142898669675489,"SVR"
-0.0438206582425247,-0.00193485648848499,"SVR"
-0.0623676950303115,-0.00231642171702428,"SVR"
-0.0662125124166281,-0.00367922782917344,"SVR"
-0.0683276341187334,-0.0024683832086258,"SVR"
-0.0381101332268628,-0.000908752842334341,"SVR"
-0.0555982654820118,-0.00231777228565927,"SVR"
-0.0462878197269506,-0.00162931774276366,"SVR"
-0.0613261596833045,-0.105075935663697,"SVR"
-0.0585178690938898,-0.0959441294296762,"SVR"
-0.0627203442169926,-0.111941952067006,"SVR"
-0.0634078575799725,-0.114401891959767,"SVR"
-0.0628978131640658,-0.111142691001351,"SVR"
-0.0627139731700472,-0.111561455036458,"SVR"
-0.0632480431457977,-0.115025850695037,"SVR"
-0.0627837000188479,-0.11092295185733,"SVR"
-0.0627760046775116,-0.110081462798757,"SVR"
-0.0615843927784957,-0.105547514785131,"SVR"
-0.0626378817883147,-0.10923162631327,"SVR"
-0.0614567558266996,-0.104486826229004,"SVR"
-0.061583772623822,-0.105141867074648,"SVR"
-0.06291494915085,-0.10918045881796,"SVR"
-0.0630674569130735,-0.109166929321825,"SVR"
-0.0632309848831359,-0.111576074100755,"SVR"
-0.0640330367888833,-0.114834297827086,"SVR"
-0.0631355775090622,-0.111743662605574,"SVR"
-0.0630444107923909,-0.112197090970455,"SVR"
-0.062775709731005,-0.110444012120164,"SVR"
-0.0635638398989592,-0.113680881041774,"SVR"
-0.0164393931115233,-0.00723209437068995,"SVR"
-0.0164523187550387,-0.00745336526710538,"SVR"
-0.0164801716336909,-0.0082399245855166,"SVR"
-0.0163616243163448,-0.00620313189567286,"SVR"
-0.0164584527100006,-0.00758405290688623,"SVR"
-0.016135044180249,-0.0277798050574397,"SVR"
-0.0349594775945866,-0.101480998514269,"SVR"
-0.0343925873008409,-0.0680791614074375,"SVR"
-0.0154411988138049,-0.0193957014474374,"SVR"
-0.0148949683886688,-0.0272067691407969,"SVR"
-0.0154616248254231,-0.040258220834344,"SVR"
-0.0178958921611896,-0.0464804423454908,"SVR"
-0.0486816338692317,-0.0706872311472031,"SVR"
-0.0465092284349433,-0.0657583162417714,"SVR"
-0.0525190092227018,-0.0798255773484959,"SVR"
-0.048405641244111,-0.0710151171270904,"SVR"
-0.0469233130724013,-0.0666608311361252,"SVR"
-0.0508744472750867,-0.0760808635446934,"SVR"
-0.0556464451282791,-0.0878162230103542,"SVR"
-0.048846016207616,-0.0711830678402338,"SVR"
-0.0514311575775866,-0.0771433999335091,"SVR"
-0.0504273949690295,-0.0747387961776741,"SVR"
-0.0619580309273766,-0.105804824197417,"SVR"
-0.0586447013024556,-0.094862643709526,"SVR"
-0.0605445265874194,-0.100572045332622,"SVR"
-0.0602063203414144,-0.10021955363306,"SVR"
-0.0470573080592945,-0.0699097220613598,"SVR"
-0.0582077670914741,-0.0947522797356782,"SVR"
-0.0590885319078755,-0.0974344580578496,"SVR"
-0.0568383418348184,-0.0915347442205713,"SVR"
-0.05846025761175,-0.0957506943264381,"SVR"
-0.060148349945517,-0.10061203027346,"SVR"
-0.0158862331361265,-0.0141476280187958,"SVR"
-0.015693639972911,-0.0156115220216193,"SVR"
-0.0159452194770303,-0.0140128956157782,"SVR"
-0.0608476923597628,-0.102982935213489,"SVR"
-0.0618032061059595,-0.104155669193633,"SVR"
-0.055458190789571,-0.0932084762401552,"SVR"
-0.062611503119833,-0.107425658787891,"SVR"
-0.0612154019660222,-0.110108057847535,"SVR"
-0.0633368364875089,-0.108982859446493,"SVR"
-0.0628756602688596,-0.111436525899331,"SVR"
-0.0632721757224692,-0.112718467799891,"SVR"
-0.0160025905016516,-0.00349936835989027,"SVR"
-0.0160396454261463,-0.00247796346546648,"SVR"
-0.0179374893358982,-0.00632530008590397,"SVR"
-0.0579551213197472,-0.094436107937989,"SVR"
-0.0591162710152562,-0.0970964245008932,"SVR"
-0.0567941198153807,-0.0924351100187467,"SVR"
-0.0545798025826929,-0.089756413730466,"SVR"
-0.057714790317708,-0.0937719603799309,"SVR"
-0.0556730250683586,-0.0910852861993412,"SVR"
-0.0533054626569893,-0.0893290886253297,"SVR"
-0.0503507573957251,-0.0894061178627086,"SVR"
-0.0165109838019091,-0.00977981374047244,"SVR"
-0.0164283634069302,-0.0104756368928541,"SVR"
-0.0309271748008299,-0.0776103673843233,"SVR"
-0.027493616090519,-0.0850392989086047,"SVR"
-0.046751724084235,-0.0931771515705464,"SVR"
-0.0380437233731318,-0.0823224405991683,"SVR"
-0.039641284480771,-0.0885639135926929,"SVR"
-0.0239670686412709,-0.0023201132447571,"SVR"
-0.0243399380767466,-0.00225426231079279,"SVR"
-0.0240592251998346,-0.0023059903405249,"SVR"
-0.024019013062434,-0.00232115562715549,"SVR"
-0.0239920659821544,-0.00232049313325406,"SVR"
-0.0239277730557748,-0.00233140114079309,"SVR"
-0.0240142090958276,-0.00230866287456849,"SVR"
-0.0236375174333569,-0.00242137663571271,"SVR"
-0.0237453394003865,-0.00238645139901961,"SVR"
-0.0239141734915262,-0.00233889996759398,"SVR"
-0.0237999301053375,-0.0023680058133969,"SVR"
-0.0239592192669994,-0.00234388025585056,"SVR"
-0.0239693222725789,-0.00230495525128476,"SVR"
-0.024036558182683,-0.00229149885090816,"SVR"
-0.024098295531864,-0.00228977472292368,"SVR"
-0.0242594733562885,-0.00224022129595645,"SVR"
-0.0238341218555433,-0.00233950186009555,"SVR"
-0.0237667686129299,-0.00235752870026867,"SVR"
-0.0239239708261306,-0.00232067985899348,"SVR"
-0.0236198714486884,-0.00244905355219204,"SVR"
-0.022700419268671,-0.00267766985703304,"SVR"
-0.0214866621348746,-0.00289808804195642,"SVR"
-0.0223476841259068,-0.00220620301697358,"SVR"
-0.0148150745865516,0.0049440297222391,"SVR"
-0.0169089063814968,0.000116640738054173,"SVR"
-0.0232591627893802,-0.00192550532568908,"SVR"
-0.0299340704101693,-0.000843049293583415,"SVR"
-0.0259116107236785,-0.00182366552636173,"SVR"
-0.0112469629496127,0.010454678251263,"SVR"
-0.0110317122026349,0.010541087663772,"SVR"
-0.0110957730194119,0.010566141327931,"SVR"
-0.0109981602071521,0.0105259216685454,"SVR"
-0.0109683268586546,0.0105015831760228,"SVR"
-0.0109520014182487,0.0105086090377687,"SVR"
-0.010933943403678,0.0105160818383097,"SVR"
-0.0108594211365998,0.0105564681987445,"SVR"
-0.0108902298677939,0.0105294211617352,"SVR"
-0.0109598669789778,0.0104944369699171,"SVR"
-0.0109544241111502,0.0105039088214334,"SVR"
-0.0109523808954071,0.0104875192163696,"SVR"
-0.0109005763541703,0.0105512688731893,"SVR"
-0.0109314893788873,0.0105210150454335,"SVR"
-0.0109420086724193,0.0105201427869429,"SVR"
-0.0109268438505894,0.0105304736354455,"SVR"
-0.0108958448643149,0.0105440508209645,"SVR"
-0.01093587521587,0.0105432242686492,"SVR"
-0.0109498335454948,0.0105134586268298,"SVR"
-0.0109669944543867,0.0105123097049457,"SVR"
-0.0109758823398884,0.0105029871120646,"SVR"
-0.0109738130657632,0.0105148075276964,"SVR"
-0.0109623382148502,0.0105096953529862,"SVR"
-0.0109894922529461,0.0105138215425023,"SVR"
-0.0106792246546327,0.0107913976115613,"SVR"
-0.0104310059244424,0.0107025729127413,"SVR"
-0.0104766750992073,0.0108090827910299,"SVR"
-0.0110753789889192,0.00819903201542803,"SVR"
-0.0105917761541503,0.00928846218606001,"SVR"
-0.0112628737636718,0.00959898706492637,"SVR"
-0.00943739317274279,0.0112130639003834,"SVR"
-0.011214475632398,0.00987280464745171,"SVR"
-0.00833889634739294,0.0107348260612754,"SVR"
-0.0102400430620921,0.0103482345915751,"SVR"
-0.0360413538605406,-0.00302442694338823,"SVR"
-0.0347208864650576,-0.00321170612007103,"SVR"
-0.0361398752531255,-0.0030035266811067,"SVR"
-0.0352223884383896,-0.00312248142997956,"SVR"
-0.03525160359624,-0.00312610261122339,"SVR"
-0.0341718817840378,-0.0033145126827449,"SVR"
-0.043445445920257,-0.00231972676997765,"SVR"
-0.047538346207364,-0.00202903015710475,"SVR"
-0.0387583470480515,-0.00280055958464266,"SVR"
-0.0392506743538726,-0.00263248969441189,"SVR"
-0.035471163592471,-0.00306504624628558,"SVR"
-0.0341580799298921,-0.00337389703681938,"SVR"
-0.0561073112858587,-0.00173751501001755,"SVR"
-0.0515269003666019,-0.00184989376666541,"SVR"
-0.0518293925597258,-0.0019307884506069,"SVR"
-0.0135569628545349,0.00559222852924098,"SVR"
-0.0135661038306459,0.00557591839315997,"SVR"
-0.0135859532272908,0.00551122828082513,"SVR"
-0.0135657431523928,0.00555857906263824,"SVR"
-0.0130909415043877,0.00471794326657091,"SVR"
-0.0137849914664085,0.00314493428206579,"SVR"
-0.0136724275063016,0.00521425681123548,"SVR"
-0.0144364684039296,0.00372660649516967,"SVR"
-0.0135217126774785,0.00485007929545604,"SVR"
-0.0279638412736342,-0.0281660796504358,"SVR"
-0.0275779157739748,-0.0341149252528096,"SVR"
-0.0276291923968573,-0.0332299423407636,"SVR"
-0.0277794710422788,-0.0306467847497499,"SVR"
-0.0278728197078892,-0.0289896176174851,"SVR"
-0.0281602670884526,-0.0241031759684807,"SVR"
-0.028099267919601,-0.0253936846501018,"SVR"
-0.0280172499929445,-0.0266166786847061,"SVR"
-0.0280672978238824,-0.0264422558648828,"SVR"
-0.0286530116027027,-0.0178907696388675,"SVR"
-0.0204453372446332,-0.00608942663540289,"GWR"
-0.0229861458353732,-0.00516792698725255,"GWR"
-0.0209246092092956,-0.00540533064173463,"GWR"
-0.0196977371019085,-0.00643798493178431,"GWR"
-0.0209558948477132,-0.00629751230182504,"GWR"
-0.0183307280719883,-0.00845880282527589,"GWR"
-0.0182224083652306,-0.0091629241057238,"GWR"
-0.0189934225655149,-0.00643101025410692,"GWR"
-0.0207839387751853,-0.00591264946756396,"GWR"
-0.0186610681525904,-0.00777736649307267,"GWR"
-0.0192603477778474,-0.00640716085637704,"GWR"
-0.0147218562937539,-0.0209996165181322,"GWR"
-0.0141744710588177,-0.0229597661613177,"GWR"
-0.0182069187297914,-0.00532926069986518,"GWR"
-0.0178932641654501,-0.00329709593988723,"GWR"
-0.0186354166988377,-0.00751304904438097,"GWR"
-0.018018388347914,-0.0113212028976643,"GWR"
-0.0178865068162803,-0.0114560037419078,"GWR"
-0.0176576455973672,-0.0123618959732553,"GWR"
-0.0180100110854448,-0.0121935094432756,"GWR"
-0.018706807034343,-0.00629811940637632,"GWR"
-0.0187879788446803,-0.00624187021336541,"GWR"
-0.0185521691240835,-0.00640750671020928,"GWR"
-0.0171213374152993,-0.015197671818637,"GWR"
-0.0140718381107957,-0.0233248623049998,"GWR"
-0.0153233806209765,-0.0219973182171235,"GWR"
-0.0165889663210992,-0.0180837435372957,"GWR"
-0.0240580655409297,-0.0033889547046072,"GWR"
-0.0203946350558118,-0.00218086901497146,"GWR"
-0.0209713709979204,-0.00222680357966146,"GWR"
-0.0146001537923702,-0.0247536419923905,"GWR"
-0.0152339498912899,-0.021395420168818,"GWR"
-0.0166010901382404,-0.0180208508371856,"GWR"
-0.0170819408575154,-0.017924280292989,"GWR"
-0.0179810556647999,-0.0104837066697371,"GWR"
-0.0180993785245258,-0.0100259074719001,"GWR"
-0.0178950982430609,-0.011084994382949,"GWR"
-0.0151466907045874,-0.016944344285903,"GWR"
-0.0151679196441876,-0.0172449921447366,"GWR"
-0.015286051841404,-0.0152461450910835,"GWR"
-0.0218398475384994,-0.0034465007367413,"GWR"
-0.0243340626933137,-0.00552832782054473,"GWR"
-0.0246943294370916,-0.00537480803865029,"GWR"
-0.0192978224286814,-0.00619694078922736,"GWR"
-0.0190062985124385,-0.00631888409425155,"GWR"
-0.0184821977278517,-0.00734653993471601,"GWR"
-0.0184456115367494,-0.00774833402536282,"GWR"
-0.0184840236437782,-0.00800141192065359,"GWR"
-0.0184997303734702,-0.0074471586131828,"GWR"
-0.0185116898387676,-0.00716364591484004,"GWR"
-0.0185192084525436,-0.00724755597125716,"GWR"
-0.018537388491919,-0.00709302683100986,"GWR"
-0.0184352901914309,-0.00710413879967499,"GWR"
-0.0184453981304859,-0.00714019196096763,"GWR"
-0.018432867905107,-0.00722428095258895,"GWR"
-0.0184135014299103,-0.00729068474022034,"GWR"
-0.0184235119895042,-0.00714817504473117,"GWR"
-0.0185023496097274,-0.00701238999104073,"GWR"
-0.018476257827066,-0.00707591407363384,"GWR"
-0.0184885188078384,-0.0070036376094483,"GWR"
-0.0184667644013441,-0.00706322944915723,"GWR"
-0.0184564087730578,-0.00722557251989236,"GWR"
-0.0184424062449899,-0.00722898772387438,"GWR"
-0.018464059045319,-0.00715107686774936,"GWR"
-0.0184253834668298,-0.00737370173991885,"GWR"
-0.0184150349181195,-0.00777966060067716,"GWR"
-0.0184284574165278,-0.00749624914184274,"GWR"
-0.0184167622017449,-0.00737052347474809,"GWR"
-0.0184013202107914,-0.00750836341548642,"GWR"
-0.0183646148931266,-0.00779412841290451,"GWR"
-0.0184029574375719,-0.00767461204590733,"GWR"
-0.0185838142976332,-0.00645935626640565,"GWR"
-0.0185421574112114,-0.00652223708667573,"GWR"
-0.0186687540448987,-0.00639614739307631,"GWR"
-0.0186252667645325,-0.00680355521226405,"GWR"
-0.0185768983449688,-0.00681120368628931,"GWR"
-0.0185412687896107,-0.00724312699031239,"GWR"
-0.0185527707922278,-0.00700899241840033,"GWR"
-0.0184787731650969,-0.00714008941756357,"GWR"
-0.0184736148997579,-0.00727443933540174,"GWR"
-0.0185005801148098,-0.00708210776805433,"GWR"
-0.0184910490395176,-0.00720465186922419,"GWR"
-0.0184573733422696,-0.00736948164617739,"GWR"
-0.0184502008862298,-0.00730939134234018,"GWR"
-0.0185643177205311,-0.00663061907985673,"GWR"
-0.0185339425119733,-0.00694792270585827,"GWR"
-0.018522318553751,-0.00681134540122727,"GWR"
-0.0184753954653316,-0.00694718359285949,"GWR"
-0.0184981055461443,-0.00672618353369626,"GWR"
-0.0212826987031316,-0.000794085815969798,"GWR"
-0.0210719476966899,-0.00100274562851065,"GWR"
-0.0211183546271822,-0.000862691833378246,"GWR"
-0.0212387106431452,-0.0012944365795452,"GWR"
-0.0210294844784624,-0.00128187095036191,"GWR"
-0.0214745286027898,-0.00124263615667092,"GWR"
-0.0208775865302377,-0.000827738425816902,"GWR"
-0.020534601150468,-0.00110396317156025,"GWR"
-0.020453165530368,-0.000995716214521317,"GWR"
-0.0211389485395084,-0.00168101241802975,"GWR"
-0.0221137875305677,-0.00206149482073618,"GWR"
-0.0233327504631661,-0.0026909523582167,"GWR"
-0.020957128130421,-0.00153642585822815,"GWR"
-0.0232316268815018,-0.00287975023098528,"GWR"
-0.0203364080449633,-0.0014581626639879,"GWR"
-0.0209368805737045,-0.00153796784711658,"GWR"
-0.0216502007972396,-0.00169268121655014,"GWR"
-0.0201961890621653,-0.00150136590779618,"GWR"
-0.0202293395602008,-0.00150035594826615,"GWR"
-0.0201917674591298,-0.00148722137492266,"GWR"
-0.0201595690645654,-0.00149567165153561,"GWR"
-0.0201430046013963,-0.0014906759369076,"GWR"
-0.0201861969839055,-0.00149022095458897,"GWR"
-0.0201997596236851,-0.00149601233932932,"GWR"
-0.0202386339165799,-0.00149538616394348,"GWR"
-0.0203262639811444,-0.00150170039316095,"GWR"
-0.0202873947648496,-0.00149526894916618,"GWR"
-0.020140123727205,-0.00147866380586099,"GWR"
-0.0201833121744407,-0.00148308293807034,"GWR"
-0.0201535265601565,-0.00147796110544922,"GWR"
-0.0202028287566491,-0.00149024469344606,"GWR"
-0.0203143204597047,-0.00150529960585878,"GWR"
-0.0202645707491258,-0.00150554761497694,"GWR"
-0.0206122590464796,-0.00153207261403785,"GWR"
-0.020454617254032,-0.00154501135275979,"GWR"
-0.0202504592167698,-0.00146223552295451,"GWR"
-0.0205604065656742,-0.00141467886766831,"GWR"
-0.0202103129252104,-0.00150601977973957,"GWR"
-0.02044921986759,-0.00140474897580096,"GWR"
-0.020279124619663,-0.00149532086209472,"GWR"
-0.0203459215661604,-0.00149111064529653,"GWR"
-0.0204120789397813,-0.00150512239670233,"GWR"
-0.0204093605633653,-0.00150050799592767,"GWR"
-0.0203273166997481,-0.00149562397727689,"GWR"
-0.0206848920090258,-0.00151904935237344,"GWR"
-0.020445055312138,-0.00148209957722904,"GWR"
-0.0203070388628968,-0.00148091404443804,"GWR"
-0.020210243994312,-0.001468466967767,"GWR"
-0.0202130721545043,-0.00147911278723159,"GWR"
-0.0202525720382234,-0.00148829577760404,"GWR"
-0.020300517777389,-0.00141614620952699,"GWR"
-0.0202226153014617,-0.00142172247078349,"GWR"
-0.020215079685353,-0.00145707140739542,"GWR"
-0.0205619888421408,-0.00127365472430565,"GWR"
-0.0204146299636843,-0.00127396764012912,"GWR"
-0.0201209514424827,-0.00146728489170243,"GWR"
-0.0199333629068567,-0.00143900965744974,"GWR"
-0.0197432777110201,-0.00122620107928631,"GWR"
-0.0190707870298478,-0.00174278174194872,"GWR"
-0.0208492471551521,-0.00143982697018001,"GWR"
-0.0207999289153564,-0.00172795460888781,"GWR"
-0.0214515665643838,-0.00205218113966176,"GWR"
-0.021126825694132,-0.0018868928289863,"GWR"
-0.0193411693481668,-0.00104595579429713,"GWR"
-0.0205835106701471,-0.000681177994958193,"GWR"
-0.0200181357006042,-0.000785156574496591,"GWR"
-0.0153786247661214,-0.0129372008001511,"GWR"
-0.0153731693222927,-0.0129130483578588,"GWR"
-0.0153833487712198,-0.0127607780728973,"GWR"
-0.0153912026286722,-0.0125452490607599,"GWR"
-0.0153892596534965,-0.0126538308243291,"GWR"
-0.0153868501439273,-0.0126331918139049,"GWR"
-0.0153901789002056,-0.0124902274209409,"GWR"
-0.0153824893449873,-0.0129157116967259,"GWR"
-0.015383849199588,-0.0129663462047541,"GWR"
-0.0153783614701993,-0.0130699956108699,"GWR"
-0.0153819503081442,-0.0130622969035643,"GWR"
-0.0153783880563965,-0.0132473274115899,"GWR"
-0.0153779675543253,-0.0131872581049612,"GWR"
-0.0153865346437448,-0.0130907790637881,"GWR"
-0.015390793186796,-0.0129932224246323,"GWR"
-0.0153864747339212,-0.0129506938282179,"GWR"
-0.0153922593405953,-0.0127941082813002,"GWR"
-0.0153859432041888,-0.0128996974857215,"GWR"
-0.0153849209098069,-0.0128461215388887,"GWR"
-0.0153874455774568,-0.0127638404365221,"GWR"
-0.0153882124818584,-0.0128486953039644,"GWR"
-0.0132160804653212,-0.00606354681888952,"GWR"
-0.0132478618977023,-0.00611642854468158,"GWR"
-0.0133653124036126,-0.00630390279263699,"GWR"
-0.0130847019078936,-0.00582993689684831,"GWR"
-0.013301581608983,-0.00614814373466157,"GWR"
-0.0159486688885309,-0.00949973336662615,"GWR"
-0.0155281791508904,-0.012450559104895,"GWR"
-0.0154117519424996,-0.0158638859390025,"GWR"
-0.0148639297467255,-0.00754840186333653,"GWR"
-0.0147347003300001,-0.00784211965270201,"GWR"
-0.0151475133882958,-0.00830390012191348,"GWR"
-0.0150096648768549,-0.00841028019076102,"GWR"
-0.0153215845793905,-0.0143580270844207,"GWR"
-0.0153099325487157,-0.0145564997724196,"GWR"
-0.0153391816053276,-0.0139792534496271,"GWR"
-0.0153197804637349,-0.0146298017876333,"GWR"
-0.0153062126123096,-0.0146921127585273,"GWR"
-0.0153325167665205,-0.014231408453551,"GWR"
-0.0153533155186428,-0.0137019077363003,"GWR"
-0.0153220070994998,-0.0143787605322297,"GWR"
-0.0153356296974243,-0.0141077747017237,"GWR"
-0.0153308768516537,-0.0141885506372074,"GWR"
-0.0153832226718089,-0.0132010538371047,"GWR"
-0.0154051630530064,-0.0133471305410241,"GWR"
-0.0153887821251479,-0.013315893476972,"GWR"
-0.0153833143290019,-0.0133689970683462,"GWR"
-0.0153270575159574,-0.0148760684943641,"GWR"
-0.0153635908178761,-0.0135171776054393,"GWR"
-0.0153716611118818,-0.013484815705922,"GWR"
-0.0153632375264645,-0.0138235820322901,"GWR"
-0.0153682826656111,-0.0133619298613225,"GWR"
-0.0153736529762933,-0.0132535189857297,"GWR"
-0.0143270279852677,-0.00714837763031713,"GWR"
-0.0142824188608491,-0.00728723808439895,"GWR"
-0.0141280660113216,-0.00711066482687484,"GWR"
-0.0153878965352076,-0.0117229963712548,"GWR"
-0.0153922307795898,-0.0118751974246422,"GWR"
-0.015389577257052,-0.0114570327713987,"GWR"
-0.0153943001662649,-0.0121179134567983,"GWR"
-0.0153854300917102,-0.0120030623002273,"GWR"
-0.0153964477041562,-0.0124106710381485,"GWR"
-0.0153922762051679,-0.012310216505328,"GWR"
-0.0153931005187737,-0.0124343635088737,"GWR"
-0.012749192605344,-0.00540658094807954,"GWR"
-0.0127913348831593,-0.00540684237209409,"GWR"
-0.0146083599106816,-0.00560006578040803,"GWR"
-0.0153742444075049,-0.0111907057970385,"GWR"
-0.0153772483910725,-0.0113568543043916,"GWR"
-0.0153691512650153,-0.0110233749327013,"GWR"
-0.0153517790567341,-0.0107457001073286,"GWR"
-0.0153773736347793,-0.011265471512075,"GWR"
-0.0153681897685279,-0.0109329972159818,"GWR"
-0.0153443400493532,-0.0105898150917773,"GWR"
-0.0154482476972095,-0.0133489666497622,"GWR"
-0.0137443874967358,-0.00657745996764956,"GWR"
-0.0137374933519943,-0.00667829349318566,"GWR"
-0.0151758315060476,-0.00901094917003492,"GWR"
-0.0152775378873423,-0.00936373611552095,"GWR"
-0.015327714492638,-0.0103247936387509,"GWR"
-0.015233205235563,-0.00938147889327951,"GWR"
-0.0152662005677557,-0.00964792727563475,"GWR"
-0.0165848359062434,-0.00179932987071668,"GWR"
-0.0167904342800091,-0.00179093442062211,"GWR"
-0.0166331080584142,-0.00179685100768722,"GWR"
-0.016645782389889,-0.00180578037029908,"GWR"
-0.0166133277219839,-0.00180198069959189,"GWR"
-0.0165834951692234,-0.00180527905573784,"GWR"
-0.0165922485634033,-0.00179437217725368,"GWR"
-0.0165629998163098,-0.00186796374280818,"GWR"
-0.0165623381169593,-0.00184940112849154,"GWR"
-0.0165932625259354,-0.00181083883174059,"GWR"
-0.0165650961567609,-0.0018277007433628,"GWR"
-0.0166534014958005,-0.00182173326727998,"GWR"
-0.0165324555365578,-0.00178769926047253,"GWR"
-0.0165504197228338,-0.0017824028177454,"GWR"
-0.0166120241321926,-0.00178704989593529,"GWR"
-0.0165933349259962,-0.00175902821132954,"GWR"
-0.0165208914662697,-0.00180491828210049,"GWR"
-0.0165111630532286,-0.0018157811596364,"GWR"
-0.0165435440652368,-0.00179637373425761,"GWR"
-0.0166105764063187,-0.00189080192479449,"GWR"
-0.0163697991424356,-0.00203346851451535,"GWR"
-0.0159496205574788,-0.00222615259928533,"GWR"
-0.0157371043848964,-0.00184254913500668,"GWR"
-0.0122524120931807,-0.00208443730011945,"GWR"
-0.0136282868792757,-0.00276766245301045,"GWR"
-0.0157090366086347,-0.00165349856595349,"GWR"
-0.0183161916442669,-0.00136774250139442,"GWR"
-0.0177230179414504,-0.001763646893512,"GWR"
-0.0105893656370312,-0.00188500698133315,"GWR"
-0.0105610047272144,-0.00189543095039961,"GWR"
-0.0105846301682346,-0.00186156387201101,"GWR"
-0.0105504313958165,-0.00191449953021904,"GWR"
-0.0105398231166785,-0.0019356275467975,"GWR"
-0.0105381968387867,-0.00193582312205153,"GWR"
-0.0105363798207216,-0.00193617243884735,"GWR"
-0.0105310397291809,-0.0019321678398651,"GWR"
-0.0105313271823147,-0.0019395322330596,"GWR"
-0.0105371022920758,-0.00194163170013687,"GWR"
-0.0105378276206227,-0.00193791774010019,"GWR"
-0.010534646595598,-0.00194702672334405,"GWR"
-0.0105372241641254,-0.0019251331034153,"GWR"
-0.0105368567081087,-0.00193410666206274,"GWR"
-0.0105385654499142,-0.00193202293341203,"GWR"
-0.0105378262108694,-0.00193010651320307,"GWR"
-0.0105349496536826,-0.00193022372290064,"GWR"
-0.0105420813130672,-0.00192087343356673,"GWR"
-0.0105387078126562,-0.00193373403620741,"GWR"
-0.0105416073022314,-0.00193014236697058,"GWR"
-0.0105414540498772,-0.00193301233397118,"GWR"
-0.010543370062581,-0.00192708233690016,"GWR"
-0.0105402541558069,-0.00193271093550917,"GWR"
-0.0105461574500715,-0.00192368413969572,"GWR"
-0.0105659057194821,-0.00183312338158995,"GWR"
-0.0104979157586053,-0.00194678378175677,"GWR"
-0.0105281195745429,-0.00187603488167313,"GWR"
-0.0108329025695873,-0.00268078593938698,"GWR"
-0.0106179597014471,-0.00239636188822999,"GWR"
-0.0105567504730078,-0.00225868747735026,"GWR"
-0.0105722764196682,-0.00179543886082285,"GWR"
-0.0105328019914725,-0.00216704998343855,"GWR"
-0.0105947228858873,-0.00202880293696815,"GWR"
-0.0104698693378687,-0.00212151395764544,"GWR"
-0.0184177536875852,-0.00162295057657904,"GWR"
-0.0183829656788403,-0.001645096774688,"GWR"
-0.0183823784301203,-0.00162008777118673,"GWR"
-0.0183250006674553,-0.00163376890895164,"GWR"
-0.0183602584092957,-0.00163488771804912,"GWR"
-0.0184375967011244,-0.00166236655049665,"GWR"
-0.0189285824746372,-0.00154714995379533,"GWR"
-0.0188092563528064,-0.00147850692286364,"GWR"
-0.0189620236823333,-0.00161197049181143,"GWR"
-0.0184019233605316,-0.00156021212210827,"GWR"
-0.0182499626036245,-0.00161118356432377,"GWR"
-0.0186490774740593,-0.00168315026685814,"GWR"
-0.018837647042641,-0.00142512868083762,"GWR"
-0.0188499870198793,-0.00145907840483633,"GWR"
-0.0184938748489898,-0.00144578843399754,"GWR"
-0.0111020727346643,-0.00322784384601503,"GWR"
-0.0111042964913918,-0.00323294529545606,"GWR"
-0.011117931621676,-0.00324996995664798,"GWR"
-0.0111068723796963,-0.00323768417743021,"GWR"
-0.0115691554635705,-0.00294874784569667,"GWR"
-0.0116950170361579,-0.00353990667902705,"GWR"
-0.0111743730031969,-0.0033303989375917,"GWR"
-0.0114551969267831,-0.00387310213050675,"GWR"
-0.0113022340573887,-0.00334292409705361,"GWR"
-0.021176572555217,-0.006175597622768,"GWR"
-0.0209087319023614,-0.00615695735273297,"GWR"
-0.020948229793183,-0.0061961284302028,"GWR"
-0.0210536472012237,-0.00617049179738826,"GWR"
-0.0211247141620606,-0.00615164101180651,"GWR"
-0.0213697525184395,-0.00608734016757153,"GWR"
-0.021315078468687,-0.0061392159094255,"GWR"
-0.0212424084458217,-0.00613644794083979,"GWR"
-0.0212650456164772,-0.0061540883414723,"GWR"
-0.0218061394092867,-0.0059384569218064,"GWR"
