"error_MLR","error_SVR","error_GWR"
-0.0578417375280361,-0.0268128169255004,-0.0290021105373142
-0.014251076755718,-0.00474651137927529,0.00441181957766595
-0.00181066979116673,-0.0034958830699075,0.00385802441297417
-0.0410553784808269,-0.0265703850987299,-0.017853352301562
-0.022477339306805,-0.00476462083367629,-0.00371871493004372
-0.00931400968970564,-0.00355462177054217,-0.00293190982294594
-0.00992437355336989,-0.00477228335519014,0.00104416300059124
-0.021272620004842,-0.00297836072159319,0.00258173756671864
-0.00520056422987453,-0.0047612341787881,-0.00707309227336511
-0.00156200830459091,0.00276288384985723,-0.00752417950675066
-0.0070418354911036,0.0145370541999774,0.00664308866971874
-0.00529632481050601,-0.0049945834373239,-0.00863690672998374
0.00435863919287127,-0.0131144015066427,-0.00955647804166837
0.055946654577799,0.0454498067089183,0.0511612270559716
-0.0631631709701944,-0.0501202789285852,-0.0610649217683313
-0.0118531558985336,-0.0031021715456625,-0.0112423638568707
0.0209448433114403,0.00475821742690391,0.0212298392980442
0.00428694405477986,0.0196412440549271,0.0166242016975212
0.0111629634292289,0.00704802928827153,0.0144885769658448
0.0152719857086003,0.00476860349576153,0.0155009376944444
-0.0168068273325785,0.0047624429156049,-0.00593380058451642
-0.0136128333958793,-0.00603076450345758,0.00111426291633004
-0.0115580627439033,0.00474687792287759,-0.000238240999228867
0.00930047378071597,0.0082011677294237,0.000164787807099165
-0.00607171237870824,-0.00862606737545119,-0.0132329017580098
0.00262198766639565,0.00594727124996158,-0.00649940448809949
0.000210312717982386,-0.00089517064537431,-0.00607331272905426
-0.00845959218433073,-0.00983201815034163,0.00300436287854172
0.0132423249717061,0.0078952864759339,0.0139792081833776
0.00327704319279765,0.000184867208122941,0.00528588176237438
0.00712467939384231,0.0134674725035535,-0.00508010797848846
0.0183491406654371,0.00545938877984875,0.00394475598513067
0.0515184138562306,0.0349681605892866,0.0415469253184992
-0.00260253659801452,0.00675274514139584,-0.00353261206796984
-0.014522293276755,-0.0047749835160496,-0.0163560223920583
-0.00629762395727684,-0.0041401653593296,-0.000154661423459546
0.0299970075825409,0.00476607929356737,0.0348742843446049
0.0368021699933957,0.0172789559904974,0.00359236435316534
0.00291858603900996,0.00605174854824131,-0.00600868436487884
-0.00770585033607896,-0.0102780871449073,-0.0131023518719652
-0.0103530219710846,-0.00745937314424955,-0.0104399267376119
-0.0535187931687864,-0.0369932111529057,-0.042502729988648
-0.00687203456892255,0.00476055310320961,-0.00178639349753479
-0.00993132908891758,-0.0098763045941499,0.00235940962972669
0.0319645579325597,0.0238108109580595,0.0366345625121915
-0.00667315311748662,-0.0132059668259958,-0.00644355786742512
0.082131591521511,0.0713543833908816,0.0620104519957482
-0.0139007189873472,-0.010226135892529,-0.00468399172396144
-0.0223202350247541,0.00476410967541296,-0.00873558873854041
-0.0549813228980852,-0.0159818323193594,-0.0309621393343451
-0.0337819321585864,-0.0287553625503456,-0.00275319600280988
-0.0172884844648745,-0.00474121251312254,0.019682074041655
0.00241986461851318,-0.00475992672161935,0.0085990414170708
-0.0492116389758107,-0.0601046719758033,-0.0402020901008373
-0.00339411327180328,0.00476363236487365,0.00753141911941568
0.0679295061642776,0.0170898021874507,0.0557797747587786
0.0314961548742435,0.0100265592976343,0.0388050411629667
-0.0391949923229899,0.000735016589607673,-0.018578366327082
-0.0260165747487177,0.00473780465337981,-0.0118836645700456
-0.0010971108020455,0.0056380117307655,0.0106007189841492
-0.0205742056033019,-0.00477281630153409,-0.00869482661190646
-0.0137190764423053,-0.039491143830904,-0.0129833071839417
-0.0209138653889912,-0.028557949460731,-0.0316730228236679
0.0113747211240619,0.00339000276525803,0.0215318645755863
0.0177466766265938,-0.0171170561137208,0.00273420381314604
-0.0316601795230406,-0.0401145491640172,-0.029912831213122
0.0241847912455437,0.000614874332675708,-0.00690855585907502
0.00756031746511909,0.0137953400974706,-0.0143726039118969
0.0224963828811569,0.0123734663358717,-0.000846090891892914
0.0310957374998347,0.00920357950010786,0.0158440320536435
-0.00490502020046768,-0.000748544979874755,-0.00333296118920301
-0.0338453949509544,-0.00601811934543417,-0.00472996416826593
-0.0252897221376365,-0.00213456391869993,0.0102455837748957
-0.0199304848454486,-0.000360758956957863,-0.000950579773261184
-0.0310041300208592,-0.031880067468373,-0.0262183940963471
-0.0265663204163642,-0.0172874380232377,0.00818006747044087
-0.0304232305629275,-0.0196719834070018,-0.00756511955906242
-0.047109007391006,-0.00474770600121688,-0.0213348825465529
0.0172439402583858,0.00473283791765677,0.0296341163372144
-0.000824849445445475,-0.00245794880167649,0.00674567613287241
-0.0254532029233987,-0.00474922158598595,-0.00689418532890212
-0.0195402566605531,-0.00476662921090437,-0.0041961170426072
-0.0114634903597154,-0.00477038641594063,-0.027298355208325
0.0197910418025636,0.00475799361293827,0.0271002695169654
-0.0200001463083134,-0.00443382526848013,0.0124209878409369
-0.0285241623236131,-0.00473584698748725,0.00221681029633458
-0.0343037620666002,0.00389902583005347,-0.00839994816635553
-0.00577049582695777,0.00473352535370647,0.000518412732569418
-0.0411805940349068,-0.0364702745069205,-0.0292000623213918
0.00405462325883921,0.00881820071114431,0.00529520745201312
-0.00913390612666587,0.00202206421546419,-7.95522351202949e-05
0.00265626392639501,0.00167089200498738,0.00616563859407687
0.00399535055977784,0.00473764049411929,0.00413866420463099
-0.00816320400011677,-0.00782669961088001,5.02586890281376e-05
0.033243982890971,0.0370244269775362,0.0342255703629554
0.000779985960578822,-0.00162642392454176,0.00545337465059875
0.0110452622824813,-0.00037611731487347,0.021458191656799
0.00707572988277821,0.00124912858281168,0.0142512848471913
-0.00418623912616323,-0.00474199865694974,0.00970093244421327
-0.0118640066923635,-0.00534816360393037,-0.0102909622035934
-0.0225836138640273,-0.0256441870778873,-0.015674201697693
0.00455157882820706,0.00219298858943051,0.0113252733196206
0.00120164962207187,-0.00259828571679827,0.00338394175594298
0.0189446379709536,0.0147890169511481,0.0369526319668118
-0.000877305816594676,-0.00480794017195996,-0.000982114700804504
0.026320894485501,0.0356008704593565,0.0351718819589765
-0.0393838056962912,-0.0380793547503246,-0.0306677660448594
-0.0304747792426417,-0.0147613505958974,-0.0171135780126647
-0.00530694319604874,0.004762179584544,0.00433531428617506
0.0926994302664462,0.00475673469017768,0.0465084041306583
0.0290238067037523,0.00474351118988459,-0.00454267579372702
0.105507662013963,0.0946224991824288,0.0664363187740906
-0.011826117161153,-0.00699222309646191,-0.0385038000810459
0.0301351388466587,0.0122185632812315,-0.00403575260234834
0.00254601252525255,0.00474300691286111,0.0279986711478304
0.0137039617180861,0.0143975585288858,0.021931849311533
0.0253348056029903,-0.00477117123591198,-0.00149594903357964
0.000136243195892172,-0.00476404902786942,-0.00873633172546984
-0.0412807202368902,-0.00477109528059416,-0.0260326791476443
0.0367805013906646,0.0258672711937044,-0.00616069076201786
-0.0255083517186918,-0.0192410858043299,-0.00959806856467499
-0.0364982344732164,-0.00477206111132517,0.0211551346254349
-0.0171654372385313,-0.0217744817278976,-0.0236926625149869
-0.0258179289668746,-0.00474367004863957,-0.00749164069835151
-0.0574133865916511,-0.0047557422570057,-0.00502393439280746
-0.00680889800171369,0.00434443476954649,-0.00461280616289439
-0.0616623194852792,-0.0221122856231231,-0.0173814326498489
-0.0301931977118667,-0.0185065489198468,-0.0198693066057346
-0.0308575374557182,-0.00473942554106277,-0.0144670066091782
-0.0324928923494247,-0.00474519338185575,-0.0207375462879815
0.0246313992636551,0.0151216510729876,0.0210169858276721
-0.0235484008860797,-0.0222480285839972,-0.013806428941969
-0.0263990029343011,-0.0279123922855358,-0.0211791915907891
-0.00588006563310939,0.000518716692901378,0.00648867013425003
0.00173128945257672,0.002396390114693,-0.00505010370378256
0.0106425631713813,0.0139211016020481,0.00691888962354098
0.0247113263579242,-0.0164441882985399,0.00468554468652743
-0.0208499291049289,-0.00474668472753137,0.00357642898762062
-0.0109431446182516,0.00476383505490557,-0.00649516658592009
-0.00509436171325478,-0.00475921862056305,0.0216977506063971
-0.00709769630041129,-0.00239241764862136,-0.00460581473142435
0.00351260090839756,-0.00477242111109383,-0.015706038752237
-0.0145092552727994,-0.00805808757874926,-0.0137243722844219
0.0342084949938262,-0.00475803564575156,0.00404429322662464
-0.0091576755382814,-0.00476061847909803,0.00308789209432997
0.0222163048339143,0.0234776610144983,0.0458059165393814
0.0170513258040127,0.0178335515783109,0.0195658949065052
0.0102384402265699,0.0047645032518816,0.0147117744004409
0.0316902565632682,0.0191083172682975,0.0311888970675966
0.00895280847654251,0.00475367326640336,0.0103916734450782
0.0140125968973618,0.00471894331742778,0.0172519972380717
0.00537816176790501,0.00372444047572318,0.00774695539037579
-0.0107965177104673,-0.00506470220078503,-0.00769807907671632
0.00843574875255765,0.00476934723224709,0.0145096960759427
-0.00277966836255628,-0.000752327916883344,-0.000195122228683509
-0.0061436459169989,0.00567394272871785,-0.00340273993071533
0.0140402256485623,0.0273748300200543,0.0175164545532277
0.0244976628627208,0.00475413089291565,0.0219048599942962
-0.0170225995456426,0.00394072345311475,-0.011602015200508
-0.0225895525039312,-0.0131484902227806,-0.0323736002213794
-0.0182837958415993,-0.0170316210159112,-0.0306329915509384
-0.0334287126686558,-0.00477113064710954,-0.0332181495020452
-0.0168037169407947,-0.00297531666436601,-0.0184046730797905
0.0128670521391562,0.00476457515392298,-0.0195610962472785
0.00401444318543565,-0.00119715198633563,-0.0137200058854429
0.0149727857591223,0.00939406034310347,-0.00376376334786976
0.0194263908071808,-0.0047707308093819,-0.0048300258794276
0.0298549373094353,0.00476847625714993,0.0146229713987091
-0.0117801337485161,-0.00475838730144978,-0.0173170879855215
0.0246411681223406,0.0103527256529248,0.00905433604060035
0.0701662113132833,0.0820818436937863,0.0408986149207236
-0.0175885643542386,0.00198599322752102,-0.0214678664226394
0.0742713364850255,0.00477223444254504,0.00610183249666518
0.0419064029887942,0.00474339807405166,0.014966398666187
0.0659877904158616,0.00694262747129593,0.0284182738389344
0.0362880596486046,0.0212876101594378,-0.00149325852056326
0.00976321986116058,0.00672437024493794,0.00193137477248301
0.00281138600477865,0.00332809984630683,-0.00682094644243919
-0.00649875386265725,-0.0127014233865172,-0.0112918595668423
0.017870306350884,-0.0027916981662387,0.00796557586446189
0.010063825122936,0.0109513767890765,0.00624886878629105
0.0668686380677287,0.062820144458449,0.051745971009365
0.0157335538223787,0.00952796367211245,0.00638578069430007
0.0102736150637208,0.00263382647104682,-0.00358487734433532
0.0405230886592282,0.0452035425874495,0.024138298647845
0.0110398489603424,0.00475140986605527,0.00970082601743832
0.0234378236644171,0.00989539699947556,0.00742678370960026
0.0236663898363721,0.00476935280407426,0.016577855662871
0.0171490928945123,0.00476122579077498,-0.0101223111870414
0.0159981446635463,0.00910113030082316,-0.00563305418222271
0.0367076877409879,0.033052934685634,0.0187514031702468
0.0128765996662045,-0.00477005110231349,0.0029537600502948
0.030863990581824,0.00699639867677032,0.0052114329488766
0.0111798123231352,-0.00552848100121939,-0.0131141412002444
0.0307843360662521,0.00514158317552837,0.0130415724581977
0.0340663029151604,-0.00474527809858877,-0.00272537801667772
0.032429395791487,-0.00477864587810994,-0.01567352774944
0.107191358122019,0.0682610692324612,0.0685547633889518
0.0193969322983914,0.00475631229610018,0.0164709624828775
-0.00358217917789244,-0.0110160456458848,0.00780062249105529
-0.0143721147689939,0.00198881360934194,-0.00717233642240228
0.0104709900440474,-0.00473629453683194,0.0054861563661282
0.00335260990692687,-0.00475083083213634,0.0101172160607338
-0.0207305395156533,-0.0161258694034256,-0.00667480702646384
-0.00743817010513725,-0.00475612952814386,0.00451054288202796
-0.00597779481926447,-0.00909815470241443,0.00160192165920003
-0.00881008920685966,0.00477098593256842,-0.00757343832150603
-0.0195263545620529,0.00477759642313186,-0.0215185071071202
0.0418964436163242,0.0224312732130691,0.0329743480655978
0.0145999181060877,-0.00476174227383813,0.0204246009010945
0.0217481640960885,0.0195324656152385,0.00627157105624904
0.00422786964695471,0.00602119215061503,0.0151694213491745
0.0271277640637417,0.0166695335105601,0.022819739174996
0.00119495908966083,-0.00475543633526054,0.00894312387737817
-0.00981713499019748,0.00155291959662957,-0.00405090674592823
0.000810894442228038,0.0169592083506631,-0.00384448042239544
-0.0110332310031128,0.00473573297200819,-0.017412051380388
0.00724630933118892,0.00475192539730013,0.00859961808716714
-0.0359293988372263,-0.0164454064950317,-0.0317341461298147
0.10196119227498,0.0827527349656179,0.0917422232241553
-0.0199723645359234,-0.00817049930446279,-0.0200837937768057
0.0285496377887412,0.0232012398835166,0.0245739298709756
0.0455758876640692,0.0190947361826739,0.0142621625147278
0.0167646663305905,-0.000455063345665807,-0.00157617661476939
0.0371525110997701,0.0161811207028049,0.00618483823092741
0.05791955545054,0.0212573642547327,0.0238438127374175
0.0346981137737051,0.00373187456310048,0.013484300513977
0.0156377233789574,-0.00348863128231297,-0.00544165596650453
0.0408907499702077,0.0153422683465794,0.0213384629768154
0.0063284026544399,0.0218047739825412,-0.00234802308692522
-0.0262810791496428,-0.0264597214517334,-0.0280761006971714
0.00765267881143333,0.00476124842272957,0.00921974521652785
0.0236543622800289,0.0183078327170151,0.0105380204771214
0.0393561862856083,0.0359325058924792,0.0225127711934979
0.0313107137623449,0.0222068236633465,0.0194058638701546
0.0178434312012689,0.00990563627484525,0.00875984774958782
-0.0124791218266372,-0.018567895764706,-0.0217614431756988
0.0883895763390549,0.0647199845894826,0.0474319959643893
0.00931963380545486,0.00558189194453418,0.00764027877371098
0.00833619458901325,0.00475835757485077,0.00496481661573489
-0.0444117072323417,-0.0283161731293184,-0.0406136144322064
0.006244171588211,0.0148891587376197,0.00138671426782078
0.0136034351036918,0.0310406277024959,0.00932031354208884
0.00408996159514985,0.00473492912968099,0.000738294023888808
-0.0184836116111929,-0.00474191081170922,-0.00397898093010102
-0.0089263200762848,-0.00474526088619465,-0.00386011864086144
-0.0184770188900178,0.0047656391266862,-0.0176963816282816
-0.0281556902666698,-0.00475374853693655,-0.0152410212330896
-0.0308284674052801,-0.0247740866574012,-0.0143141217753371
-0.00496436429054031,0.0105623624864139,0.00388607228472532
-0.0343891864903008,-0.0194571939228956,-0.0199515428019022
-0.00851284015617065,-0.00632861063427065,-0.00690040957986465
-0.0100832085460606,-0.00558364090184305,0.00944418825993198
-0.0294171349732893,-0.00821389231748676,-0.0172450964651116
-0.010378621819164,-0.00476844868244419,0.0126512431491332
-0.0280615841181578,-0.0205050959255187,-0.0320126963327988
-0.0136474806353342,-0.0203529667551304,-0.0122786875313317
0.00490391273820368,0.00361623409034251,-0.000803546113588571
-0.0158911416290105,-0.0164828641875899,-0.00523257696273871
0.0133869388086229,0.00752650392437504,0.0179725099957854
-0.000669406834062691,-0.000496185098272761,0.00515568476446093
-0.0410842857855845,-0.0420473525369054,-0.0315072561929779
0.00958371176461914,-0.00496682545252086,0.0111032444617411
0.0145174243568353,0.0107276533025836,0.0155840646516902
0.00210782796717424,-0.00474818481399691,0.00316377521500466
0.0430289132674359,0.0367011001754516,0.0274009161557933
0.0425617868626672,0.00475541868181972,0.00934466860786043
0.029294759044279,0.0331342546839897,0.00835952417133601
0.0514009323267692,0.0111511947955373,0.0170880680171107
0.0326360164219874,0.0214216198823534,0.0183936298914272
-0.0270818996673734,0.00477196424420623,0.00692127369362872
-0.0130092872733872,-0.000753578518571385,-0.029812356860173
-0.00978525993651819,0.00476284701936014,-0.0267686738366594
-0.00121421016361484,-0.00474077528175931,-0.00743705044524523
0.0117661196758014,0.00381838598208689,-0.0159119684434794
0.0150098604040254,0.00475770077540871,-0.00832592233254587
0.0332287976247367,0.00476217393265022,0.020307456042027
-0.00331044201184749,0.00475163986218352,-0.00867053661298184
0.00952497095685156,0.0173808783191154,-0.00136975658365696
0.0356627872057965,0.00476112069450124,0.0091069399787137
0.00406143758923672,0.00476985272186126,-0.00189733824867555
-0.0195902745946872,-0.00737961240143042,-0.0348890752516004
0.0144084271019584,0.00586640458573656,0.0122188963408228
0.0190855822253883,0.0110311607622543,0.014329407961325
-0.00835773080604169,-0.00475660720427307,-0.020808631261945
0.0191879194661749,0.0108149559760012,0.00705965354884275
0.0208440311562616,-0.00475928618546412,0.00509620668929989
0.00977802852616649,0.00476012045183349,-0.0120769916600222
0.0417978247147543,-0.00415176879317891,0.0199427633214831
0.0119894927571811,0.0100554079536369,-0.00504103995422739
0.0377458174125102,0.0271278260732567,0.015818536081598
0.0156279468287561,0.025157215838465,-0.00710150137301591
0.0104091180247378,0.0108870463771037,0.0087995107556344
-0.0215736023280394,-0.00475032413746618,-0.0165361897799717
-0.0086309047689862,-0.00474652672317138,-0.000587316126053616
0.0402742176683237,0.0404456292905957,0.0263445979375999
0.0108453815958448,0.0230932917032977,-1.43705167937047e-05
-0.0269111720650489,-0.0189438760786991,-0.0286370463580495
0.00536398162364854,0.00452733635720881,-0.0074805257495516
-0.0418818347886063,-0.0513917596535107,-0.012277949181504
-0.0323067158967024,-0.0299932549371517,-0.0193986244888698
-0.0549929393316203,-0.052023560874081,-0.0390449913984898
-0.0427680211282421,-0.0586599075438635,-0.029900312815382
0.0130419347023564,0.0101039918743081,0.0173231977443967
-0.0488569449375759,-0.0484575447649855,-0.0270862314495913
-0.00899913326501811,-0.00532249018060432,0.00420371923595009
-0.0188218975285833,-0.0165050973840886,-0.00367448460377612
-0.0165138257784238,-0.0178757095439151,-0.00564273327522063
-0.0221884712821491,-0.0220919088435447,-0.00578970905922899
-0.012019812967847,-0.00595918506150134,0.00054227534118334
-0.00692700077755287,-0.00476688017638166,-0.000818832119947099
-0.0189824367360228,-0.0146150424439883,-0.00632748753831502
-0.00497780110967516,-0.004771084106164,0.00892741970725841
0.00553829115999199,0.00477520019658523,0.0229305915348436
0.0319825834221245,0.00475964169511472,0.0307936085408346
-0.0374649928954836,-0.00476479731045504,-0.0388182932257636
-0.0512189158551242,-0.0542910295109212,-0.0495239800046867
-0.0279363642501316,-0.0172908086932167,-0.0284559404168336
-0.0298867655615877,-0.0280024478465387,-0.0307772101465605
-0.0246603948730528,-0.0473727900516107,-0.0310659583964294
0.0402419525740201,0.00475798593672694,0.0342164867635063
0.0399381201335098,0.00474898730170664,0.0339253228312635
-0.0085353357536781,-0.0238147170643099,-0.0139382920449633
-0.0764595772080929,-0.0601525707940365,-0.0365223054456694
-0.0199332495735054,0.00476920134694053,-0.00237520026966231
-0.0549009200561985,-0.030573989749077,0.00531716877227867
-0.0392138057227109,-0.00477485669529637,0.00872095105228782
-0.0694768120256166,-0.0428354271635383,-0.0423063472273663
-0.0855289731999249,-0.0591552735890284,-0.0522733232347293
-0.105264710849987,-0.082537063989967,-0.0805426595895775
-0.0727948988657869,-0.0447025456082926,-0.0454217591727088
-0.104538118381056,-0.0463126085355556,-0.0323501929601863
-0.0265018988087685,0.00475510929425466,0.0267089050210469
