"level","unit","qv_base","qv_augmented","delta","delta_pct","sig_base","sig_augmented"
"variable","V1",0.262705248323149,0.618819335656491,0.356114087333342,135.556518039294,9.49798351079778e-10,2.73750355717084e-10
"variable","V2",0.222102216918619,0.619070058645155,0.396967841726536,178.732048348707,9.10600403969397e-08,4.79916995033136e-10
"variable","V3",0.2201282585899,0.580151195905619,0.360022937315718,163.551440247589,1.69430439678209e-08,9.05490127323105e-10
"variable","V4",0.147842733643737,0.442738234663936,0.2948955010202,199.465671225224,1.5901487571135e-07,4.39778324867746e-10
"variable","V5",0.173615237253601,0.515175807589296,0.341560570335695,196.734212813806,1.05096342739586e-09,5.89400972472731e-10
"variable","V6",0.232766661109688,0.565116058703399,0.33234939759371,142.782216323108,1.98107530380298e-10,6.94806878698273e-10
"category","C1",0.357479070612737,0.70607317457801,0.348594103965273,97.5145491364752,1.68532632294216e-10,8.31257285227593e-10
"category","C2",0.325104492835785,0.612767904064463,0.287663411228679,88.4833699834415,6.91233070782005e-10,3.09032244238949e-10
"category","C3",0.524413580551167,0.644515961411444,0.120102380860277,22.9022255171285,8.05709166051827e-10,6.47638165318654e-10
