"y","pH_b9t0.9","pH_b9t0.7","NDVI_b9t0.1","pH_b3t0.9","NDVI_b5t0.1","NDVI_b7t0.4","pH_b1t1","Water_b9t1","Road_b9t0.8","SOC_b9t1"
5.40717177146012,5.5765483327,5.4321658496,1.5458940696,5.5755399012,1.5222531259,1.6917150026,5.430136386,20.70843918,10.722772154,0.908465229
4.51085950651685,5.622076314,5.529646806,1.491575448,5.583481898,1.4988689174,1.7185687642,5.440211019,22.57732096,6.548800663,0.920245399
5.30330490805908,5.5834668087,5.4716684438,1.5289260013,5.616147258,1.5478634072,1.693391128,5.532342776,22.24636885,6.5332004168,0.899225249
6.0330862217988,5.6459137728,5.5499383948,1.481649548,5.40226938,1.4246248524,1.6669214662,5.427874584,21.46693735,10.058918644,0.920245399
5.72031177660741,5.7100974014,5.6461657784,1.4395810744,5.7224472498,1.3848187892,1.6007101942,5.59240283,18.93408891,22.054107764,1.035506161
4.39444915467244,5.6921935925,5.6296762598,1.4358538938,5.7342484926,1.400503836,1.6096997424,5.639540635,19.93544559,24.966028478,1.035506161
4.62497281328427,5.6924919189,5.6427305821,1.4494033159,5.6879838254,1.4321743923,1.656355426,5.634313005,20.33006841,29.01467401,0.889942378
5.47646355193151,5.6328882116,5.5589165498,1.4982640754,5.54418058,1.5392790986,1.8528275532,5.349063939,23.99977714,7.2787893018,0.920245399
4.7361984483945,5.6922590903,5.5713599942,1.459447961,5.759236778,1.4240593646,1.6511769376,5.719257991,22.89220282,14.635149226,1.035506161
5.03043792139244,5.6542464682,5.5761210232,1.4936127056,5.7601147205,1.418381586,1.6774211886,5.71927456,23.99977714,11.467934688,1.035506161
5.51745289646471,5.5820034505,5.476867423,1.5864409205,5.373512914,1.5388780122,1.8258405458,5.376219198,22.82014503,10.05049307,0.91376975
3.78418963391826,5.6028042997,5.5152452587,1.5479569162,5.6238791686,1.5395217508,1.8275077236,5.616712716,23.99977714,6.2151752784,0.920245399
4.77912349311153,5.7094211233,5.6204817187,1.4402627796,5.7295185184,1.4871572784,1.6178525152,5.759269049,21.77118148,19.869913286,1.035506161
5.75574221358691,5.689322412,5.6051395015,1.4465071135,5.7078236344,1.4308532945,1.619486616,5.716443276,22.28061419,25.39412692,1.035506161
5.32787616878958,5.704252239,5.6389524878,1.4793885998,5.6755769912,1.4357527032,1.6982512834,5.675654806,22.28061419,29.767211442,0.843861814
4.61512051684126,5.6409221381,5.5437489821,1.6019564332,5.6227046374,1.7076725766,2.1147462864,5.650450905,23.99977714,6.0835262046,0.920245399
4.89034912822175,5.6713688798,5.5957600662,1.5464267946,5.6539946794,1.5359599976,1.8088823382,5.654008714,23.99977714,11.921582458,1.035506161
5.43372200355424,5.6743361262,5.5798897484,1.4978156448,5.6552505867,1.5403851697,1.7890376536,5.502909256,23.99977714,14.997258286,1.035506161
4.84418708645859,5.6751369556,5.5901873333,1.5609685618,5.552048079,1.687839876,2.0537487808,5.429604343,23.99977714,7.79781104,0.920245399
4.68213122712422,5.598102493,5.4600594914,1.4377886108,5.4392692362,1.549460199,1.6742668078,5.310357974,13.78138119,20.984934318,0.947686556
4.04305126783455,5.5752947375,5.4690410599,1.6824928003,5.3581162324,1.621161161,1.9343287738,5.42517262,22.19972242,11.31947196,0.91376975
5.2257466737132,5.5927426818,5.4985043368,1.6622173828,5.5890090406,1.6131071266,2.0314657954,5.643320735,23.99977714,7.6664528574,0.91376975
5.19849703126583,5.7317879956,5.6092863744,1.5098134248,5.6853804672,1.5191867182,1.7323356384,5.550919726,22.28061419,23.022712306,1.035506161
3.29583686600433,5.6729418001,5.5895345156,1.7262476554,5.5890090406,1.979766411,2.1860858718,5.545843323,23.99977714,6.1418831712,0.91376975
3.55534806148941,5.5340035195,5.424454091,1.4451636695,5.503470999,1.490056948,1.636962344,5.363369889,16.63200171,20.12415281,0.947686556
4.60517018598809,5.7239730202,5.6228865738,1.4989276918,5.636142921,1.4978923143,1.6796525814,5.55519284,22.28061419,28.833936394,0.836844595
5.59098698051086,5.7176782392,5.619061494,1.5257822594,5.6741098265,1.497401746,1.666435899,5.69013033,22.28061419,26.795430296,1.021061266
3.58351893845611,5.5315093564,5.4004587928,1.49856809,5.44724983,1.4979006585,1.7154717134,5.321301359,16.17030258,19.942839904,0.947686556
4.27666611901606,5.662813398,5.552160012,1.810811594,5.5588166122,1.8679477753,2.1327011422,5.528639403,23.99977714,6.934086412,0.91376975
3.8286413964891,5.681495633,5.606850996,1.681380222,5.692039366,1.855531166,2.1456924468,5.645219453,23.99977714,8.883125474,0.920245399
4.60517018598809,5.7062731538,5.6294947574,1.6295656264,5.6836439062,1.6667378516,1.9226506678,5.770769121,23.99977714,12.97063821,1.035506161
5.01727983681492,5.7708502033,5.6435023959,1.6126738452,5.603318016,1.6124167776,1.879246036,5.709644785,23.99977714,16.503247772,1.035506161
4.38202663467388,5.7008897633,5.5993695051,1.4953019271,5.7589535588,1.4133137082,1.7282292488,5.463235238,13.63897671,8.3932264934,1.045733167
4.24849524204936,5.78038486,5.634179635,1.592569139,5.875740925,1.5928474,1.878351934,5.808003786,22.28061419,21.44811875,1.035506161
3.76120011569356,5.7817150553,5.6458207429,1.6316252075,5.8015146598,1.7540783215,1.9638109208,5.588640448,23.69361369,17.871803358,1.035506161
3.87120101090789,5.7008466096,5.6347421472,1.7039527558,5.7232248414,1.7646254452,2.1023930154,5.788172871,23.99977714,10.26215728,0.866586284
4.7361984483945,5.7327423324,5.6277914116,1.4286632223,5.6671887168,1.5430993521,1.6384101058,5.37850285,22.28061419,28.26416034,0.8871953
3.36729582998647,5.7029922948,5.6320246982,1.7861455072,5.7040737472,2.0048441314,2.203233995,5.699363102,23.99977714,6.5909105062,0.91376975
3.09104245335832,5.7046511862,5.6099002182,1.8610629534,5.5440334218,1.982440847,2.2202700872,5.458497212,23.99977714,6.3121514,0.91376975
3.73766961828337,5.6267139009,5.4953432739,1.8975632737,5.647007058,1.9254552508,2.1406141168,5.68612415,22.46614607,9.815328781,0.91376975
5.27811465923052,5.531717169,5.4427206092,1.450542472,5.5335189734,1.4349014495,1.58299676,5.522056843,22.02011456,19.07400787,0.921833611
3.73766961828337,5.5415850176,5.4511705128,1.4728123362,5.5173698252,1.493811134,1.607194124,5.534459899,21.28144509,17.593697706,1.045733167
3.73766961828337,5.5255341478,5.4265285539,1.4645396929,5.4309115768,1.4110627106,1.5926266326,5.424591149,21.25352121,19.27939532,0.921833611
4.80402104473326,5.7289857978,5.64653105,1.6800390789,5.672709401,1.7735313246,1.9707268258,5.567526665,23.99977714,14.104035418,0.947845634
5.50125821054473,5.5172028414,5.3931961197,1.4808426597,5.5586764964,1.4315428307,1.6946130604,5.592471764,20.72577291,19.023546086,0.921833611
3.66356164612965,5.5505030442,5.459140913,1.4867759894,5.5289424685,1.512548845,1.6381374936,5.405893014,20.50041599,15.403276808,1.045733167
4.35670882668959,5.7834610414,5.6436425294,1.5505791266,5.492230288,1.5861208394,1.7543792518,5.394663463,22.28061419,26.903226966,0.947845634
4.64439089914137,5.682714541,5.565129796,1.511300256,5.6028485826,1.5104557422,1.67932797,5.676191863,16.09271531,10.98540615,1.045733167
4.95582705760126,5.72878753,5.6107263011,1.419554553,5.692515628,1.3320342938,1.590393872,5.574257348,20.23024053,28.416750448,0.827941536
3.49650756146648,5.7876329244,5.6392919445,1.6955486675,5.8899271562,1.810129663,2.0319974764,5.905156147,22.6094192,18.89754799,0.947845634
4.40671924726425,5.5314432761,5.431133709,1.4815835298,5.512917757,1.5222578492,1.6034565044,5.592511852,22.88027219,17.746001344,1.045733167
4.70953020131233,5.7833643458,5.6371833668,1.5622712754,5.5484509718,1.591278031,1.7856523106,5.365950358,22.28061419,26.702860292,0.947845634
4.62497281328427,5.517609885,5.414494391,1.463074358,5.409386156,1.417131379,1.598828141,5.342426128,24.76928557,18.8594874,0.921833611
4.89034912822175,5.6817240188,5.5736502526,1.5530882032,5.7070530318,1.5590552768,1.767429541,5.614810981,16.10489061,12.419486242,1.045733167
3.52636052461616,5.725164114,5.6535523203,1.8086885766,5.7060257055,1.9162792792,2.245071037,5.70205163,22.80629178,6.264250827,0.894274206
4.70048036579242,5.7303882595,5.666159526,1.7619091605,5.70309899,1.619895662,1.9961967488,5.571123875,23.99977714,11.71225904,0.866586284
3.76120011569356,5.7285240098,5.5730932382,1.4283744254,5.7359844438,1.3970878466,1.6305485622,5.631801367,22.28061419,27.378937414,0.900972261
4.24849524204936,5.7283153733,5.6628477469,1.7245263349,5.727460321,1.7870883206,2.1327076524,5.721051016,23.41321335,7.2595015954,0.870249423
5.26269018890489,5.7226821858,5.5690022934,1.40941051,5.7858910194,1.3364816745,1.583926087,5.665345771,22.28061419,27.58937061,0.900972261
3.61091791264422,5.7060657614,5.5426216122,1.843193891,5.6544774215,1.999276029,2.202869924,5.448534815,24.25993905,8.075464775,0.904479165
4.8283137373023,5.7238523383,5.5894795774,1.4099478947,5.6686859168,1.2973933596,1.5698940772,5.627537545,21.09228631,27.594516508,0.875763362
4.99043258677874,5.5095561666,5.4101594804,1.451775237,5.4959932356,1.4469589135,1.5795717308,5.511640797,25.63084395,18.817904082,0.921833611
3.73766961828337,5.7405404715,5.664599906,1.7520477945,5.5673490964,1.6251282695,1.9934701596,5.436586425,22.7375066,14.92360345,0.947845634
4.68213122712422,5.6856324525,5.590194429,1.5724710345,5.7072437325,1.646446973,1.9313482742,5.746452027,12.82785999,13.392871096,1.045733167
4.59511985013459,5.665372247,5.5232200546,1.524007428,5.6693115038,1.5722465006,1.6738064362,5.495261832,18.86592045,14.33281755,1.045733167
4.02535169073515,5.5101616086,5.4065404889,1.4791653195,5.5209339756,1.424330179,1.6650137086,5.488939553,25.62948598,18.41606274,0.921833611
4.17438726989564,5.7861211516,5.6059944564,1.729951769,5.855660556,1.834191492,2.055171373,5.855329636,21.52492246,23.699071908,0.947845634
4.60517018598809,5.5994137975,5.4554145429,1.5058483889,5.5527323731,1.536271869,1.642008833,5.609116767,21.47833444,16.183777356,1.045733167
3.73766961828337,5.756136971,5.583965283,1.551951748,5.6096144632,1.6403163366,1.8383375846,5.542663237,22.28061419,26.52393284,0.901782384
5.6970934865054,5.6780288996,5.5973717268,1.5340370358,5.6424373798,1.763378687,2.0817869906,5.670622377,10.98058207,16.193131408,0.951386028
3.98898404656427,5.7561388705,5.6549909345,1.754204348,5.6783303205,1.6252885765,2.0435249086,5.750441074,19.91503048,16.1186579,0.947845634
5.25227342804663,5.666007477,5.5573835875,1.5847815,5.688350869,1.5837670434,1.769058812,5.683197309,18.20802558,15.96006496,1.045733167
4.0943445622221,5.7867340319,5.6113196903,1.7761408993,5.7553492584,1.8541590377,2.071204433,5.640932137,19.98525681,24.671366152,0.947845634
4.59511985013459,5.6233325331,5.553605056,1.4235436683,5.659887428,1.4798927036,1.6596964738,5.710720066,19.34932313,22.697377818,0.841390438
5.08759633523238,5.766956728,5.683176452,1.701819411,5.700057102,1.6251282695,1.974350659,5.410726716,21.03902149,13.11355042,0.879975383
4.00733318523247,5.7561400102,5.5882496776,1.7630208494,5.6746530828,1.9601162628,2.0857861774,5.539170316,18.41087678,19.902111712,0.947845634
5.14166355650266,5.6967896922,5.5465335004,1.4600361178,5.724463127,1.4501330024,1.68242154,5.769269632,21.70215154,26.706068348,0.900972261
3.71357206670431,5.7774196672,5.6929669115,1.7406929312,5.7912293938,1.7844493388,2.1017843536,5.727280149,23.87342075,6.4858636272,0.879686198
3.95124371858143,5.654208847,5.4959395871,1.7106585993,5.6913122035,1.7246730395,2.018623194,5.960056663,27.79621782,10.567816634,0.904479165
4.24849524204936,5.7735760562,5.694503253,1.7019292366,5.8129636241,1.6359982144,1.93032304,5.866989635,21.83244851,9.9398301184,0.879975383
5.75890177387728,5.5634525376,5.4440009374,1.580239518,5.506373944,1.6089844845,1.9189901212,5.336256917,28.67959613,14.542808562,0.921833611
3.2188758248682,5.7457313264,5.6473405708,1.7464981076,5.5597125259,1.8960404271,2.132970993,5.489769232,26.35564843,6.906958808,0.904479165
4.18965474202643,5.535666432,5.433867843,1.46793784,5.377085572,1.4790588918,1.655404889,5.455891626,28.22301684,18.53321375,0.921833611
4.04305126783455,5.6321409289,5.5137879328,1.5218947483,5.6219243916,1.572531843,1.686676317,5.484973816,21.07605813,17.870762488,0.987806182
5.52942908751142,5.5233787963,5.4066926166,1.4475093338,5.4907512359,1.4562977704,1.579065933,5.36130438,27.90670576,18.875823938,0.921833611
4.7361984483945,5.5236737549,5.4178992306,1.4739114994,5.4551872608,1.4222898776,1.579022556,5.452457529,27.38362253,19.023322838,0.904783107
4.72738781871234,5.5479737826,5.4255253603,1.4879851511,5.3488366667,1.43503533,1.623716535,5.321118715,25.00812578,19.109218138,0.936481867
5.01727983681492,5.665011872,5.553704714,1.419355187,5.54897387,1.3733590354,1.5961210552,5.589357952,19.37844625,24.72606634,0.900972261
4.58496747867057,5.6654120579,5.5413764446,1.4225808113,5.6132617104,1.3816235128,1.589282609,5.628743352,20.00467101,26.281053882,0.900972261
4.40671924726425,5.5580455196,5.455938224,1.4916228518,5.456485507,1.5767307307,1.7665943424,5.312060356,28.67959613,17.789389034,0.921833611
4.79579054559674,5.666720372,5.5884867236,1.6112080022,5.5606413946,1.631555289,1.8742879798,5.415121361,18.22978633,18.832736176,0.951386028
3.97029191355212,5.6679077379,5.5252149967,1.6394363167,5.6335133055,1.7791056825,1.963375652,5.544042215,18.73763533,26.372104978,0.901782384
4.86753445045558,5.6734102966,5.606655418,1.6668972272,5.6629546447,1.7023784146,2.0665767774,5.681777954,16.03583856,19.837220762,0.951386028
5.03695260241363,5.6334742718,5.5130785831,1.4653194014,5.5856507895,1.5006260865,1.7309978694,5.558804028,19.75597831,26.403035948,0.900972261
4.40671924726425,5.7793443036,5.6982324992,1.6941953874,5.8518227758,1.683338326,1.9261892164,5.845507257,21.38000986,11.08070063,0.879975383
4.49980967033027,5.6235133644,5.5213995498,1.4377235195,5.6248824622,1.4184664492,1.6111879494,5.65588692,19.37844625,25.562944156,0.900972261
3.36729582998647,5.6522801174,5.5178141982,1.8319398494,5.574648935,1.9090959136,2.0874082522,5.575080771,14.25604892,21.10719703,0.901782384
4.20469261939097,5.6477952212,5.5018943126,1.7970386856,5.6365178265,1.8853132281,2.0202299656,5.467511898,15.64318954,26.02106353,0.901782384
4.15888308335967,5.7734811052,5.6727333221,1.7006435873,5.7584263862,1.769471951,1.958593798,5.741232195,17.56382879,15.079689502,0.879975383
4.35670882668959,5.741232195,5.552269672,1.768574461,5.6133023496,1.8855208514,2.010419206,5.532837945,15.08156635,18.34359454,0.901782384
3.93182563272433,5.7871253998,5.7031210233,1.7215907847,5.7704546194,1.7168433302,1.9944659998,5.7385312,24.25993905,7.83412016,0.877586943
4.62497281328427,5.609801316,5.4675857887,1.6024480623,5.6227656207,1.621433071,1.844880557,5.49829304,28.67959613,11.651859372,0.921833611
4.34380542185368,5.7189524336,5.5391375068,1.6156421651,5.617699268,1.65979059,1.9091621946,5.492730131,28.67959613,8.49797647,0.904479165
3.98898404656427,5.5612393672,5.4408385109,1.4874289853,5.5852922688,1.548237818,1.705188235,5.551439962,28.67959613,18.414957086,0.921833611
3.73766961828337,5.7715998704,5.6634950831,1.6540597466,5.7101013578,1.7941095648,1.9888077086,5.55175562,27.30987098,6.1832117566,0.888506577
4.78749174278205,5.6126029968,5.5394748958,1.4460635866,5.5779396076,1.4679405147,1.6567920576,5.5213314,19.34932313,21.568015622,0.870588894
4.18965474202643,5.5669672351,5.4537226833,1.5564157013,5.4409774798,1.6703635466,1.80144399,5.423825346,28.67959613,15.190830888,0.921833611
4.98360662170834,5.6061600226,5.4931560222,1.5075920312,5.5087744578,1.4024686774,1.623710315,5.508938613,26.06683531,19.795368628,0.936481867
4.47733681447821,5.6380373326,5.535500831,1.5230753378,5.4607205662,1.5682783056,1.718156522,5.324781684,23.13654978,20.291010484,0.951386028
4.02535169073515,5.6171777992,5.548375369,1.4670442938,5.583297016,1.57364721,1.6712769022,5.537368453,19.55371859,18.706231526,0.825019899
4.78749174278205,5.5917703645,5.4592935205,1.4708852515,5.5842885586,1.4963976365,1.627476504,5.554648615,28.34370006,18.83177671,0.911064342
5.71702770140622,5.6779615329,5.6141610089,1.8061420459,5.7013034762,2.0579403442,2.2820532314,5.716386851,12.41925493,19.837220762,0.951386028
4.77068462446567,5.6298631707,5.5204197118,1.4901897353,5.4537862346,1.3861486536,1.611091921,5.493124353,27.90670576,19.395911948,0.892725551
4.9416424226093,5.6550748026,5.5940369458,1.6015412868,5.51399606,1.6502082524,1.8976772476,5.434339176,20.78111287,21.168576338,0.951386028
4.65396035015752,5.5827048778,5.4960539602,1.4729237292,5.581301863,1.4835271896,1.6420420404,5.51401017,19.34932313,24.459296064,0.900972261
3.89182029811063,5.6132268556,5.5407231148,1.4992421946,5.5756858493,1.4825768269,1.7016595912,5.501708448,19.79010639,19.412876272,0.834380729
4.38202663467388,5.6371813841,5.5273314145,1.4846096219,5.6401726984,1.5021798185,1.6511703524,5.686987507,28.34370006,18.815928298,0.893898211
5.15329159449778,5.7687279505,5.6361292365,1.7575933645,5.8435664281,1.8042361738,1.992737602,5.623656258,16.522518,16.19206032,0.900382024
4.35670882668959,5.7817862472,5.6816665626,1.7348068472,5.8712381051,1.6823678885,1.9345522078,5.888109598,19.93451499,13.03168071,0.900382024
4.8283137373023,5.784984427,5.687809901,1.6385674335,5.7808790011,1.6467465016,1.9310487314,5.774486363,23.86921323,9.525071204,0.900382024
4.57471097850338,5.6319378766,5.5531445008,1.5610041084,5.6615779605,1.6460347261,1.816018658,5.598883373,23.69887807,20.966338546,0.951386028
4.04305126783455,5.6237554772,5.5507439196,1.4893951677,5.6343258385,1.534494116,1.7011462404,5.661957059,20.65836425,16.51669231,0.825019899
3.61091791264422,5.6126450044,5.4880463358,1.5507527694,5.528755751,1.566354927,1.760229156,5.382062084,28.67959613,13.996594182,0.908098932
4.9416424226093,5.6961508067,5.4803426701,1.8376306999,5.54690729,1.8727263972,2.036532762,5.460575637,12.27946706,20.451579422,0.901782384
5.7037824746562,5.6172568214,5.4821879288,1.537357139,5.627129443,1.5468683406,1.734663711,5.688738039,28.67959613,16.28460815,0.893898211
4.66343909411207,5.6571401283,5.561920243,1.4874056098,5.5054056338,1.4575137305,1.6519620116,5.36891719,27.9222624,19.436823524,0.892725551
3.8286413964891,5.7461113059,5.6370578058,1.5314355243,5.7843998308,1.594446525,1.8303655996,5.741220775,27.85941906,6.3900963128,0.88618617
4.98360662170834,5.7195295581,5.5610845128,1.5141358867,5.7180284772,1.5441393252,1.7498402604,5.784681559,28.67959613,6.2451408644,0.893898211
3.49650756146648,5.5328135222,5.4445859566,1.8693171378,5.394926824,1.8376091215,2.037053064,5.449071078,9.314052547,24.468314044,0.901782384
4.80402104473326,5.577657733,5.478998873,1.527833619,5.576511714,1.5290178488,1.8085204682,5.498395351,19.34932313,26.22577069,0.900972261
5.15329159449778,5.6480479441,5.4825121361,1.5325190367,5.6647455594,1.5503502401,1.7466233588,5.46190889,28.67959613,9.4090004062,0.893898211
3.04452243772342,5.5618499494,5.4579091286,1.5551872622,5.4276357618,1.6056568408,1.8649217858,5.428737816,17.68139911,26.391705908,0.900972261
3.80666248977032,5.530643435,5.4098898212,1.782512008,5.5298063375,1.8345789925,1.9984151316,5.581372454,12.42840523,26.475882516,0.901782384
5.24174701505964,5.6776740304,5.6291616691,1.6860344245,5.6309928394,1.7840103056,1.9994498116,5.603947265,18.79021453,21.35256654,0.951386028
4.31748811353631,5.6551483935,5.5696745423,1.5051343862,5.6736270615,1.5285076106,1.7384001104,5.64556086,26.33246226,20.318684092,0.923485506
5.60947179518496,5.6860084927,5.6401691057,1.7650838497,5.6896113722,1.7788369396,2.1726668142,5.663650155,14.35352997,21.195820426,0.951386028
4.35670882668959,5.5772102888,5.4969764432,1.499346277,5.4798359228,1.478051461,1.64983533,5.428587097,19.34932313,22.571999732,0.900972261
4.88280192258637,5.670646882,5.4677758822,1.7894906928,5.4935825976,1.8661025405,2.0262195142,5.577034749,14.51193072,20.16864978,0.900382024
3.87120101090789,5.478209566,5.390561354,1.751976583,5.5219959494,1.786533865,1.954652388,5.524949491,11.6976796,26.675188898,0.901852162
4.77068462446567,5.6604870625,5.6212732211,1.6727263439,5.6765876214,1.800673344,1.982202046,5.704696706,20.28566657,21.359841344,0.951386028
4.17438726989564,5.6369869793,5.4543440311,1.7625674859,5.5239467615,1.8451773374,1.970830709,5.526599783,15.62854901,20.376433264,0.900382024
4.34380542185368,5.644997486,5.567938283,1.507976812,5.64184602,1.5783155084,1.73284834,5.590860061,20.94831626,13.96948239,0.851047786
4.969813299576,5.5844141283,5.5030086265,1.5082302922,5.4997398885,1.4890019676,1.6696631294,5.385918222,19.34932313,20.89560005,0.860825272
4.58496747867057,5.7018923232,5.610420192,1.4559429352,5.6228878564,1.590320205,1.7088572764,5.595151237,26.79599694,19.832784646,0.919389019
5.2040066870768,5.6078492264,5.5311322842,1.5188612468,5.5870850339,1.5182447448,1.6862906538,5.618734492,19.9686944,17.871448666,0.843587811
4.47733681447821,5.729045439,5.5927885755,1.4973175396,5.6468619118,1.4904647914,1.745320986,5.439609765,25.77473542,9.9678724074,0.900382024
3.76120011569356,5.693095148,5.483916546,1.686940665,5.5262267169,1.754977494,1.9295956184,5.429348701,18.82301452,17.2015111,0.900382024
3.71357206670431,5.4887237768,5.4079121208,1.5528259832,5.3918205207,1.5939687568,1.8633897766,5.386597175,14.79145673,26.676124314,0.912903647
5.98141421125448,5.6833067464,5.5638199736,1.4726141304,5.6430128278,1.4319936664,1.61117697,5.684577525,28.43371038,6.7954668092,0.877586943
4.24849524204936,5.4876652398,5.394341798,1.7809621778,5.4180258315,1.8222595535,1.9947163172,5.310494819,10.92441368,26.6093803,0.912903647
5.08759633523238,5.7416824075,5.561162855,1.5645251753,5.639065596,1.5816491734,1.826879076,5.516960178,22.13027672,13.793287146,0.910597862
4.49980967033027,5.5361954275,5.4177972474,1.775382106,5.4876874724,1.8065157752,1.9686133836,5.475198323,13.63993938,23.279545222,0.900382024
4.64439089914137,5.683856966,5.6422916426,1.739490421,5.7150301045,1.649161298,2.1131576428,5.683242043,13.21838309,20.904539396,0.911854658
4.52178857704904,5.690476274,5.6184394919,1.5395699534,5.6008928185,1.6021102474,1.8303925696,5.60932571,24.02194211,20.828941514,0.919389019
4.84418708645859,5.7306173505,5.6169400505,1.4343105155,5.7534092024,1.4451577974,1.628125916,5.832919285,27.90670576,17.07648158,0.919389019
5.01727983681492,5.729926347,5.6105154654,1.426669263,5.7152736814,1.461515942,1.6459104194,5.641651447,28.12331849,15.217324168,0.892068888
4.65396035015752,5.6769694454,5.5896464322,1.4540104284,5.645579572,1.488904973,1.668965974,5.470255846,28.67959613,11.865772426,0.893898211
5.69035945432406,5.6631090132,5.545241384,1.4615716846,5.6030500983,1.428756104,1.603204774,5.616182867,28.67959613,6.1123087554,0.893898211
3.91202300542815,5.5086597578,5.421532934,1.524933105,5.546637245,1.4894236905,1.7045649026,5.517300996,16.80262839,25.477707486,0.899447238
3.85014760171006,5.6585992862,5.5542099998,1.4493315064,5.552372703,1.4781672098,1.612049821,5.369015808,28.67959613,7.2569279354,0.893898211
5.21493575760899,5.5682902261,5.4307958705,1.745436556,5.5075076134,1.7542903875,1.9470822664,5.531402027,14.4966211,23.000145782,0.900382024
3.76120011569356,5.5829230658,5.4400306644,1.6543720788,5.561242115,1.703961057,1.8614399448,5.561242115,18.50686871,18.173777248,0.994383746
4.36944785246702,5.5946070446,5.5194781724,1.533887128,5.6118920187,1.5322037831,1.6993924658,5.64082025,19.194975,17.240027102,0.899447238
2.99573227355399,5.491766917,5.4115685306,1.5291456348,5.35733735,1.5277211115,1.802595173,5.292158913,14.11683588,26.554228422,0.913472295
4.79579054559674,5.504713194,5.422387895,1.527471072,5.472746294,1.5096312218,1.730631291,5.33947242,14.69310044,25.03901334,0.907919304
4.18965474202643,5.6845275712,5.5835090179,1.5449540565,5.6190489763,1.609408419,1.7273516948,5.551370048,20.94831626,12.62409223,0.851047786
4.15888308335967,5.7240633744,5.6522419048,1.4042779708,5.579965825,1.4020325664,1.613022253,5.474914228,27.02763861,9.4938653664,0.892068888
4.79579054559674,5.6418143653,5.4978637536,1.4516131535,5.624730777,1.4438281805,1.588564362,5.580121734,25.55817664,9.8773006304,0.994383746
3.76120011569356,5.7110659858,5.637138115,1.4988903278,5.587584149,1.5295511654,1.797624484,5.594770104,21.39801117,19.209770668,0.958276491
3.49650756146648,5.458743953,5.3835089922,1.6675112978,5.41483428,1.7286112948,1.8733024726,5.391077642,10.2586618,27.302181374,0.913472295
4.04305126783455,5.5969704884,5.4480606125,1.5594169634,5.5449155436,1.612646026,1.760992327,5.484190858,20.17028069,15.821898976,0.994383746
4.45434729625351,5.7489734522,5.645549114,1.417158726,5.8233055023,1.271863334,1.597553112,5.684708601,25.08302961,13.735952084,0.958276491
5.10594547390058,5.6523158866,5.5279461784,1.4350601176,5.6928959676,1.4433749365,1.56187468,5.662928491,27.65701387,6.54889303,0.875989295
4.65396035015752,5.7461451872,5.6375074618,1.4456332938,5.8310572154,1.3150628472,1.6587806378,5.790219047,23.40369137,16.37205109,0.958276491
4.85981240436167,5.6782205332,5.6393542884,1.6220834343,5.6538464485,1.7131532841,1.8927747962,5.642584521,18.08068,20.496353472,0.915652802
4.78749174278205,5.7492654522,5.666039404,1.4168254734,5.6819585455,1.353330024,1.6036447298,5.711952874,25.75291289,11.22368847,0.919389019
5.11799381241676,5.685394216,5.648430524,1.745007494,5.674537487,1.5844586447,2.0123964674,5.681859213,15.13134197,20.34641333,0.911854658
5.94542060860658,5.5683250502,5.4221581852,1.7401210338,5.5787090526,1.7357380445,1.971114173,5.473834019,11.75422271,27.023188326,0.913472295
4.54329478227,5.5589347472,5.4948474193,1.5213548866,5.512542556,1.5210668263,1.6809102704,5.511126612,16.81178,19.220773366,0.899447238
5.5834963087817,5.6207244915,5.4634657765,1.489587792,5.38632117,1.4890185089,1.6742541582,5.386727499,22.28859058,13.151782658,0.994383746
4.23410650459726,5.6781970754,5.5959019234,1.4378650278,5.6631287361,1.4053162832,1.605243819,5.681924753,27.0164339,6.2188483624,0.875232695
4.54329478227,5.4975017751,5.3934943764,1.6962118373,5.4425800134,1.7407439315,1.92133373,5.432756649,8.6080463,27.622609874,0.913472295
3.85014760171006,5.5834490883,5.4328485959,1.5232377289,5.4673639491,1.5680354139,1.724517663,5.466179141,19.54850666,15.78911948,0.994383746
4.80402104473326,5.68470696,5.6461991285,1.723492399,5.6791135376,1.6003255532,2.204,5.721699577,12.30283392,18.58982945,0.911854658
5.70711026474888,5.6399988348,5.5056710678,1.7062607328,5.6474482935,1.7374401346,1.9019396734,5.569087027,12.46512287,25.469269732,0.948400851
3.55534806148941,5.6871394695,5.572061398,1.4949619135,5.5867812999,1.558882609,1.6771097912,5.560749866,19.26325135,12.12225005,0.83041191
4.21950770517611,5.58503935,5.5061670303,1.5185324438,5.4972021512,1.5551128553,1.7267313386,5.380104022,15.138169,17.273310782,0.899447238
4.15888308335967,5.6484628408,5.4849690898,1.668494617,5.4395435996,1.6947202388,1.8017016646,5.371297967,14.5689633,21.623352844,0.994383746
5.82304589548302,5.6300693208,5.4559970236,1.7244995816,5.6966981876,1.6946357504,1.911480136,5.774419293,10.72309862,28.057943332,0.913472295
3.36729582998647,5.513041296,5.446496092,1.5537923098,5.508633443,1.5238148062,1.7926285842,5.441056899,11.12310576,23.393418792,0.907919304
5.01727983681492,5.55098634,5.427438722,1.5828855406,5.6210044025,1.6337176465,1.7517798696,5.700356012,16.747235,18.50357671,0.994383746
4.70953020131233,5.7330381938,5.6583350104,1.4558982681,5.63120055,1.5389441458,1.880223336,5.467009602,17.58508716,16.39015489,0.962667326
4.85981240436167,5.498001408,5.4100589715,1.5966489215,5.4576326677,1.6089822306,1.9346292024,5.40473251,9.758961014,27.12147128,0.913472295
3.55534806148941,5.5918518766,5.4310106394,1.4867125172,5.473913094,1.5440359078,1.6677398656,5.506440679,20.19767506,15.111016046,0.994383746
3.49650756146648,5.481791784,5.3900410074,1.6617882574,5.442168469,1.7600455448,1.889388065,5.454065002,7.650650444,27.81390553,0.913472295
5.04342511691925,5.675055403,5.627754717,1.6978856165,5.6706637748,1.990038145,2.2762963316,5.620642282,9.103401207,16.31028825,0.911854658
5.4971682252932,5.7260415365,5.6648400815,1.3939554805,5.6902868015,1.4171584143,1.611901961,5.658631059,22.64351327,6.502038089,0.876042247
5.27811465923052,5.6868174516,5.6269703108,1.3993588344,5.6905683051,1.3695227625,1.6008264966,5.695601347,24.07834472,6.6741440026,0.85791569
4.70048036579242,5.7553495612,5.6778420988,1.4050602724,5.7327466954,1.331200938,1.6560722596,5.595433425,19.58479738,13.194266394,0.958276491
5.20948615284142,5.7574391352,5.6823918564,1.4049848596,5.7976397315,1.3062509124,1.603074851,5.840026159,20.55346726,10.359919634,0.958276491
4.44265125649032,5.5530642668,5.4885629548,1.5289945051,5.5182555158,1.5571026818,1.726981098,5.510143603,13.56875773,18.653812826,0.899447238
5.17048399503815,5.7469898618,5.6846813638,1.3980286978,5.7737627932,1.4045487808,1.6261338036,5.728892003,21.65615342,7.6426499974,0.958276491
4.69134788222914,5.6550419682,5.5185094842,1.4140870856,5.4863148941,1.4442599416,1.5694909988,5.432255442,23.25360603,11.342272256,0.994383746
5.24702407216049,5.6708549824,5.5822186372,1.3920518126,5.6531360955,1.3846347782,1.570053367,5.648837555,24.07834472,9.120486484,0.85791569
4.84418708645859,5.6831155894,5.6383233483,1.5680002806,5.7093183325,1.7692565385,2.050585166,5.673474553,14.88586787,17.526989396,0.958276491
3.19867311755068,5.7568896435,5.6840928595,1.4100147815,5.6819384734,1.399146387,1.6476570844,5.604825882,18.81087093,12.52042548,0.958276491
3.58351893845611,5.4976445264,5.415404184,1.6295922698,5.503268187,1.731570762,1.905988235,5.567152455,8.614719139,27.192076858,0.913472295
5.90536184805457,5.67411608,5.6061366935,1.385124776,5.565540871,1.3965716364,1.551902609,5.464896297,21.87559827,10.45490644,0.849870617
4.90527477843843,5.6595929726,5.5104402674,1.396056879,5.4360815308,1.3979691688,1.587636289,5.423060447,20.60299367,13.124490326,0.994383746
4.48863636973214,5.5343538367,5.4786317847,1.5360945399,5.5589409584,1.5779533272,1.754100543,5.559424186,10.58894458,19.299492494,0.899447238
3.40119738166216,5.5707846673,5.4370001503,1.5637188913,5.6938230362,1.613812113,1.7326464568,5.684152285,15.38904462,20.062905468,0.994383746
4.23410650459726,5.6579760288,5.5436287768,1.671277981,5.5491789134,1.6747043845,1.798936141,5.446733391,11.18576843,23.99886548,0.994383746
6.04025471127741,5.687638463,5.5729472326,1.6835235018,5.708473794,1.7864795165,1.9182961572,5.768148295,9.145507316,27.878897238,0.95248396
4.04305126783455,5.5916949823,5.5102114579,1.4421454298,5.5176129664,1.5280925026,1.667917459,5.529225879,13.37722425,15.308679098,0.899447238
4.11087386417331,5.4976554379,5.4076743268,1.6786076864,5.4850888752,1.7106446774,1.8309591916,5.345663324,11.03604491,28.3584377,0.913472295
5.41610040220442,5.7310103375,5.679406636,1.398042059,5.729781503,1.4194923825,1.5994351652,5.755646894,18.99284069,7.080542962,0.876042247
5.08140436498446,5.6387408265,5.4695230665,1.694034663,5.4713941735,1.6600715682,1.86127963,5.487252228,11.03604491,28.68519477,0.913472295
4.68213122712422,5.7553214165,5.702546051,1.396601153,5.7596697124,1.5239239575,1.675189456,5.724525601,17.62697885,6.347833141,0.958276491
5.14749447681345,5.7645817594,5.7086264017,1.4424241009,5.7163544272,1.415876911,1.6834374528,5.66856359,15.81001562,10.322580008,0.962667326
4.84418708645859,5.6982863092,5.6532860672,1.3920301484,5.7213153274,1.3574831497,1.5596461204,5.748318553,20.14396383,9.8448214508,0.849870617
6.16331480403464,5.6881529252,5.5666090276,1.6940290998,5.6553809712,1.6840638468,1.8949199246,5.597905765,9.552610826,29.00755301,0.913472295
5.23644196282995,5.733134639,5.673380122,1.452148508,5.7335557291,1.4687673554,1.8989604618,5.729813249,14.1340828,13.53351779,0.962667326
5.42934562895444,5.7677249732,5.7150653378,1.4073209007,5.728630118,1.5327977904,1.6783894658,5.69140918,16.2206538,7.2315653776,0.958276491
4.02535169073515,5.521114598,5.463404717,1.559541387,5.5607176468,1.6423818953,1.8214343034,5.628827009,8.672849456,22.168387178,0.899853586
4.83628190695148,5.5175940109,5.4181049732,1.4981837044,5.4300055165,1.461094203,1.6747215708,5.452108234,17.09700165,17.813876132,0.994383746
4.76217393479776,5.5774938202,5.499729143,1.4594583322,5.5136711888,1.523836905,1.690656282,5.496807949,10.91296516,16.681853022,0.899447238
4.77068462446567,5.563700774,5.493362108,1.478620414,5.5182749695,1.5190564605,1.718284149,5.522762239,10.58894458,17.46931997,0.899447238
4.69134788222914,5.5519715331,5.4902601563,1.4913608245,5.5210381186,1.5341020542,1.7302742566,5.522762239,10.2447022,17.903430912,0.899447238
3.43398720448515,5.544103473,5.4849275234,1.5056672543,5.5250197911,1.5550914456,1.7400666684,5.48855068,9.582016373,18.343373716,0.899447238
4.26267987704132,5.581947564,5.4254887028,1.4294945652,5.4158006748,1.3929144633,1.6202944014,5.387062925,16.69394067,16.68766918,0.972350445
4.17438726989564,5.5723709784,5.497807635,1.4309491139,5.5186426328,1.4629790078,1.667769701,5.524700351,9.727204084,16.147246896,0.899447238
5.39362754635236,5.5236087139,5.4241134299,1.5292876584,5.422159275,1.5084848682,1.6958387382,5.433178761,14.51978007,20.229580622,0.994383746
3.46573590279973,5.5204839008,5.46461808,1.5632178022,5.5729070045,1.5862097143,1.791093735,5.590070993,11.33211418,22.10131776,0.899447238
3.66356164612965,5.5361090344,5.4180172488,1.6766525996,5.4659094404,1.6759521457,1.7965419378,5.444163835,14.66909404,28.687889656,0.913472295
5.48063892334199,5.6930238755,5.614218038,1.3959549365,5.601448229,1.3801905422,1.524604348,5.510069849,16.8582721,14.24075198,0.914670004
5.5683445037611,5.6890894916,5.5730504114,1.6595454616,5.629009357,1.647912085,1.8061050982,5.542675056,13.44919792,29.540122732,0.913769989
5.4249500174814,5.7267123343,5.6717318709,1.3951995678,5.6645622452,1.3719191544,1.5458168798,5.679127061,16.66201934,12.394742998,0.911842708
5.92157841964382,5.7493755332,5.6908767503,1.3934213112,5.7188321084,1.4125021395,1.6107120836,5.716366386,15.16574972,9.5056129224,0.882800326
4.69134788222914,5.6744762817,5.552505307,1.651007138,5.5984798382,1.6792088738,1.8247948506,5.522330187,9.524597049,26.572551928,0.994383746
4.24849524204936,5.5111085654,5.4340093374,1.6035478429,5.4442063615,1.6877809348,1.820533653,5.495852038,14.03014537,25.28141211,0.899853586
5.75890177387728,5.7718524484,5.7183762448,1.4110217688,5.7544088263,1.521185077,1.6279575048,5.716405503,13.43104489,6.7611149206,0.904006607
4.67282883446191,5.7383397896,5.6743784519,1.3978443147,5.7332409315,1.4352440946,1.775731827,5.755322943,10.39624512,11.386391228,0.962667326
5.06890420222023,5.5401501668,5.485208551,1.445161383,5.5397407008,1.50702684,1.684390962,5.549765579,8.992949512,17.658382464,0.899447238
5.37989735354046,5.7707410796,5.7194925904,1.420171067,5.7649203268,1.4894403562,1.6296348042,5.736468617,11.93108627,5.8914549828,0.962667326
4.66343909411207,5.6880283295,5.5731881996,1.6472393178,5.7205155694,1.744958602,1.8853348008,5.651474553,10.73638581,29.675695248,0.87409037
4.21950770517611,5.6094356998,5.4731608606,1.6185743792,5.5451997328,1.6262313996,1.7764953538,5.434483815,11.49549629,24.439104798,0.994383746
4.68213122712422,5.7640534618,5.7059539084,1.3978350386,5.7672667712,1.4332011655,1.655912704,5.792080093,10.33076979,7.9314108704,0.962667326
3.98898404656427,5.59347231,5.502869891,1.364111263,5.5491779834,1.370739045,1.603459469,5.609625079,8.240666852,14.21017301,0.868841395
4.72738781871234,5.5903650032,5.5014139822,1.366099966,5.5494717812,1.370113125,1.6047275376,5.517952101,8.186322929,14.420925286,0.868841395
5.6937321388027,5.6797469235,5.5633363001,1.6291770114,5.825812307,1.6515576164,1.8409157826,5.849163687,13.24098301,29.934470808,0.913769989
3.76120011569356,5.580860541,5.4989721465,1.373833105,5.5506636188,1.3711070526,1.603519741,5.517952101,8.619077962,14.69230826,0.868841395
3.58351893845611,5.54348402,5.4244983316,1.6377355604,5.4432723895,1.6549606737,1.7954529198,5.447809311,15.76305128,29.011973146,0.913769989
3.55534806148941,5.5169115044,5.4514044645,1.5397573335,5.5160095196,1.5640246148,1.7651454222,5.520902162,14.82069411,22.31560242,0.868841395
4.66343909411207,5.7064376195,5.5906251125,1.3928625245,5.5787332855,1.3868350052,1.616306201,5.495461909,12.98301779,16.64031253,0.914670004
4.46590811865458,5.6037865688,5.4368441075,1.4377519862,5.4763763518,1.443999658,1.6589395944,5.379447425,12.08924673,19.2071586,0.914670004
5.61312810638807,5.747400521,5.6900809012,1.3803892388,5.7876009304,1.3928328636,1.536380692,5.755659036,12.07891662,11.148760126,0.904006607
3.66356164612965,5.6096457958,5.505696271,1.360743234,5.5452883952,1.3577018809,1.5770679968,5.691783302,9.475521682,13.890812986,0.868841395
5.62401750618734,5.6511070808,5.5310014492,1.610456446,5.4720358094,1.6810496918,1.8125585682,5.425019606,8.207035455,27.967696992,0.907630054
6.37331978957701,5.528309569,5.4695885284,1.3892282,5.5360291306,1.4442054432,1.640076994,5.54184498,11.66903567,17.66735126,0.868841395
3.78418963391826,5.6781581678,5.5681216632,1.5987343374,5.7777870538,1.6195885901,1.8276649018,5.826292137,12.23809429,29.798837356,0.882852034
4.30406509320417,5.5176063808,5.4145458708,1.5207239916,5.4801512964,1.5464702154,1.7349333772,5.439402038,10.45322998,23.063103188,0.914670004
5.36129216570943,5.632462943,5.461755909,1.631271996,5.6040435655,1.631278453,1.7815674474,5.396972544,15.42097388,29.68437024,0.913769989
4.85203026391962,5.5003721978,5.4197730951,1.5790726073,5.460423071,1.6292669391,1.7767116854,5.456860565,15.85682726,25.28346774,0.913769989
5.26785815906333,5.7772019152,5.7207279532,1.3727121526,5.8214572356,1.3994119583,1.5623551572,5.835895238,10.44347064,5.7028715556,0.904006607
4.96284463025991,5.7727633,5.713299929,1.3586278488,5.8104017959,1.3686205345,1.5253814322,5.810539102,10.17965653,7.5425361882,0.962667326
4.77912349311153,5.7309307958,5.6597189528,1.3849634996,5.7782224383,1.3702391302,1.5377865078,5.701505989,12.05085836,14.359201132,0.914670004
4.62497281328427,5.7590743947,5.6964338554,1.3529352164,5.703765907,1.3711538974,1.6043865832,5.540558881,8.716046515,9.9072854906,0.962667326
5.03043792139244,5.7804818779,5.7189183042,1.376280859,5.7916080645,1.38369744,1.5675440352,5.864794789,10.22520963,7.9384828012,0.904006607
5.27811465923052,5.5742165774,5.470273632,1.559152133,5.5177169806,1.6510452856,1.783493153,5.628643109,8.631382334,26.06772006,0.914670004
6.53378883793334,5.5237954946,5.4601468753,1.3538267041,5.522880225,1.4141449846,1.568280383,5.570260882,13.45323988,17.06478374,0.868841395
3.52636052461616,5.5231682676,5.4153996936,1.5956681272,5.416754482,1.6058916793,1.806288403,5.41590615,15.85682726,28.682916526,0.913769989
5.71702770140622,5.783522782,5.7275718194,1.3544256562,5.8238835153,1.3432179728,1.5156061142,5.879804339,11.77895238,5.8991003626,0.91762686
5.58724865840025,5.765010866,5.6934641888,1.3631924854,5.7839820487,1.3650159646,1.5274961782,5.764989901,11.35250122,10.9813937,0.904006607
5.5683445037611,5.6148526058,5.4611598316,1.482391491,5.4148756762,1.535400756,1.7315818926,5.377944047,10.75667359,21.564673336,0.914670004
4.69134788222914,5.7749614236,5.7145020072,1.3535011422,5.5771831154,1.296648361,1.5867856214,5.332090901,10.44347064,8.6433713868,0.962667326
4.58496747867057,5.5294927988,5.4294230012,1.5204023388,5.443760824,1.5356996245,1.720250162,5.414819527,10.67696465,23.428826994,0.914670004
5.13579843705026,5.6473347714,5.4899925204,1.5270251628,5.5853830576,1.6289617092,1.7375139338,5.645661656,15.85682726,29.745810162,0.913769989
5.14749447681345,5.6124881788,5.4961364328,1.5165783946,5.5486342427,1.5984676098,1.7577252496,5.56363601,8.51404012,28.278858792,0.904391328
4.43081679884331,5.6781154219,5.5170884099,1.3125206296,5.5111113936,1.3006769873,1.4793306256,5.559308011,14.1417404,13.301605386,0.868841395
4.21950770517611,5.5600130605,5.456421672,1.5207852175,5.5325534285,1.6302171355,1.7575035252,5.495799286,9.454918911,26.450374656,0.914670004
4.46590811865458,5.6966625868,5.5626933576,1.4015914068,5.5795067077,1.475538278,1.66472532,5.474563193,10.87099144,18.339229848,0.914670004
5.03043792139244,5.6753867487,5.5581589398,1.4952206137,5.5743937655,1.438822507,1.7156921768,5.506060707,12.410053,29.473104878,0.913769989
5.88332238848828,5.783789384,5.7287586354,1.3536117878,5.8016445303,1.3050039808,1.5013880544,5.727654797,11.77895238,7.0862170618,0.962667326
4.00733318523247,5.5133897839,5.4388747377,1.4062428621,5.4965984788,1.4463966381,1.641617426,5.54418679,15.85682726,19.607584768,0.881095277
4.70953020131233,5.7869453416,5.7249648549,1.3440769769,5.489698093,1.3465982615,1.507347637,5.5286677,12.42396611,8.3327468274,0.904006607
4.17438726989564,5.4709121763,5.4123401667,1.5034363613,5.4618706042,1.5853414917,1.7362467902,5.54879041,15.85682726,23.71277311,0.913769989
5.28320372873799,5.7199141625,5.600210315,1.3936514995,5.7717119205,1.3681506369,1.5835533234,5.786502896,11.07062233,15.35496336,0.914670004
4.48863636973214,5.6322407719,5.494204627,1.3149067925,5.495291963,1.309488634,1.4744997282,5.52787444,15.50275329,14.854071232,0.89308729
4.68213122712422,5.659937693,5.528466382,1.478300085,5.6874666418,1.3994127172,1.659190346,5.674715167,14.81061726,29.38939929,0.913769989
5.53338948872752,5.61210986,5.5055214595,1.4718032355,5.6536331526,1.4107506116,1.678235193,5.638011677,8.853865415,28.28703961,0.88885425
3.91202300542815,5.5298903152,5.4418708287,1.4062708663,5.4268186097,1.4180209862,1.6442943742,5.460366309,15.85682726,18.933242818,0.89308729
4.0943445622221,5.6814543812,5.5247969413,1.4294471265,5.6706313728,1.583097031,1.7429818844,5.500134438,14.82493172,18.850263644,0.914670004
4.14313472639153,5.569139201,5.4734506679,1.4830693796,5.5911587477,1.5223254927,1.705905152,5.663026226,11.6525677,26.25401691,0.904391328
4.62497281328427,5.5817366808,5.4633589234,1.5175314236,5.4399022314,1.4747355772,1.6886139128,5.470315152,13.69796744,24.074659032,0.914670004
5.8406416573734,5.6322176936,5.4846805058,1.4985329413,5.6698310517,1.4855536838,1.7200850656,5.692423193,14.89795402,21.627546668,0.914670004
5.67332326717149,5.70604807,5.5570663754,1.4041258527,5.7395166695,1.3580544246,1.6898896654,5.722761139,14.625229,15.608511528,0.882396602
5.45958551414416,5.7552385372,5.6731611946,1.2607753088,5.7567926254,1.5322883832,2.0456857968,5.808159053,7.612202491,8.2321679168,0.961264607
4.30406509320417,5.5068868462,5.4147601682,1.5273968508,5.4421259611,1.4890551179,1.808656387,5.43495754,15.85682726,25.985092098,0.940028617
4.31748811353631,5.7160989375,5.5739805835,1.3683455815,5.5898272954,1.3295207164,1.589336787,5.416652829,14.55910434,13.03260485,0.882800326
5.17614973257383,5.754732706,5.609888554,1.317651834,5.437333546,1.2455629411,1.4577092052,5.421582072,15.50275329,11.22555694,0.89308729
6.31535800152233,5.6197040274,5.5211570488,1.47787292,5.6723209135,1.3788833129,1.6423640282,5.560447514,11.44205429,28.890743176,0.890378505
4.79579054559674,5.4633479937,5.4029865568,1.4853093987,5.448423866,1.4939500169,1.7273164062,5.417418797,15.85682726,22.682490146,0.913769989
4.43081679884331,5.579384641,5.4680609485,1.458288089,5.5223691546,1.5135599186,1.7316127576,5.41198035,15.85682726,28.43535653,0.940028617
5.75890177387728,5.7863041119,5.7213689562,1.3228535306,5.8119858828,1.329888565,1.4848141844,5.79614095,12.42396611,6.4733897484,0.91762686
5.81413053182507,5.7877531246,5.7087250598,1.3307768964,5.8032309026,1.3199935295,1.4597007192,5.783922685,13.28378977,6.0369991236,0.91762686
4.68213122712422,5.782800953,5.7011542782,1.323732078,5.6945129396,1.3082007128,1.473974845,5.591360416,13.83990203,6.9928411724,0.917467498
5.02388052084628,5.7831353506,5.7211083316,1.3382101902,5.7493654305,1.319690422,1.5942317252,5.754191262,10.97300464,7.549263545,0.961264607
5.53733426701854,5.772848174,5.688875725,1.247447059,5.7955523818,1.3425690021,1.6670876048,5.811540013,10.18857789,6.608640251,0.915700834
5.46806014113513,5.7728951106,5.6951538399,1.2423536008,5.7043566694,1.325150034,1.7598451084,5.423095451,9.608010981,7.513112392,0.959907222
4.61512051684126,5.7650893594,5.6376555198,1.3373555402,5.6467190045,1.316970624,1.5067817584,5.595241203,15.03625688,7.7402101404,0.917467498
5.50938833662798,5.625647784,5.485539288,1.510503324,5.6668683688,1.4939037975,1.700707587,5.632343089,17.4102829,20.72402036,0.88885425
4.34380542185368,5.775096762,5.6922240366,1.2396666666,5.773322036,1.2240158286,1.5378005882,5.482115274,11.14893192,6.0074411886,0.919479309
5.31811999384422,5.5571413999,5.4527364503,1.4660166471,5.412994411,1.4840674254,1.714442657,5.442631091,15.85682726,25.411515486,0.940028617
4.11087386417331,5.5686357026,5.4734859626,1.4702391146,5.5243933093,1.5101676859,1.6640988774,5.372430987,12.52147926,25.760555088,0.88885425
4.31748811353631,5.7304506225,5.573663533,1.3545841055,5.5052270282,1.3502583488,1.5201720298,5.478428282,16.06924891,9.920738825,0.917467498
4.79579054559674,5.489882767,5.4083424256,1.4597517974,5.4502703104,1.483698539,1.752740358,5.468509412,15.85682726,20.333681106,0.940028617
4.969813299576,5.6106672544,5.5172353086,1.4664405858,5.5809887308,1.4193564359,1.6815033798,5.553452094,8.887924748,26.977015546,0.88885425
5.11198778835654,5.6722787892,5.5278415054,1.398846745,5.61844583,1.3917577102,1.7018271856,5.646604551,18.0170866,13.98971908,0.917467498
5.04342511691925,5.6632254788,5.5013069682,1.311559021,5.6479858633,1.304316372,1.4930179346,5.689887524,15.50275329,13.37724108,0.89308729
5.06890420222023,5.5337256029,5.4295271781,1.3730294588,5.4685246129,1.4762381606,1.7105719144,5.468780518,15.85682726,17.64981948,0.89308729
5.93489419561959,5.752531617,5.624410569,1.311575317,5.7317431948,1.2746106645,1.5036238616,5.762249231,15.50275329,9.619109642,0.89308729
4.97673374242057,5.4982165006,5.415937193,1.4833761632,5.373364077,1.4626676266,1.7851275928,5.345483294,15.85682726,22.706330374,0.940028617
4.93447393313069,5.61594566,5.5216138064,1.466165965,5.5995486828,1.3789661761,1.6614862092,5.673339463,9.750905808,27.493619036,0.88885425
5.35185813347607,5.7983661132,5.7355430839,1.3167838765,5.8062565582,1.3747706748,1.5700348476,5.798290551,12.63749642,5.7029785552,0.91762686
5.93489419561959,5.775447165,5.6909328785,1.2363974185,5.7368668705,1.2145469432,1.4746926634,5.665696375,12.60474682,6.010946318,0.969406454
5.98393628068719,5.7809604961,5.7077034722,1.3603288499,5.8165081147,1.2912963574,1.520600883,5.886251072,13.83990203,5.483523765,0.917467498
4.07753744390572,5.5990412943,5.5056097758,1.4369753455,5.5854935004,1.4238275934,1.7053394146,5.629914516,14.67770332,26.482000356,0.940028617
4.0943445622221,5.6603057424,5.5314745196,1.4687675112,5.6499323801,1.622274613,1.783534307,5.623221205,18.75682359,17.335705224,0.882396602
4.79579054559674,5.6085291602,5.4629891369,1.5200128899,5.515303585,1.4697209546,1.6643014836,5.384199588,17.48504048,21.713595146,0.88885425
5.00394630594546,5.8040277384,5.7405061164,1.2745925944,5.7635064464,1.4310341505,1.652418521,5.739115933,11.14391519,6.4974409454,0.91762686
5.34710753071747,5.7963705935,5.7246432135,1.2560719535,5.7085791554,1.262839368,1.6704113894,5.639597744,8.724852403,6.72122709,0.91762686
4.77068462446567,5.7956600072,5.7192359917,1.2444050639,5.68069014,1.1832639385,1.5072387224,5.629745723,10.69473789,6.479206539,0.913340433
5.40267738187228,5.7693392924,5.663979237,1.233929907,5.8082027982,1.238758715,1.4478830904,5.776329186,13.5892647,6.974843555,0.989254485
5.69035945432406,5.764722317,5.668431211,1.247720788,5.6337167721,1.231944971,1.550743037,5.490234597,12.60474682,7.729914452,0.990906003
4.74493212836325,5.5958585844,5.4988565977,1.4460534409,5.588762885,1.500357229,1.7216480316,5.616086768,14.67770332,24.007995418,0.940028617
5.70711026474888,5.6399210051,5.520006613,1.5198972375,5.6852661985,1.5250034682,1.706031341,5.762530742,18.97045518,18.414621608,0.88885425
4.30406509320417,5.615732977,5.459673978,1.3457879155,5.5900917728,1.3546186578,1.662413349,5.64227419,15.57313946,14.8094827,0.89308729
5.54126354515843,5.692439187,5.5402483014,1.3220329507,5.643025661,1.2973625475,1.5763226296,5.651012946,15.50275329,12.138756744,0.89308729
4.57471097850338,5.6726668858,5.543954247,1.4276730698,5.553969467,1.4627594857,1.702236392,5.705542773,18.75682359,12.448918002,0.917467498
4.30406509320417,5.668154001,5.5519337794,1.4891892238,5.685732585,1.629511485,1.779777953,5.648482235,19.15744006,16.55994501,0.882396602
4.02535169073515,5.6214122528,5.5175700812,1.416332897,5.5654938228,1.5796165474,1.705709848,5.622265013,10.7947904,24.01462175,0.88885425
3.68887945411394,5.4921472024,5.4137224491,1.42518025,5.4842509929,1.570108781,1.752740358,5.523742981,15.85682726,17.770533726,0.968603899
4.85203026391962,5.811808184,5.719570649,1.236783632,5.7463683947,1.171941542,1.4186207654,5.66102278,12.34074914,6.324360531,0.969406454
5.88332238848828,5.7399114574,5.6549106428,1.3044535748,5.7688917314,1.257148981,1.6130838012,5.752216723,9.082540749,7.675627191,0.990906003
5.04342511691925,5.7364513126,5.6174474359,1.319006072,5.7112778075,1.3514459312,1.632254365,5.617160256,15.50275329,8.491285296,0.89308729
4.64439089914137,5.797129975,5.6640251834,1.2408908286,5.7025510414,1.2110213145,1.420253397,5.592905045,14.71452009,7.4692939934,0.989254485
5.11799381241676,5.7545766763,5.6206096101,1.2481746288,5.7086148156,1.2342726735,1.448871611,5.709222102,14.78378029,8.7534438684,0.989254485
4.78749174278205,5.710438338,5.5533787565,1.3861650625,5.487646193,1.4313132663,1.5936014646,5.423963992,18.0170866,8.421545489,0.917467498
5.60947179518496,5.500730765,5.4184218748,1.4634824074,5.4191517538,1.424941707,1.7748531194,5.4124497,15.85682726,19.194626924,1.006352747
3.71357206670431,5.7909735904,5.7182342791,1.3818697678,5.7749397248,1.3449390284,1.625884058,5.835931163,14.15998601,4.514870125,0.917467498
4.81218435537242,5.8135078665,5.749729455,1.3002557225,5.7912129266,1.484073913,1.667479973,5.78430062,12.88633763,4.359058188,0.917467498
5.16478597392351,5.832907372,5.757780143,1.2629769985,5.8170102769,1.2667486645,1.5971906904,5.813714782,9.933814068,5.354878195,0.913340433
4.02535169073515,5.5741602114,5.4541002712,1.475892168,5.5346063013,1.5151210544,1.6640609064,5.400324453,15.17716451,21.38953227,0.88885425
5.23110861685459,5.7584632301,5.6413103929,1.3861524487,5.5279865857,1.4152093295,1.5807023624,5.53898124,16.56915715,5.9796335436,0.917467498
5.19295685089021,5.7410910227,5.6523732405,1.3172034034,5.6789411368,1.1978102625,1.565173234,5.622003824,13.06258956,9.866426724,0.976788674
5.24174701505964,5.6296486954,5.4775261422,1.510560579,5.4447465348,1.5175112465,1.657470418,5.371230331,19.38867324,18.52441606,0.88885425
5.37527840768417,5.6655587375,5.5312422135,1.5029899865,5.6504123326,1.523015752,1.7028706254,5.637613103,20.14824169,16.06993354,0.88885425
4.30406509320417,5.610878158,5.496379593,1.412913213,5.601625575,1.381924923,1.698435377,5.416450959,13.14152259,20.56466391,0.88885425
5.43372200355424,5.7214219733,5.5713255643,1.2580386886,5.5903451146,1.2650627552,1.472628363,5.593329673,15.1517893,11.197468498,0.989254485
5.19295685089021,5.7023078694,5.5462527129,1.2525372966,5.5783879142,1.2905531252,1.47016464,5.486869668,15.53230854,10.910194226,0.989254485
4.48863636973214,5.5666070494,5.4340987367,1.4201664624,5.635040874,1.4202029262,1.6325089854,5.670760468,16.43089334,19.398573846,0.88885425
4.79579054559674,5.5307235867,5.44036478,1.4460015923,5.4386090043,1.4454625814,1.804400526,5.450660713,13.63121642,18.065466202,1.006352747
4.11087386417331,5.692932782,5.530655362,1.442371943,5.582179569,1.5733041072,1.8257268408,5.6019015,9.740923115,20.23023483,0.940028617
5.11198778835654,5.8461404024,5.6847493664,1.238239547,5.6253641144,1.2246481955,1.4110377716,5.477928582,15.53230854,9.0219826018,0.989254485
4.26267987704132,5.4789779969,5.4082146455,1.374766467,5.4555502858,1.5785760866,1.7654439404,5.435778594,15.02558141,15.600903902,1.006352747
3.68887945411394,5.6196664089,5.4634652106,1.3968205506,5.4794649492,1.3077790605,1.6826768,5.374359384,15.50275329,12.750631274,1.006352747
4.78749174278205,5.63009133,5.4584613658,1.468426648,5.4684323222,1.5288972665,1.6364113636,5.445198189,20.14824169,16.93896577,0.88885425
5.42934562895444,5.6985181321,5.5402823421,1.4003101508,5.6762230784,1.4758340108,1.7335505796,5.728538835,11.46645284,19.478071158,0.883325772
4.4188406077966,5.6960085674,5.5203216836,1.4255123092,5.63074748,1.488916029,1.8061535766,5.58691358,10.30743048,18.841947902,1.006352747
4.04305126783455,5.7374567226,5.6216038,1.441541043,5.6958445908,1.530535208,1.727635887,5.766435131,20.14824169,13.077413828,0.897874671
3.52636052461616,5.7644002625,5.6472166265,1.4254828645,5.7404958552,1.4175885476,1.65046063,5.629770072,19.55863631,10.0374683,0.912650537
4.11087386417331,5.8003048036,5.7156606948,1.3428096544,5.731787412,1.473243819,1.672746833,5.566646938,13.99994937,4.0167803928,0.917467498
5.86929691313377,5.7665011575,5.6565991085,1.4261327369,5.7404330768,1.407846207,1.6930223422,5.614643532,18.84804578,7.7473770506,0.917467498
5.54517744447956,5.8456183042,5.7520885884,1.3041800956,5.841800298,1.3533386206,1.61736052,5.843112291,11.26137766,4.5345090824,0.917467498
5.44241771052179,5.865559762,5.7637125164,1.2625649448,5.923156241,1.2431986698,1.463806726,5.795412677,10.81547635,5.8259660728,0.910123403
6.24804287450843,5.795524101,5.701879343,1.3889657532,5.618025744,1.439862058,1.595692924,5.65962684,16.80740452,4.8514603794,0.917467498
5.38449506278909,5.7149265816,5.6174906364,1.3151216984,5.4836146928,1.23111464,1.5532692938,5.402375244,14.71452009,12.630464038,0.989254485
5.64190707093811,5.7453962874,5.6644456385,1.3218439704,5.723678221,1.3240896596,1.593211665,5.704062384,12.17373093,12.36515216,0.976788674
4.44265125649032,5.4877876462,5.4066725465,1.3340899355,5.4853487234,1.4673833469,1.717739734,5.585388721,12.11878653,13.07618875,1.006352747
3.89182029811063,5.634743471,5.4630582095,1.382358356,5.4360163147,1.3261935356,1.6230887708,5.408569141,15.15807731,10.5475566,1.006352747
5.63121178182137,5.8812397524,5.7586702374,1.2436591714,5.798946371,1.302402089,1.470173845,5.613943037,16.79591541,10.969303542,0.989254485
4.17438726989564,5.575376137,5.414922587,1.357164402,5.6504344203,1.3274725948,1.5471425884,5.708107919,18.64779264,15.4863017,0.88885425
4.89034912822175,5.7440209105,5.6191361415,1.449329716,5.6616075228,1.416225963,1.631286421,5.497408386,20.14824169,11.782384026,0.897874671
5.62401750618734,5.738190427,5.649802249,1.337861073,5.5770030953,1.3394656658,1.5686595058,5.283325709,14.28920551,14.20491808,0.976788674
3.66356164612965,5.7355796061,5.5394320246,1.3442756798,5.7136891707,1.4227505242,1.6915609704,5.630225958,10.68099184,15.154398446,1.006352747
5.46806014113513,5.7775011555,5.6871038411,1.415194033,5.7628418717,1.396892837,1.620133345,5.729900574,20.14824169,9.2565607006,0.912650537
4.44265125649032,5.7721146067,5.6893119556,1.4081102475,5.7776729044,1.361087425,1.5834515736,5.71781842,20.14824169,7.621257213,0.912650537
5.6937321388027,5.8079247874,5.7191801052,1.3309635068,5.8231450909,1.4052495465,1.6676815296,5.792316461,11.77689145,4.0173648642,0.917467498
4.84418708645859,5.5449060366,5.4231616924,1.354239473,5.4404454432,1.3717243978,1.6937376292,5.492443032,9.183348809,13.60516779,1.006352747
5.08759633523238,5.7560982365,5.6950254245,1.339562501,5.7233495732,1.3443705275,1.6362201086,5.600273256,11.31574355,13.50416788,0.940519054
5.71702770140622,5.6455581453,5.5126502655,1.3396346482,5.4550596264,1.4622007675,1.58907252,5.266405588,16.47402053,15.902208284,0.989254485
4.63472898822964,5.6922802,5.506150848,1.356669054,5.449828573,1.493538959,1.5802975304,5.585339307,20.14824169,12.41413199,0.864954389
5.28826703069454,5.7417719668,5.5545859985,1.3456307151,5.4510719476,1.3080252296,1.5128801724,5.319079971,16.11774701,14.693877612,0.887587461
5.62762111369064,5.8871440806,5.7674861078,1.2901994204,5.6398331634,1.3749575948,1.565607337,5.41737166,17.83847906,13.587872776,0.989254485
4.82028156560504,5.807633734,5.7198128885,1.3895305747,5.719306838,1.4151351092,1.599704689,5.73472904,15.34157729,3.9783309656,0.912650537
5.90536184805457,5.8955565286,5.7932606744,1.2694096546,5.8668352315,1.2447284155,1.4271477584,5.816513809,13.55399511,8.2878317214,0.910123403
5.66642668811243,5.792837326,5.7066057034,1.407839387,5.823874828,1.3788498543,1.5985533458,5.824006999,18.29303221,4.7180056222,0.912650537
4.47733681447821,5.7538111326,5.603446798,1.3276909996,5.818658134,1.349651519,1.529024059,5.570385652,14.62635037,13.699195094,0.892208885
5.21493575760899,5.6722046652,5.487041714,1.3821176632,5.4070607244,1.581620075,1.6507939198,5.326058295,17.83847906,16.83468165,0.989254485
5.95324333428778,5.8800230386,5.7588886152,1.3043060256,5.7344295908,1.2735555551,1.479076016,5.67620969,10.69257534,6.2154475036,0.891618493
5.25749537202778,5.6899128082,5.5358165153,1.3559343366,5.578473087,1.470499151,1.589468071,5.543320224,16.79591541,17.39956978,0.989254485
5.63478960316925,5.8768686564,5.7623157834,1.3228658526,5.6711982045,1.3673181388,1.6095974186,5.499618171,17.83847906,15.868242072,0.989254485
4.87519732320115,5.5806172115,5.4244067725,1.3343281725,5.409660292,1.3294415286,1.4760566126,5.42406182,20.14824169,11.50972528,0.875917875
4.70048036579242,5.7787521016,5.6841786552,1.4072755168,5.774934988,1.3761418985,1.5919063332,5.770229042,20.14824169,7.4302223944,0.897874671
4.82028156560504,5.5557999916,5.4149825101,1.3465302735,5.4557121216,1.3110541568,1.6080488178,5.572070171,8.781016329,10.091521658,1.006352747
5.58724865840025,5.7524395647,5.6866328409,1.3643956223,5.677638276,1.362381961,1.5925423578,5.728021903,12.74465854,16.534611648,0.933015206
5.70044357339069,5.7655391141,5.6127153589,1.2949383665,5.791025052,1.293171225,1.5505062306,5.829765491,11.72414258,11.560561452,1.006352747
5.41164605185504,5.816820968,5.7158079545,1.330755693,5.9658240954,1.3485164329,1.5876476254,6.062713496,11.30888567,4.069025448,0.912650537
5.12396397940326,5.7071433026,5.5633643297,1.3916428988,5.5774814138,1.4708236245,1.5891130778,5.58133091,17.37787379,18.867964636,0.989254485
5.95064255258773,5.809446026,5.7178112896,1.402420437,5.8220872008,1.3807645646,1.6283987152,5.845236418,16.5197585,4.4736032972,0.912650537
5.79301360838414,5.836430089,5.7339865222,1.3059400938,5.90566099,1.3081789618,1.4756243412,5.644275877,10.36737958,6.2524350518,0.891618493
5.93753620508243,5.8139517364,5.7131553828,1.3138001386,5.9654716032,1.325359637,1.5030881008,5.908180974,8.960080156,5.5467759024,0.891618493
5.95583736946483,5.7860034485,5.705227917,1.402551287,5.8226509612,1.4029706145,1.6091954732,5.825215065,20.14824169,5.664073802,0.912650537
5.55682806169954,5.6225946298,5.4551677858,1.3207224864,5.4071532912,1.2911050822,1.5349504028,5.325131891,8.588125997,8.5162607668,1.006352747
5.69035945432406,5.761426033,5.6385126736,1.4034824714,5.8414881676,1.3492393965,1.558033122,5.885369789,20.14824169,6.487543249,0.897874671
4.88280192258637,5.7753894674,5.6551991606,1.2907722011,5.788204769,1.2892064866,1.4880027854,5.771828592,11.92717635,9.1613287384,0.940702935
5.18738580584075,5.819054922,5.61686638,1.385258662,5.7345821304,1.4843838994,1.6146816366,5.442185184,17.83847906,19.28163632,0.989254485
5.24702407216049,5.734836401,5.5936683195,1.391771526,5.5734044232,1.472062737,1.576326189,5.433987988,17.62828307,20.12216021,0.976788674
5.03043792139244,5.8167048772,5.703085562,1.3539577542,5.9183941613,1.350505183,1.576859375,5.838174038,11.53068362,4.8464767194,0.912650537
5.75574221358691,5.775484575,5.665764518,1.283114516,5.8328281166,1.2577288018,1.46156178,5.90296673,14.45162906,8.897043344,0.928804493
5.47646355193151,5.7831937717,5.6831589659,1.4059074344,5.762244501,1.3723627545,1.5968480306,5.750465868,20.14824169,6.3187024968,0.897874671
4.96284463025991,5.8948354266,5.7862361828,1.2860299104,5.7128949658,1.285809285,1.417472975,5.45742683,14.49147767,9.508329448,0.883891747
5.01727983681492,5.6924613366,5.4992265128,1.3121756942,5.5715757842,1.3001443305,1.4327114734,5.612964726,18.54881053,8.0013225814,0.887587461
5.73334127689775,5.7507960782,5.659313778,1.34776053,5.7129062367,1.301894837,1.5462442872,5.655195405,14.38828187,19.740299192,0.937887159
5.28320372873799,5.836941236,5.6832183868,1.3783603262,5.7995560939,1.3899767325,1.602449579,5.824249857,17.83847906,19.65207564,0.961382594
4.7361984483945,5.7712818938,5.6409730324,1.2891956522,5.4716494686,1.2743504874,1.5017705628,5.434897236,10.92373741,7.4804734758,1.006352747
5.68697535633982,5.6563822264,5.4601303936,1.3373565793,5.5950726026,1.326919598,1.4868056604,5.58404134,20.14824169,6.7533711298,0.875917875
5.14166355650266,5.8593718575,5.7623168521,1.3129163385,5.8293760225,1.299836517,1.577147249,5.864269537,17.83847906,19.174314738,0.933015206
5.41610040220442,5.69747029,5.473918877,1.356451151,5.7236183786,1.354729412,1.529189661,5.484513386,20.14824169,6.423631657,0.864954389
5.2040066870768,5.871607532,5.7996165567,1.2723139778,5.904435155,1.1972090181,1.446425962,5.932918966,17.83847906,16.550849982,0.925710078
5.61312810638807,5.640316406,5.465812443,1.326744226,5.5968238413,1.2988099818,1.451140835,5.504277153,19.26716206,6.185262925,0.887587461
5.36597601502185,5.7506912732,5.6793771188,1.312547417,5.7719125115,1.278084799,1.5180572586,5.833729349,11.53860965,19.291209872,0.939000872
5.48479693349065,5.764428755,5.6229429115,1.2932676726,5.6269672052,1.2758335696,1.433663009,5.487069485,16.50039288,6.3627926636,0.896982686
5.27299955856375,5.7823768133,5.6659637288,1.4309443618,5.4880127684,1.5234040504,1.640756793,5.409887879,20.14824169,7.613015414,0.897874671
5.36597601502185,5.7614917505,5.5942606384,1.4149945735,5.7870889844,1.4285981086,1.598208712,5.458943725,20.14824169,7.5588005834,0.897874671
5.5834963087817,5.7384244458,5.5390600923,1.4065598002,5.8550215351,1.3743710712,1.5759138674,5.896944776,20.14824169,7.1363532862,0.884724084
5.11198778835654,5.8896437586,5.7858307368,1.2703309652,5.791957315,1.2840776824,1.4336217932,5.775156315,15.97500088,11.077847668,0.883891747
6.21460809842219,5.7794150762,5.680810582,1.2904870242,5.7934252045,1.159158832,1.495468465,5.770477813,13.62294087,6.116442624,0.940702935
5.20948615284142,5.8130718271,5.6853606753,1.3034660392,5.7602150823,1.351521038,1.472350394,5.439859775,10.99281224,7.2878861784,0.923401612
5.42053499927229,5.8506578947,5.762103968,1.3177122285,5.824794861,1.3062319975,1.5968617804,5.829878312,17.83847906,19.96729223,0.931951591
6.10479323241498,5.785959421,5.657187956,1.464962636,5.5075206764,1.5627452254,1.658982371,5.376254027,17.18030271,7.443405067,0.91242967
5.7268477475872,5.7830045659,5.689112449,1.2757654592,5.799205388,1.1604076174,1.5096129076,5.820693906,11.72414258,5.727747022,0.940702935
5.6937321388027,5.8061366425,5.6577313751,1.3309112314,5.8892553139,1.337638565,1.5360487094,5.99342879,8.848338298,6.1356858204,0.923401612
5.5683445037611,5.7462989369,5.6271909459,1.3555283034,5.7328830561,1.430113235,1.5575616266,5.629652711,17.48206148,21.39233357,0.937887159
5.36129216570943,5.8656074111,5.7939103768,1.2801349693,5.9252964925,1.1750477805,1.4223402852,5.908484675,17.83847906,16.137252938,0.909156104
3.90197266957464,5.625679418,5.4853573566,1.345564402,5.620180983,1.3107951388,1.475950739,5.416812358,19.26716206,5.4482181986,0.887587461
5.05624580534831,5.767780261,5.635512449,1.271184697,5.6084876754,1.310116848,1.506981999,5.45056385,10.07196896,5.837468441,0.943129761
4.86753445045558,5.8403586634,5.7396159048,1.3462538722,5.8012286928,1.3648023285,1.6075543482,5.739506217,17.83847906,20.59605033,0.93486508
5.79301360838414,5.6375022874,5.4837274607,1.3511910923,5.62374665,1.3660060918,1.5392570372,5.711469035,19.97221274,5.8418527274,0.87178459
5.66642668811243,5.7931730326,5.6470280996,1.3913097144,5.6762379718,1.4049252116,1.683993689,5.570395136,14.43306715,6.9002965728,0.926640562
4.01638302075239,5.6297996261,5.5079121869,1.353787166,5.5937087286,1.336503819,1.509569497,5.415424517,18.15201292,5.1009915012,0.906749764
5.29330482472449,5.7439015676,5.6406485514,1.3295912313,5.8224732365,1.2535514789,1.5634357788,5.827700155,14.27028159,21.42692132,0.937887159
5.66296048013595,5.7575955258,5.6123005424,1.2669051664,5.6426816894,1.336860198,1.5454126176,5.511902531,9.063038321,6.543178955,0.943129761
4.18205014264121,5.6456782648,5.5234710452,1.3519317354,5.5492860974,1.337003495,1.5086184914,5.400061302,17.64413589,4.9259213242,0.906749764
5.4971682252932,5.7540579444,5.6863984866,1.3042966712,5.7407839568,1.2414142664,1.5106959242,5.615922141,10.85175974,20.621462316,0.939000872
5.12989871492307,5.6347415802,5.5107021192,1.3524618022,5.6010947806,1.3665436622,1.5309022678,5.674723251,18.15201292,5.5951637458,0.906749764
5.12396397940326,5.6733498362,5.4798088379,1.4471355189,5.5129844011,1.482474299,1.6295718934,5.326978143,19.53480279,10.411793818,0.884400959
6.19847871649231,5.673929104,5.482304619,1.4180675605,5.5642936286,1.4425747898,1.600350971,5.638362187,19.53480279,9.887889663,0.884400959
5.605802066296,5.846902706,5.723357001,1.2583125,5.6356145072,1.3510427281,1.456308237,5.609589917,15.19343627,11.36893972,0.923401612
5.54517744447956,5.7891168898,5.7119730654,1.2066433764,5.790884934,1.2336421928,1.4868047096,5.730072147,10.40594085,6.2655450828,0.940702935
5.95842469302978,5.7764334006,5.586981113,1.369869546,5.7171669064,1.3590589258,1.610225094,5.712711906,12.74060307,6.4780764896,0.926640562
5.52942908751142,5.8644125716,5.7905018096,1.2656507622,5.8966900162,1.2069252345,1.4328125,5.924318239,17.83847906,16.145081258,0.908029106
5.27299955856375,5.7880070016,5.580055529,1.3437187328,5.8596512072,1.2998670758,1.5697264566,5.845709541,10.67710296,6.197496606,0.926640562
5.98141421125448,5.6811589956,5.5647310202,1.3302240126,5.6481254523,1.3390875607,1.5382197356,5.578414457,15.25742721,4.575316708,0.906749764
5.54517744447956,5.7756301802,5.6739585236,1.2584718278,5.6713888433,1.3810178142,1.492752941,5.716519972,13.33668474,4.4247262502,0.906749764
5.54517744447956,5.711970722,5.5876578758,1.3712432688,5.758137504,1.4061237774,1.623668105,5.673839953,16.57056769,21.43340318,0.94996274
5.91350300563827,5.863112657,5.7813705342,1.2885163726,5.8260489295,1.287988451,1.482840863,5.836376622,17.83847906,19.10504776,0.925710078
6.09582456243222,5.7540566717,5.6825964049,1.3133256608,5.7139025764,1.268765892,1.5173729238,5.606017672,10.60836789,20.708409778,0.94996274
5.06259503302697,5.5946359154,5.4602226852,1.464557609,5.5599315376,1.493529819,1.675847053,5.733957687,17.72357647,11.60217057,0.91242967
5.43372200355424,5.7334238988,5.630617043,1.361518281,5.80593504,1.284244718,1.5798588234,5.844662997,14.58878995,21.42908194,0.94996274
5.25749537202778,5.7923633394,5.6099656346,1.3203627287,5.8319371616,1.3039676885,1.4878757766,5.434796376,10.47259775,7.4406148408,0.926640562
4.97673374242057,5.840234671,5.7199189595,1.3389151665,5.6637851408,1.4674818616,1.6176357,5.536771541,17.83847906,21.25369543,0.937887159
6.22059017009974,5.8561767285,5.761194464,1.255542629,5.842600461,1.2412452445,1.4505556046,5.866882518,17.50927632,13.87688677,0.923401612
5.14749447681345,5.6512372049,5.5104009864,1.4808199411,5.5645130205,1.594785319,1.726248545,5.589988618,15.85830438,10.818540522,0.926640562
6.12249280951439,5.7863234524,5.6812242984,1.213514386,5.7528939835,1.315462855,1.496430161,5.669267907,10.64417383,5.1639024496,0.956134403
5.97126183979046,5.6340514996,5.4866660538,1.4230817292,5.5765430216,1.3718777542,1.609389421,5.687253997,17.06747785,11.857253268,0.884400959
4.91998092582813,5.789516998,5.5665753806,1.3539141705,5.8682746526,1.280440226,1.5646817386,5.804848492,10.89051192,6.2791546474,0.926640562
5.11799381241676,5.837519864,5.68287813,1.366677819,5.6861704114,1.4461402813,1.6386172216,5.592170549,17.72172688,20.97117346,0.93486508
5.85220247977447,5.7370667131,5.6266535218,1.3741626635,5.6865903434,1.3115886776,1.5997544834,5.556890279,14.71421615,21.13194302,0.94996274
5.44673737166631,5.8781733574,5.7482748411,1.3109257471,5.8902136414,1.2890273098,1.5181044504,5.893666213,17.83847906,18.253313936,0.911440199
5.6970934865054,5.8502135037,5.7150760209,1.2704073315,5.5901949844,1.3081198978,1.46924341,5.507235147,14.61162619,10.385957062,0.923401612
5.5834963087817,5.6481875952,5.4996253042,1.4318899446,5.6676543318,1.354605575,1.5870704708,5.452635363,15.85830438,11.455967924,0.906749764
5.92425579741453,5.6259099122,5.4926951512,1.4552225416,5.5591781857,1.507451121,1.70903142,5.379411567,15.85830438,12.863934202,0.926640562
5.19295685089021,5.6842948382,5.5511746314,1.3740667615,5.557241628,1.4650571398,1.6314892088,5.406878092,12.77064195,8.2976826754,0.956134403
5.19849703126583,5.7085468222,5.594461089,1.3336293224,5.838389814,1.3463428444,1.5618532872,5.696443019,10.54059153,5.5642051858,0.956134403
4.62497281328427,5.7922979868,5.5695452191,1.3658012871,5.7284944386,1.327207402,1.6641919838,5.964130139,12.8253393,7.4434734478,0.926640562
5.37527840768417,5.6262755342,5.5088458294,1.4793551074,5.4698804446,1.5696236842,1.7693140316,5.505513483,15.18390144,12.716471556,0.926640562
5.61312810638807,5.7089335766,5.5496675059,1.4164177392,5.6061270533,1.6536765963,1.7638610028,5.494543279,14.35169279,10.585787106,0.926640562
4.0943445622221,5.6487066731,5.5013467977,1.4250951051,5.7074575082,1.3621048514,1.5768882352,5.595638331,15.85830438,12.754048196,0.869597988
5.24702407216049,5.8232832494,5.6344310326,1.3405656624,5.8725295326,1.291909192,1.5023449688,5.839381954,9.824039691,6.0985694886,0.926640562
5.43372200355424,5.727182309,5.549131367,1.419490367,5.5195310635,1.5225847827,1.6729281252,5.342392303,16.12016034,20.89927316,0.94996274
5.08140436498446,5.772802023,5.6623134423,1.2198385209,5.8788740722,1.2535153686,1.510589752,5.963547866,11.10513584,6.0170791086,0.956134403
5.59471137960184,5.771172032,5.688603377,1.364301108,5.803955854,1.3511976814,1.6237689196,5.820566365,11.58632726,19.91910586,0.94996274
5.08759633523238,5.8669382667,5.735788729,1.3075043851,5.9353440036,1.2722747995,1.4932444762,6.013311826,17.04372052,15.136826412,0.911440199
4.17438726989564,5.6826543177,5.5355849342,1.3942581976,5.6244486918,1.423536363,1.61562848,5.628477649,11.71776936,9.708200007,0.956134403
6.1779441140506,5.8457004879,5.6652279226,1.3209650297,5.9068120478,1.3233072915,1.5171202518,6.062673058,9.208718021,5.9622662284,0.926640562
5.88887795833288,5.6732035778,5.5287548874,1.4694102466,5.5976391678,1.5899991601,1.7783509718,5.43977649,14.35169279,13.43779689,0.926640562
4.48863636973214,5.7647726865,5.5591955425,1.4307357655,5.5701159789,1.5133646525,1.6884287812,5.49602255,15.86898566,20.35170136,0.94996274
5.78996017089725,5.8662293078,5.722024178,1.3048030584,5.950746059,1.2758000002,1.5007256452,6.029522761,16.9945528,14.482082084,0.911440199
5.03043792139244,5.6801194218,5.5334618817,1.4283935723,5.6575628271,1.4485080424,1.5895340278,5.701792995,14.89647342,13.929178994,0.882724298
5.27811465923052,5.8508173432,5.6655709566,1.319426451,5.8654836778,1.3448301621,1.6396893094,5.506246541,11.51305204,6.6271169646,0.926640562
5.62040086571715,5.8634879337,5.7299879903,1.2725753417,5.7346992156,1.3147296815,1.5184789638,5.748681792,12.11562566,7.6357337858,0.923401612
5.12989871492307,5.853094712,5.6448540834,1.380143638,5.6254560533,1.4067614468,1.6180599742,5.516290229,16.9945528,17.721157066,0.927089096
5.78689738136671,5.8661765609,5.6981151277,1.3326054346,5.9567754193,1.3044614158,1.5325258154,5.950746059,16.9945528,15.429863166,0.911440199
5.44241771052179,5.8002658129,5.7026834781,1.352736985,5.7999694725,1.391304928,1.6584612584,5.821892527,11.74018889,19.166648568,0.94996274
5.28826703069454,5.80133159,5.692430262,1.38947962,5.7222950113,1.4030392925,1.6579632396,5.606089104,13.64758082,19.61055654,0.94996274
6.13556489108174,5.8308506608,5.607031899,1.3733136326,5.5986400965,1.6024779658,1.7585639396,5.680336038,13.65455813,10.605154644,0.926640562
5.33271879326537,5.8895644881,5.6718286337,1.3934601878,5.625342656,1.4299921642,1.634594466,5.433421817,16.47909783,15.604357622,0.927089096
5.30330490805908,5.6990702782,5.5492972956,1.4288857502,5.7540586666,1.428990087,1.5893878238,5.761293591,14.19118569,14.634716216,0.861530178
4.45434729625351,5.6807281314,5.5228335162,1.4589366972,5.7376575915,1.4339185835,1.6140507458,5.739641108,14.19118569,14.756338722,0.884302036
5.63478960316925,5.9092208141,5.7488915865,1.259507422,6.0054493734,1.3157642664,1.5203516302,5.709213741,16.03308713,10.675240264,0.911440199
6.289715570909,5.8230491616,5.7331209259,1.3368663633,5.7965757935,1.4579866114,1.6549021672,5.753225141,9.07755417,17.508400392,0.94996274
4.79579054559674,5.9130016736,5.7176044054,1.3325152172,6.0054290892,1.312632133,1.5630732238,6.091958946,16.50582515,12.244461718,0.911440199
6.35088571671474,5.8893495607,5.7712900375,1.240769548,5.8052502756,1.1989584005,1.542851151,5.825135306,11.1239457,6.2375343014,0.891170551
5.34233425196481,5.8762517549,5.760751129,1.2560820134,6.0437985228,1.347804345,1.569568299,6.011294634,10.39299266,7.1053868754,0.916077917
5.25227342804663,5.8725386702,5.7532089376,1.3149634354,5.8381979355,1.3363131235,1.6875233634,5.57159495,13.41285942,10.450900346,0.926640562
5.75257263882563,5.8364524342,5.7373358256,1.372137698,5.877141023,1.3288986188,1.6359385324,5.89199318,12.04080445,17.760778264,0.94996274
5.77144112313002,5.8172998118,5.6833195544,1.4047735462,5.693673531,1.4528707235,1.652709168,5.696185138,16.32899622,17.926898098,0.94996274
4.20469261939097,5.8329283674,5.6861885074,1.370710531,5.796102495,1.4085712068,1.602655255,5.840447387,13.55007381,14.321581186,0.884302036
5.79301360838414,5.7142722732,5.5526143984,1.4451249918,5.750755536,1.4462145835,1.6201728978,5.755231559,13.65455813,15.470852094,0.854239733
5.31811999384422,5.9347251487,5.7482868046,1.3772019098,5.9677153515,1.3199673226,1.6357370764,5.984868693,17.29985334,10.109570072,0.920569132
5.78689738136671,5.8828220905,5.7821325801,1.2641379228,5.887887464,1.2569022179,1.5313755156,5.859669663,12.3900133,12.060908746,0.884302036
5.95583736946483,5.9464690862,5.8109304212,1.2579132134,5.8403109418,1.251176994,1.507125679,5.770030201,16.23374361,6.4300642506,0.870872964
6.18208490671663,5.9006904898,5.80877702,1.2447277787,5.7981517698,1.192342984,1.4961744368,5.781258475,11.52441987,6.7401729616,0.86604371
5.40267738187228,5.7901077198,5.632174071,1.3787272604,5.8274065883,1.3690916692,1.5777661148,5.742137297,13.55007381,16.140985896,0.884302036
5.46806014113513,5.8749037954,5.6676111014,1.4309000512,5.7568796925,1.6080273657,1.736499486,5.758768839,17.53712618,12.749465096,0.927089096
4.85203026391962,5.889019926,5.8007842794,1.2469376762,6.0344596442,1.1773002119,1.4928886342,6.117087832,9.208718021,10.041504276,0.884302036
5.68697535633982,5.8367384698,5.7228895186,1.3456804543,5.8171673488,1.3519897485,1.5446042226,5.875302799,13.55007381,16.390142052,0.884302036
5.8111409929767,5.8426170068,5.7460809862,1.3262381344,5.8957560681,1.2881384345,1.540881079,5.96939689,15.83813906,15.517238676,0.941557475
4.84418708645859,5.7503317554,5.5899158588,1.4284171188,5.756714851,1.3948056068,1.590049983,5.803178123,13.55007381,16.88453274,0.864913458
5.29831736654804,5.840170057,5.6955385818,1.358873521,5.7595465145,1.4712917094,1.6840520714,5.767514785,17.53712618,12.458628206,0.927089096
6.53233429222235,5.848339978,5.764979839,1.309445865,5.8895534185,1.2785714918,1.5157225572,5.775953408,13.87517167,15.48872921,0.926071426
5.76205138278018,5.8779896035,5.7876979025,1.2582403685,5.896024648,1.2036157232,1.4594229762,5.946820659,9.257354565,13.81545033,0.894078306
5.30330490805908,5.7420355938,5.5603852608,1.4411257142,5.560953924,1.5191851562,1.6841463312,5.614737696,13.55007381,17.71604928,0.843135961
5.59098698051086,5.8974003459,5.8103746015,1.2430631694,5.8999796753,1.194305566,1.4659903496,5.912450865,11.40240733,12.032606302,0.894078306
5.27811465923052,5.8867247805,5.729194456,1.3795261045,5.6984580634,1.5668201874,1.6712194774,5.717022479,18.774746,9.976807266,0.926071426
6.40191719672719,5.9460758342,5.826942324,1.2590402044,5.9021426865,1.3369416639,1.510981415,5.851388518,17.89489991,6.6069249404,0.8825761
6.01615715969835,5.9403853746,5.839755582,1.2464210966,5.8830335455,1.221731256,1.4923794036,5.704227819,14.58441145,9.5837043934,0.85897385
6.34388043412633,5.8434820938,5.766469595,1.2781998974,5.8726602498,1.311309894,1.469795892,5.873979006,16.32899622,12.369240198,0.926071426
5.09375020080676,5.9341099717,5.7809418367,1.3590597442,6.0401478239,1.4437558396,1.6749769298,6.012438185,19.35404593,6.3743670098,0.920569132
5.15329159449778,5.8430708572,5.7400527995,1.3221171141,5.7834825496,1.32139375,1.5236805474,5.783810462,12.18026692,18.190855804,0.894078306
6.33505425149806,5.9504448526,5.8356083206,1.2705324888,5.8996997878,1.3077739225,1.5020291558,5.925878892,17.91252696,8.2138751778,0.8825761
5.75890177387728,5.8534920632,5.790966427,1.261651083,5.8075043117,1.1916652472,1.4445877916,5.639541377,11.61452007,12.757783766,0.926598073
6.19847871649231,5.8310651364,5.7452474747,1.287263069,5.832671532,1.3345052684,1.4732545404,5.874685259,17.97519882,9.5568915302,0.920569132
5.8636311755981,5.8344790428,5.7351394148,1.3229445474,5.8041380956,1.309281756,1.5430513864,5.875124084,10.50077152,19.677105692,0.894078306
5.78074351579233,5.749307424,5.5947058996,1.4743933176,5.438939554,1.678083909,1.7843444592,5.437776784,11.46237797,19.987712682,0.856930113
5.90808293816893,5.9123012022,5.8180092338,1.2529131898,5.6710962956,1.2806039812,1.551658244,5.429887194,15.88441873,13.825000904,0.894078306
5.85220247977447,5.8451633404,5.7485082246,1.2965075536,5.8927368475,1.2870051492,1.51571431,5.842428232,10.71523019,18.494288114,0.894078306
6.29156913955832,5.8962683724,5.8050913664,1.278613694,5.8902935755,1.3146190789,1.5462922392,5.704024287,14.51197332,15.655749662,0.894078306
5.73009978297357,5.756673997,5.5964774296,1.4351607322,5.6736456755,1.4896905755,1.711530061,5.616446843,11.3096056,20.908570954,0.894078306
5.74939298590825,5.9369295164,5.7878215584,1.3607172722,5.9303237164,1.4867997265,1.6765016494,5.960791504,19.68932861,6.5398742054,0.920569132
6.24416690066374,5.9456834351,5.8323472844,1.3039301281,5.9717307224,1.27465241,1.553133126,5.887705051,19.68932861,9.9495326194,0.89707991
5.2257466737132,5.8450642006,5.7812486003,1.2577901217,5.7779767972,1.1923812575,1.448531667,5.678094374,11.91293843,10.142387724,0.926598073
4.88280192258637,5.9016132775,5.7236648345,1.3527598295,5.7164741888,1.4465011933,1.6739212616,5.519059381,19.68932861,6.6376253,0.920569132
6.20455776256869,5.829857557,5.729943986,1.341014493,5.832093049,1.267234987,1.5417154818,5.798066061,19.32648057,6.77981653,0.920569132
6.03068526026126,5.832572704,5.764480894,1.284139507,5.8385287384,1.2529958225,1.4439400276,5.848339978,17.2872378,7.517586964,0.926598073
6.49677499018586,5.91693121,5.7883123445,1.310179476,5.9833385428,1.275466627,1.614311509,6.027542202,19.68932861,13.17826914,0.89443171
5.71373280550937,5.8016436068,5.6729406072,1.3721829024,5.7718015944,1.3718751065,1.6410013694,5.78365886,8.92905346,22.352635502,0.894078306
5.37063802812766,5.7808503348,5.650032463,1.4540825912,5.4593015625,1.6791280695,1.741624314,5.484198613,9.986338385,22.447437464,0.856930113
6.11589212548303,5.7890908076,5.6285479839,1.422586428,5.7567700902,1.4807072466,1.741607326,5.578394942,9.392046506,23.309697362,0.894078306
5.05624580534831,5.9264257824,5.7775668023,1.3581242351,5.8611306402,1.250546354,1.6147172318,5.463353793,19.68932861,10.50275437,0.914950225
5.33271879326537,5.8101399515,5.6992264666,1.3860024892,5.812999695,1.3311297162,1.6020503662,5.478024382,11.88562536,22.476912246,0.894078306
6.04973345523196,5.8720264726,5.7459272771,1.3432265818,5.7476281732,1.379924231,1.7333455328,5.485391379,16.97948403,18.81207471,0.894078306
6.29710931993394,5.904652437,5.783666454,1.311270023,5.887660586,1.4933769996,1.709927764,5.84973002,19.50469216,16.56639813,0.858489148
6.18620862390049,5.8234545335,5.7244518562,1.354046701,5.8405309168,1.317875601,1.554027792,5.800830331,19.68932861,6.695690333,0.914950225
6.03787091992214,5.9200892955,5.744137644,1.364924497,5.9471868565,1.2309715092,1.603221842,5.953853258,19.68932861,12.42626966,0.914950225
5.99396142730657,5.8402102335,5.7760066735,1.3073019003,5.8605927335,1.2556122078,1.4681996404,5.915500676,16.78988586,6.2338889972,0.926598073
5.14749447681345,5.8071039906,5.6376559954,1.4476264004,5.533059502,1.5644344665,1.7115453172,5.431515623,8.722969813,24.875950936,0.894078306
4.89783979995091,5.8584424822,5.7030799696,1.3324560954,5.67692656,1.5100677238,1.6280719862,5.671141486,19.68932861,10.37630355,0.914950225
6.95463886488099,5.8497279074,5.7879369893,1.3084976979,5.8479666124,1.2828611255,1.5025216802,5.813591039,14.65347895,5.7542486436,0.972158393
6.24222326545517,5.7913844855,5.6750056465,1.4222706735,5.8176984112,1.3699289776,1.7894161224,5.845437508,13.9983792,23.7147222,0.894078306
6.18826412308259,5.8970222192,5.7677136572,1.3378088713,5.8009054555,1.633388642,1.7790155464,5.831407615,19.50469216,18.698136542,0.910528821
5.33753807970132,5.9072663553,5.730117372,1.3776197958,5.8834879643,1.278296164,1.6595851664,5.875087248,19.68932861,13.419760824,0.914950225
4.81218435537242,5.8875543154,5.7321088952,1.4528172866,5.992457847,1.3792885905,1.6463088492,6.101475899,8.722969813,24.519051272,0.856930113
5.2257466737132,5.904592445,5.7328242492,1.3777462572,5.9033404517,1.260121328,1.655405854,5.963645142,19.68932861,14.67927463,0.910528821
5.95324333428778,5.7881606085,5.642483988,1.436313851,5.683240167,1.524713504,1.7210002966,5.747667444,8.719088882,26.2095838,0.894078306
6.10031895202006,5.870826244,5.79963073,1.3433254024,5.7934016807,1.4008548425,1.54220267,5.866136102,19.35404593,8.1663058646,0.914950225
5.37989735354046,5.888325636,5.7312027494,1.3802859438,5.7296372574,1.3810685646,1.6912787654,5.566285353,19.68932861,18.301053518,0.910528821
6.62539236800796,5.8680313985,5.8073877754,1.3345242083,5.8068591872,1.3273364366,1.5348368024,5.842433069,16.69342661,6.4690144832,0.932080342
5.75257263882563,5.8063543245,5.6583727422,1.5139844844,5.6371426004,1.4360623356,1.8470411594,5.48081534,17.77141583,23.019979542,0.894078306
5.80211837537706,5.902821659,5.7665687935,1.4496858629,5.96355022,1.3676164024,1.5744162658,5.859732817,8.195638835,25.191777988,0.872154327
6.65929391968364,5.8622037252,5.7866592678,1.3414671782,5.8480543101,1.3667760352,1.589695959,5.758785474,12.4228019,4.9747902236,1.021921934
6.61606518513282,5.8966708976,5.8075521284,1.382138926,5.7506949595,1.4748395822,1.629285592,5.529164021,19.68932861,11.601592002,0.907129586
6.34738920965601,5.723719207,5.5509684175,1.560226428,5.738838337,1.5655364175,1.8795518502,5.758429043,13.95082561,27.69211751,0.923851193
5.23644196282995,5.754082208,5.58394001,1.536038484,5.5911404642,1.6250642604,1.834863427,5.454280114,10.48939526,28.75601594,0.869903212
5.01727983681492,5.7760486447,5.620515572,1.6042695957,5.5876307528,1.6563003935,1.8901274274,5.380254043,18.06513165,25.157980786,0.923851193
5.25749537202778,5.8866031302,5.7719298075,1.4505112977,5.9617663294,1.3895311,1.6147389262,5.957603918,8.627486336,28.376662856,0.869903212
5.53338948872752,5.8586917878,5.7018834845,1.5136643696,5.5482311415,1.5758348339,1.7753528916,5.48671041,8.195638835,29.436454564,0.869903212
5.90263333340137,5.9189132518,5.8465532284,1.3395015836,5.8893700325,1.4342859336,1.541657937,5.829614793,16.89636859,8.9445807358,0.932080342
6.05208916892442,5.9099842992,5.8399371394,1.3334662544,5.928872784,1.3823646378,1.5440822846,5.937163415,14.73159914,7.53224902,1.021921934
5.87211778947542,5.9185562913,5.8441012575,1.4128431886,5.9808856574,1.4261053708,1.6933411846,6.005638814,19.68932861,14.486004878,1.004621398
6.47389069635227,5.880641725,5.797844531,1.358800682,5.918321849,1.3889882572,1.61687468,5.878113444,11.4617894,5.305135355,1.021921934
5.37063802812766,5.7452221008,5.582232285,1.7070773018,5.7478828454,1.7818892516,1.9509068652,5.63717016,18.54361257,26.07899176,1.00033694
6.23244801655052,5.9269364038,5.8595141104,1.4003127704,5.9914087072,1.3901985,1.6057959202,5.959620881,18.47356838,13.089724238,0.984628625
5.89989735358249,5.858067105,5.6966621849,1.5712487468,5.554630366,1.6670807624,1.8285469488,5.361864,8.627486336,31.751210746,0.869903212
5.49306144334055,5.8707960948,5.7404735456,1.4916721062,5.8825349338,1.5320015628,1.6888958686,5.800629141,8.627486336,31.611975154,0.869903212
5.98393628068719,5.7241213506,5.5422601138,1.6716044328,5.6327435508,1.7187871444,1.932380135,5.400750145,11.12502599,31.018135496,0.916739581
5.82304589548302,5.693837693,5.524841286,1.703908781,5.7300841448,1.7923828196,1.9402899772,5.772841229,15.09585293,29.43537502,0.94280803
5.26785815906333,5.734275749,5.583228615,1.7397547804,5.8659081995,1.690915175,1.9588920052,5.90411517,19.34745224,23.611545058,1.00033694
4.24849524204936,5.7338176078,5.5715495128,1.7849888762,5.7751997874,1.769491574,1.9946655876,5.63273652,18.65342703,25.936470974,1.00033694
6.72383244082121,5.854553768,5.7187520816,1.5522613266,5.8435644298,1.5690239046,1.742644501,5.773292141,8.627486336,33.921622468,1.03974053
5.28320372873799,5.6326984536,5.4922428585,1.779729872,5.616676567,1.8339134711,1.9875105886,5.583900455,15.11188791,30.789221238,0.972218854
5.45958551414416,5.675011866,5.5158430868,1.7994186871,5.5091282002,1.8527114,2.0080581098,5.464181571,17.51062797,28.911673762,0.991227573
5.63478960316925,5.7921897659,5.6244403424,1.8178517472,5.5063211844,1.9015271998,2.0131732264,5.409703243,19.03918672,24.36552623,1.004621398
5.89715386763674,5.674965116,5.522131683,1.7625941305,5.54079886,1.7944454052,1.978774254,5.602205073,9.300129964,33.71278289,0.94280803
4.33073334028633,5.622690056,5.499231213,1.8186638535,5.5471257814,1.8533538308,1.9899918116,5.491590218,16.3235739,30.40562405,0.972218854
5.45958551414416,5.6472177501,5.5251531342,1.7520780388,5.537386279,1.8112373842,1.9543583128,5.565313442,8.851540496,34.340928158,1.03974053
4.80402104473326,5.8129945266,5.6856263601,1.8146425742,5.675127902,1.925569309,2.0185601162,5.669617692,20.33729127,23.841281356,1.004621398
5.78074351579233,5.596312971,5.4980545022,1.7729779172,5.5203494522,1.838606752,1.9760051508,5.516184014,10.84717751,33.83087904,0.94280803
