"dataset","n_samples","repeat_id","model","mae","rmse"
"screened",885,1,"MLR",0.564558279469819,0.718013918721178
"screened",885,1,"BCS",0.544372100061238,0.709557486103222
"screened",885,1,"GOS",0.537338911736388,0.704227929775523
"screened",885,2,"MLR",0.534313468164158,0.679675129068917
"screened",885,2,"BCS",0.497891894499412,0.647348307614025
"screened",885,2,"GOS",0.497080716074794,0.644175833281755
"screened",885,3,"MLR",0.518981072854302,0.65885319964575
"screened",885,3,"BCS",0.50029873127097,0.636349352159834
"screened",885,3,"GOS",0.498240442374506,0.635535727310624
"screened",885,4,"MLR",0.534544972288706,0.686790630642527
"screened",885,4,"BCS",0.497137482727124,0.655331303290876
"screened",885,4,"GOS",0.495336442419665,0.656200523325624
"screened",885,5,"MLR",0.559441563429397,0.695475355018017
"screened",885,5,"BCS",0.529318222335736,0.670955943838007
"screened",885,5,"GOS",0.517310526677163,0.659482976540084
"screened",885,6,"MLR",0.534982278730849,0.675642391180297
"screened",885,6,"BCS",0.519736210825371,0.653914422345665
"screened",885,6,"GOS",0.509787650328347,0.646167286140846
"screened",885,7,"MLR",0.553167726161562,0.695255956042704
"screened",885,7,"BCS",0.536455408304465,0.687074392475838
"screened",885,7,"GOS",0.52504786644786,0.678075473697976
"screened",885,8,"MLR",0.541644108208289,0.684803146769398
"screened",885,8,"BCS",0.507138530963457,0.643412360689101
"screened",885,8,"GOS",0.503398308514561,0.640020060612306
"screened",885,9,"MLR",0.56720603211022,0.717018164941702
"screened",885,9,"BCS",0.540493984438944,0.699285694437709
"screened",885,9,"GOS",0.540415170686858,0.699568742524759
"screened",885,10,"MLR",0.546320342258332,0.703558382260904
"screened",885,10,"BCS",0.528194584285881,0.680729351018477
"screened",885,10,"GOS",0.517695832913142,0.673963300310001
"screened",885,11,"MLR",0.56463527215594,0.700795126805631
"screened",885,11,"BCS",0.535348156974221,0.682250660663138
"screened",885,11,"GOS",0.528942817660921,0.680047775702181
"screened",885,12,"MLR",0.534611796249185,0.668518689754138
"screened",885,12,"BCS",0.513527739122878,0.650722719738721
"screened",885,12,"GOS",0.506469036967524,0.643558837839682
"screened",885,13,"MLR",0.551384872549865,0.688564782667305
"screened",885,13,"BCS",0.526534498202525,0.669681300700192
"screened",885,13,"GOS",0.514192447745177,0.656969668270492
"screened",885,14,"MLR",0.553214203366868,0.683686935199456
"screened",885,14,"BCS",0.532341647623311,0.668622385987324
"screened",885,14,"GOS",0.522167208984215,0.658598645680054
"screened",885,15,"MLR",0.532293559531661,0.66553145756632
"screened",885,15,"BCS",0.504520517086129,0.632735821765
"screened",885,15,"GOS",0.49936604795094,0.628176640314097
"screened",885,16,"MLR",0.518268364702348,0.654826601647205
"screened",885,16,"BCS",0.500596502291491,0.637922375627712
"screened",885,16,"GOS",0.486864145114657,0.620667393228314
"screened",885,17,"MLR",0.552913902205027,0.697139791503176
"screened",885,17,"BCS",0.528226425342696,0.674073604635643
"screened",885,17,"GOS",0.521549535449147,0.665323380958772
"screened",885,18,"MLR",0.545917969287998,0.688397902428851
"screened",885,18,"BCS",0.520801708814813,0.657658670618896
"screened",885,18,"GOS",0.514680395902699,0.649120360822119
"screened",885,19,"MLR",0.542147579052646,0.682012852910453
"screened",885,19,"BCS",0.526580477327628,0.666788866256657
"screened",885,19,"GOS",0.516363819906089,0.658012584643139
"screened",885,20,"MLR",0.53055451529241,0.667615271983026
"screened",885,20,"BCS",0.516802958237597,0.655811999526573
"screened",885,20,"GOS",0.5075783193786,0.652148463874014
"screened",885,21,"MLR",0.547291057355286,0.686329531137866
"screened",885,21,"BCS",0.523420248976696,0.660977391124785
"screened",885,21,"GOS",0.517734345544031,0.657421673745066
"screened",885,22,"MLR",0.560319342658395,0.698235869337444
"screened",885,22,"BCS",0.543309827784259,0.685120620759887
"screened",885,22,"GOS",0.52661792260959,0.668484809861513
"screened",885,23,"MLR",0.546018902942717,0.674042223702063
"screened",885,23,"BCS",0.521763306210169,0.646058797240061
"screened",885,23,"GOS",0.507430657154053,0.630282847895508
"screened",885,24,"MLR",0.556234510118892,0.702190988425135
"screened",885,24,"BCS",0.527151920238202,0.667144417530808
"screened",885,24,"GOS",0.519943108749043,0.661858225959644
"screened",885,25,"MLR",0.5461446678232,0.682769322231797
"screened",885,25,"BCS",0.523076751218656,0.660954159357989
"screened",885,25,"GOS",0.515120914142168,0.649070099189789
"screened",885,26,"MLR",0.550276455521634,0.683374283885101
"screened",885,26,"BCS",0.520479466157755,0.664516980937907
"screened",885,26,"GOS",0.515988091388072,0.662063894392914
"screened",885,27,"MLR",0.55726699168418,0.698852336445291
"screened",885,27,"BCS",0.525138062899635,0.67598586246668
"screened",885,27,"GOS",0.51979344937822,0.676330238764402
"screened",885,28,"MLR",0.522656125808439,0.666257510482729
"screened",885,28,"BCS",0.502541218126514,0.647342050247506
"screened",885,28,"GOS",0.492264152375176,0.637283656600434
"screened",885,29,"MLR",0.56116537363944,0.709726402334955
"screened",885,29,"BCS",0.528648518792146,0.67937822169675
"screened",885,29,"GOS",0.514283051318482,0.664656751514301
"screened",885,30,"MLR",0.540201656731054,0.673816761122061
"screened",885,30,"BCS",0.517445909390794,0.654031380228364
"screened",885,30,"GOS",0.511342641983043,0.643818224783031
"screened",885,31,"MLR",0.56410658233752,0.715736557478651
"screened",885,31,"BCS",0.540440639479711,0.702840636931913
"screened",885,31,"GOS",0.532314065307765,0.696378315203033
"screened",885,32,"MLR",0.550627328307129,0.69755815691471
"screened",885,32,"BCS",0.527240548588033,0.678059202594583
"screened",885,32,"GOS",0.516299261861246,0.66672624229732
"screened",885,33,"MLR",0.534660916757433,0.670065228867462
"screened",885,33,"BCS",0.523216708811044,0.666370451467654
"screened",885,33,"GOS",0.521572806542847,0.662422335075239
"screened",885,34,"MLR",0.538954727027505,0.672840379919434
"screened",885,34,"BCS",0.511665497640988,0.642144063698091
"screened",885,34,"GOS",0.50567638102876,0.63334244156414
"screened",885,35,"MLR",0.536562861998379,0.6729725798842
"screened",885,35,"BCS",0.507947763883907,0.650105447019564
"screened",885,35,"GOS",0.496104274472741,0.636067250807755
"screened",885,36,"MLR",0.555032752628152,0.700490617460594
"screened",885,36,"BCS",0.529761057480774,0.674117376549309
"screened",885,36,"GOS",0.521366918730902,0.669336332925759
"screened",885,37,"MLR",0.55871099750586,0.701095560150062
"screened",885,37,"BCS",0.537776988390875,0.674872594030012
"screened",885,37,"GOS",0.529082206783413,0.663043736633085
"screened",885,38,"MLR",0.544997515889188,0.684462451788069
"screened",885,38,"BCS",0.51207503598058,0.656431435739052
"screened",885,38,"GOS",0.502611398787353,0.649592838915553
"screened",885,39,"MLR",0.527491526250515,0.666065381379186
"screened",885,39,"BCS",0.500046806604364,0.633628370895041
"screened",885,39,"GOS",0.49286773802899,0.624861122104331
"screened",885,40,"MLR",0.543064564115054,0.690077527372554
"screened",885,40,"BCS",0.517607213534664,0.667739714834667
"screened",885,40,"GOS",0.508131024955872,0.658448373809002
"screened",885,41,"MLR",0.5521388121784,0.695001557376954
"screened",885,41,"BCS",0.533129377563319,0.683084531989835
"screened",885,41,"GOS",0.524609568547662,0.674579718780206
"screened",885,42,"MLR",0.558296822981161,0.688784777679645
"screened",885,42,"BCS",0.541845339698078,0.678210611432546
"screened",885,42,"GOS",0.529972643323412,0.669387419938417
"screened",885,43,"MLR",0.540054000870907,0.672127199489311
"screened",885,43,"BCS",0.521789868327805,0.660354163399278
"screened",885,43,"GOS",0.510321806366767,0.649256654702696
"screened",885,44,"MLR",0.552721948639449,0.699372184867601
"screened",885,44,"BCS",0.529423261324332,0.684244878054253
"screened",885,44,"GOS",0.522052746172943,0.681250005157021
"screened",885,45,"MLR",0.55609032679589,0.698707380385346
"screened",885,45,"BCS",0.532424998670122,0.681744546097603
"screened",885,45,"GOS",0.526468853909642,0.679415936801757
"screened",885,46,"MLR",0.526897499106928,0.674068419032183
"screened",885,46,"BCS",0.511738749253817,0.660623492585911
"screened",885,46,"GOS",0.508008838936426,0.654724918030604
"screened",885,47,"MLR",0.553508197502107,0.703951274779581
"screened",885,47,"BCS",0.520863764889532,0.671130771697277
"screened",885,47,"GOS",0.513325087402693,0.66619246716997
"screened",885,48,"MLR",0.543255458770919,0.68528492169523
"screened",885,48,"BCS",0.518015294823915,0.66188857437857
"screened",885,48,"GOS",0.508794086291437,0.654878631744162
"screened",885,49,"MLR",0.548251229383952,0.684549037942548
"screened",885,49,"BCS",0.523144423227832,0.659417859878059
"screened",885,49,"GOS",0.510216320553136,0.65038331164648
"screened",885,50,"MLR",0.528335334636835,0.665781697535871
"screened",885,50,"BCS",0.520635837982572,0.654750678336945
"screened",885,50,"GOS",0.518527330879817,0.650859413514594
"unscreened",894,1,"MLR",0.555657324644661,0.706296927038809
"unscreened",894,1,"BCS",0.523470880073674,0.67864615175527
"unscreened",894,1,"GOS",0.518660552301626,0.674582206165926
"unscreened",894,2,"MLR",0.548010667730201,0.687327556880665
"unscreened",894,2,"BCS",0.519848272420496,0.675844193391123
"unscreened",894,2,"GOS",0.514630229683922,0.665307999498407
"unscreened",894,3,"MLR",0.562782875597162,0.730188862971785
"unscreened",894,3,"BCS",0.543504910803026,0.714412130559388
"unscreened",894,3,"GOS",0.538448390409744,0.705706640398438
"unscreened",894,4,"MLR",0.551372400511263,0.729463594140443
"unscreened",894,4,"BCS",0.513982638420492,0.696065037540358
"unscreened",894,4,"GOS",0.513292140535353,0.699201548525322
"unscreened",894,5,"MLR",0.567465217836882,0.718696371109457
"unscreened",894,5,"BCS",0.554756481611752,0.717003030834598
"unscreened",894,5,"GOS",0.545204183860151,0.70846603520524
"unscreened",894,6,"MLR",0.550123176478239,0.697239625181665
"unscreened",894,6,"BCS",0.530076265788774,0.675456869618118
"unscreened",894,6,"GOS",0.51879029650293,0.667326616395314
"unscreened",894,7,"MLR",0.57640302705099,0.728534484015125
"unscreened",894,7,"BCS",0.552655967551855,0.704711658238946
"unscreened",894,7,"GOS",0.53828569268065,0.692086874775169
"unscreened",894,8,"MLR",0.550331277440083,0.702163136371492
"unscreened",894,8,"BCS",0.527359845960209,0.676278836058103
"unscreened",894,8,"GOS",0.52091611002953,0.669186312732099
"unscreened",894,9,"MLR",0.562056464167368,0.703828567832359
"unscreened",894,9,"BCS",0.536897683264643,0.694885638339859
"unscreened",894,9,"GOS",0.537356367609976,0.692695511391772
"unscreened",894,10,"MLR",0.549729953520556,0.71078379980004
"unscreened",894,10,"BCS",0.532242369068649,0.691470997556514
"unscreened",894,10,"GOS",0.526639948835045,0.68755970990558
"unscreened",894,11,"MLR",0.584080153198129,0.752947186704645
"unscreened",894,11,"BCS",0.545067501503318,0.726615753965193
"unscreened",894,11,"GOS",0.532874918799364,0.719587414860483
"unscreened",894,12,"MLR",0.552923556621295,0.71041380635534
"unscreened",894,12,"BCS",0.51974152827103,0.687230453704253
"unscreened",894,12,"GOS",0.513610784043702,0.679701451313284
"unscreened",894,13,"MLR",0.554186623002892,0.709482247101271
"unscreened",894,13,"BCS",0.536848123453526,0.693982357017612
"unscreened",894,13,"GOS",0.531956463527411,0.688105062854674
"unscreened",894,14,"MLR",0.581390185169227,0.748019530959143
"unscreened",894,14,"BCS",0.548433297985821,0.716340424930539
"unscreened",894,14,"GOS",0.53795416376795,0.708837836713224
"unscreened",894,15,"MLR",0.559190664223728,0.707075536038813
"unscreened",894,15,"BCS",0.526315722202231,0.679825391534346
"unscreened",894,15,"GOS",0.517549066900664,0.669684452588993
"unscreened",894,16,"MLR",0.560805741780271,0.717105628036342
"unscreened",894,16,"BCS",0.552770033319333,0.71216250685105
"unscreened",894,16,"GOS",0.547996511856668,0.706497742734097
"unscreened",894,17,"MLR",0.558696140247674,0.719798849435744
"unscreened",894,17,"BCS",0.539499045624772,0.709039496253186
"unscreened",894,17,"GOS",0.529838988548092,0.700901089900014
"unscreened",894,18,"MLR",0.574216832657323,0.727286044203342
"unscreened",894,18,"BCS",0.559556021782762,0.715636622185778
"unscreened",894,18,"GOS",0.551202250320831,0.70784714273481
"unscreened",894,19,"MLR",0.580685909263185,0.738522182505916
"unscreened",894,19,"BCS",0.555269968150154,0.71782433840672
"unscreened",894,19,"GOS",0.545009759876864,0.706802540159175
"unscreened",894,20,"MLR",0.557190928096089,0.708888438776816
"unscreened",894,20,"BCS",0.55348348284565,0.719279722838334
"unscreened",894,20,"GOS",0.543591638051131,0.70751132374417
"unscreened",894,21,"MLR",0.567272285609529,0.724441646800928
"unscreened",894,21,"BCS",0.542117522454886,0.706559747276586
"unscreened",894,21,"GOS",0.535880712766424,0.701877107542
"unscreened",894,22,"MLR",0.576258716000602,0.73166860107621
"unscreened",894,22,"BCS",0.544301618840449,0.71269497762243
"unscreened",894,22,"GOS",0.541930006305165,0.713501414049985
"unscreened",894,23,"MLR",0.581615015993069,0.722108838719799
"unscreened",894,23,"BCS",0.551882957225916,0.697618229411491
"unscreened",894,23,"GOS",0.544179185506012,0.690215807314528
"unscreened",894,24,"MLR",0.572023885760939,0.736325356726639
"unscreened",894,24,"BCS",0.544816466220145,0.707453600127269
"unscreened",894,24,"GOS",0.532977788836705,0.696975296585799
"unscreened",894,25,"MLR",0.591097785446417,0.751305370482747
"unscreened",894,25,"BCS",0.575967743696555,0.74107009262398
"unscreened",894,25,"GOS",0.568462258199183,0.730559930008888
"unscreened",894,26,"MLR",0.569086178228462,0.715201162284942
"unscreened",894,26,"BCS",0.542090560988864,0.688598182481917
"unscreened",894,26,"GOS",0.532276778458512,0.678342883657084
"unscreened",894,27,"MLR",0.562865477709254,0.718819095091499
"unscreened",894,27,"BCS",0.529291770133365,0.693998372566322
"unscreened",894,27,"GOS",0.52349758148539,0.688396314050557
"unscreened",894,28,"MLR",0.55859174520823,0.711261578374747
"unscreened",894,28,"BCS",0.54304411989258,0.707444303056861
"unscreened",894,28,"GOS",0.536707067142665,0.698363385604392
"unscreened",894,29,"MLR",0.56705492965001,0.712720569851208
"unscreened",894,29,"BCS",0.541821190425709,0.694541718037344
"unscreened",894,29,"GOS",0.530717836140462,0.686423388348512
"unscreened",894,30,"MLR",0.578693984117104,0.729564295155493
"unscreened",894,30,"BCS",0.546218570779308,0.703850666100199
"unscreened",894,30,"GOS",0.529703352772029,0.687558222995727
"unscreened",894,31,"MLR",0.566827345137781,0.725747954503672
"unscreened",894,31,"BCS",0.530891908304189,0.698474563132552
"unscreened",894,31,"GOS",0.526264738206322,0.690312799351916
"unscreened",894,32,"MLR",0.567704870254911,0.716047059510724
"unscreened",894,32,"BCS",0.53864855016153,0.687706471279993
"unscreened",894,32,"GOS",0.530279000697598,0.679017945364444
"unscreened",894,33,"MLR",0.560588227756152,0.717637226885865
"unscreened",894,33,"BCS",0.540346770698708,0.702365206939282
"unscreened",894,33,"GOS",0.536552013534643,0.69883995410824
"unscreened",894,34,"MLR",0.554854949704849,0.719850375548894
"unscreened",894,34,"BCS",0.526135744508052,0.686966218470468
"unscreened",894,34,"GOS",0.522740765333493,0.686628373084525
"unscreened",894,35,"MLR",0.544274596835466,0.701833171596824
"unscreened",894,35,"BCS",0.513252236969504,0.676491689013
"unscreened",894,35,"GOS",0.512613699830711,0.676752229178471
"unscreened",894,36,"MLR",0.576296795724929,0.723041373666957
"unscreened",894,36,"BCS",0.555695606786758,0.70700843495848
"unscreened",894,36,"GOS",0.544973052712859,0.70076475379719
"unscreened",894,37,"MLR",0.583721479038986,0.744854475145056
"unscreened",894,37,"BCS",0.56395021057732,0.716953250463451
"unscreened",894,37,"GOS",0.555961841093745,0.705437609462057
"unscreened",894,38,"MLR",0.534194077808897,0.675686672195155
"unscreened",894,38,"BCS",0.499179364492366,0.63854485752339
"unscreened",894,38,"GOS",0.493104887205708,0.627800226662817
"unscreened",894,39,"MLR",0.576598616649483,0.730926473103073
"unscreened",894,39,"BCS",0.553838326843985,0.706873107616448
"unscreened",894,39,"GOS",0.537158822551897,0.692228312703165
"unscreened",894,40,"MLR",0.550534123485513,0.695542025685036
"unscreened",894,40,"BCS",0.544801681915364,0.698047469855426
"unscreened",894,40,"GOS",0.535045260222404,0.692217413932784
"unscreened",894,41,"MLR",0.566562783968994,0.724112473118318
"unscreened",894,41,"BCS",0.552729314650077,0.713701057557423
"unscreened",894,41,"GOS",0.54253549809999,0.709124949333926
"unscreened",894,42,"MLR",0.594218216095806,0.751541608891811
"unscreened",894,42,"BCS",0.563327009297018,0.729931177755151
"unscreened",894,42,"GOS",0.552302085435213,0.724615840026712
"unscreened",894,43,"MLR",0.563176602630827,0.698241821038023
"unscreened",894,43,"BCS",0.539359499476941,0.680196150704804
"unscreened",894,43,"GOS",0.527632332927103,0.664725568696449
"unscreened",894,44,"MLR",0.565388757852794,0.726267480482351
"unscreened",894,44,"BCS",0.547781460161327,0.716045458235902
"unscreened",894,44,"GOS",0.534228375733372,0.702037467641834
"unscreened",894,45,"MLR",0.550133271023278,0.702125016210367
"unscreened",894,45,"BCS",0.53034219072934,0.695173183939119
"unscreened",894,45,"GOS",0.527173461266914,0.693025004248178
"unscreened",894,46,"MLR",0.568706000901193,0.719387147781018
"unscreened",894,46,"BCS",0.541544143337673,0.692433812372998
"unscreened",894,46,"GOS",0.53062788478422,0.683935774979063
"unscreened",894,47,"MLR",0.553379743048712,0.7194229295353
"unscreened",894,47,"BCS",0.531538135607577,0.699219712631041
"unscreened",894,47,"GOS",0.519847560465149,0.690130025282006
"unscreened",894,48,"MLR",0.558002469843652,0.71544465383931
"unscreened",894,48,"BCS",0.539425090983611,0.703278355943111
"unscreened",894,48,"GOS",0.537804715965439,0.70066015236602
"unscreened",894,49,"MLR",0.542030258808182,0.683698498284424
"unscreened",894,49,"BCS",0.5097677578655,0.655858020641467
"unscreened",894,49,"GOS",0.502409643095804,0.649398398400754
"unscreened",894,50,"MLR",0.562234877760667,0.722569238089803
"unscreened",894,50,"BCS",0.549487778376149,0.708891300803737
"unscreened",894,50,"GOS",0.53673325906304,0.697190321605125
