"id","n_local","converged","note","neighbours_at_radius"
1,197,TRUE,"",197
2,213,TRUE,"",213
3,229,TRUE,"",229
4,235,TRUE,"",235
5,241,TRUE,"",241
6,237,TRUE,"",237
7,224,TRUE,"",224
8,219,TRUE,"",219
9,219,TRUE,"",219
10,270,TRUE,"",270
11,231,TRUE,"",231
12,241,TRUE,"",241
13,301,FALSE,"not converged",301
14,300,FALSE,"not converged",300
15,423,TRUE,"",423
16,242,TRUE,"",242
17,428,TRUE,"",428
18,319,FALSE,"not converged",319
19,325,FALSE,"not converged",325
20,445,TRUE,"",445
21,445,TRUE,"",445
22,456,TRUE,"",456
23,450,TRUE,"",450
24,466,TRUE,"",466
25,330,FALSE,"not converged",330
26,449,TRUE,"",449
27,471,TRUE,"",471
28,460,TRUE,"",460
29,474,TRUE,"",474
30,345,FALSE,"not converged",345
31,468,TRUE,"",468
32,472,TRUE,"",472
33,468,TRUE,"",468
34,464,TRUE,"",464
35,469,TRUE,"",469
36,373,FALSE,"not converged",373
37,395,FALSE,"not converged",395
38,468,TRUE,"",468
39,268,TRUE,"",268
40,472,TRUE,"",472
41,468,TRUE,"",468
42,495,TRUE,"",495
43,468,TRUE,"",468
44,476,TRUE,"",476
45,407,FALSE,"not converged",407
46,473,TRUE,"",473
47,497,TRUE,"",497
48,471,TRUE,"",471
49,497,TRUE,"",497
50,479,TRUE,"",479
51,337,FALSE,"not converged",337
52,345,FALSE,"not converged",345
53,485,TRUE,"",485
54,501,TRUE,"",501
55,489,TRUE,"",489
56,299,FALSE,"not converged",299
57,494,TRUE,"",494
58,392,FALSE,"not converged",392
59,490,TRUE,"",490
60,396,FALSE,"not converged",396
61,493,TRUE,"",493
62,269,TRUE,"",269
63,496,TRUE,"",496
64,285,TRUE,"",285
65,308,FALSE,"not converged",308
66,379,TRUE,"",379
67,504,TRUE,"",504
68,501,TRUE,"",501
69,506,TRUE,"",506
70,512,TRUE,"",512
71,499,TRUE,"",499
72,498,TRUE,"",498
73,493,TRUE,"",493
74,513,TRUE,"",513
75,505,TRUE,"",505
76,513,TRUE,"",513
77,528,TRUE,"",528
78,516,TRUE,"",516
79,516,TRUE,"",516
80,310,FALSE,"not converged",310
81,513,TRUE,"",513
82,530,TRUE,"",530
83,485,TRUE,"",485
84,513,TRUE,"",513
85,531,FALSE,"not converged",531
86,514,TRUE,"",514
87,399,FALSE,"not converged",399
88,316,FALSE,"not converged",316
89,530,TRUE,"",530
90,496,TRUE,"",496
91,500,TRUE,"",500
92,521,TRUE,"",521
93,391,FALSE,"not converged",391
94,510,TRUE,"",510
95,490,TRUE,"",490
96,538,TRUE,"",538
97,522,TRUE,"",522
98,347,TRUE,"",347
99,539,TRUE,"",539
100,386,FALSE,"not converged",386
101,477,FALSE,"not converged",477
102,523,TRUE,"",523
103,377,FALSE,"not converged",377
104,499,TRUE,"",499
105,538,TRUE,"",538
106,525,TRUE,"",525
107,501,TRUE,"",501
108,542,TRUE,"",542
109,434,FALSE,"not converged",434
110,285,TRUE,"",285
111,527,TRUE,"",527
112,327,FALSE,"not converged",327
113,505,TRUE,"",505
114,478,TRUE,"",478
115,535,TRUE,"",535
116,293,TRUE,"",293
117,416,FALSE,"not converged",416
118,544,TRUE,"",544
119,286,TRUE,"",286
120,541,TRUE,"",541
121,406,FALSE,"not converged",406
122,415,FALSE,"not converged",415
123,508,TRUE,"",508
124,561,TRUE,"",561
125,515,TRUE,"",515
126,400,FALSE,"not converged",400
127,563,TRUE,"",563
128,521,FALSE,"not converged",521
129,566,FALSE,"not converged",566
130,569,TRUE,"",569
131,557,TRUE,"",557
132,567,TRUE,"",567
133,544,TRUE,"",544
134,508,TRUE,"",508
135,514,FALSE,"not converged",514
136,557,TRUE,"",557
137,547,TRUE,"",547
138,575,TRUE,"",575
139,493,TRUE,"",493
140,510,TRUE,"",510
141,578,TRUE,"",578
142,559,TRUE,"",559
143,512,TRUE,"",512
144,558,TRUE,"",558
145,567,TRUE,"",567
146,570,TRUE,"",570
147,565,TRUE,"",565
148,584,TRUE,"",584
149,460,FALSE,"not converged",460
150,519,TRUE,"",519
151,559,TRUE,"",559
152,577,FALSE,"not converged",577
153,505,TRUE,"",505
154,586,TRUE,"",586
155,452,FALSE,"not converged",452
156,321,TRUE,"",321
157,506,TRUE,"",506
158,574,TRUE,"",574
159,516,FALSE,"not converged",516
160,588,FALSE,"not converged",588
161,594,TRUE,"",594
162,537,TRUE,"",537
163,585,TRUE,"",585
164,582,TRUE,"",582
165,328,TRUE,"",328
166,541,FALSE,"not converged",541
167,473,FALSE,"not converged",473
168,583,TRUE,"",583
169,413,FALSE,"not converged",413
170,547,FALSE,"not converged",547
171,588,TRUE,"",588
172,602,FALSE,"not converged",602
173,536,FALSE,"not converged",536
174,534,TRUE,"",534
175,602,TRUE,"",602
176,596,TRUE,"",596
177,565,FALSE,"not converged",565
178,520,FALSE,"not converged",520
179,594,TRUE,"",594
180,358,FALSE,"not converged",358
181,553,TRUE,"",553
182,550,TRUE,"",550
183,607,TRUE,"",607
184,602,TRUE,"",602
185,565,FALSE,"not converged",565
186,544,TRUE,"",544
187,548,TRUE,"",548
188,585,FALSE,"not converged",585
189,541,TRUE,"",541
190,454,FALSE,"not converged",454
191,612,TRUE,"",612
192,627,TRUE,"",627
193,635,TRUE,"",635
194,604,TRUE,"",604
195,632,TRUE,"",632
196,523,FALSE,"not converged",523
197,532,FALSE,"not converged",532
198,628,TRUE,"",628
199,593,TRUE,"",593
200,633,TRUE,"",633
201,626,TRUE,"",626
202,652,FALSE,"not converged",652
203,539,TRUE,"",539
204,592,TRUE,"",592
205,376,FALSE,"not converged",376
206,602,TRUE,"",602
207,598,TRUE,"",598
208,610,TRUE,"",610
209,502,TRUE,"",502
210,640,TRUE,"",640
211,357,TRUE,"",357
212,640,TRUE,"",640
213,640,TRUE,"",640
214,633,TRUE,"",633
215,498,TRUE,"",498
216,616,TRUE,"",616
217,632,TRUE,"",632
218,467,FALSE,"not converged",467
219,610,TRUE,"",610
220,396,FALSE,"not converged",396
221,651,TRUE,"",651
222,653,TRUE,"",653
223,639,TRUE,"",639
224,571,TRUE,"",571
225,666,TRUE,"",666
226,662,TRUE,"",662
227,637,TRUE,"",637
228,575,TRUE,"",575
229,411,FALSE,"not converged",411
230,431,FALSE,"not converged",431
231,616,TRUE,"",616
232,661,TRUE,"",661
233,658,TRUE,"",658
234,682,TRUE,"",682
235,660,TRUE,"",660
236,669,TRUE,"",669
237,592,TRUE,"",592
238,417,FALSE,"not converged",417
239,428,FALSE,"not converged",428
240,620,TRUE,"",620
241,485,TRUE,"",485
242,686,FALSE,"not converged",686
243,670,TRUE,"",670
244,449,TRUE,"",449
245,376,FALSE,"not converged",376
246,677,TRUE,"",677
247,503,TRUE,"",503
248,683,TRUE,"",683
249,682,TRUE,"",682
250,678,TRUE,"",678
251,686,FALSE,"not converged",686
252,697,FALSE,"not converged",697
253,639,FALSE,"not converged",639
254,686,TRUE,"",686
255,664,TRUE,"",664
256,472,TRUE,"",472
257,687,TRUE,"",687
258,627,FALSE,"not converged",627
259,669,TRUE,"",669
260,691,TRUE,"",691
261,485,TRUE,"",485
262,662,TRUE,"",662
263,694,TRUE,"",694
264,664,TRUE,"",664
265,686,TRUE,"",686
266,612,TRUE,"",612
267,367,TRUE,"",367
268,695,TRUE,"",695
269,593,TRUE,"",593
270,693,FALSE,"not converged",693
271,699,FALSE,"not converged",699
272,685,TRUE,"",685
273,546,TRUE,"",546
274,698,TRUE,"",698
275,577,TRUE,"",577
276,373,TRUE,"",373
277,705,TRUE,"",705
278,683,FALSE,"not converged",683
279,630,TRUE,"",630
280,544,TRUE,"",544
281,708,TRUE,"",708
282,497,TRUE,"",497
283,619,TRUE,"",619
284,492,TRUE,"",492
285,506,TRUE,"",506
286,711,TRUE,"",711
287,675,TRUE,"",675
288,678,TRUE,"",678
289,435,TRUE,"",435
290,694,TRUE,"",694
291,594,TRUE,"",594
292,707,TRUE,"",707
293,699,TRUE,"",699
294,486,TRUE,"",486
295,497,TRUE,"",497
296,713,FALSE,"not converged",713
297,690,TRUE,"",690
298,645,TRUE,"",645
299,727,TRUE,"",727
300,674,FALSE,"not converged",674
301,706,TRUE,"",706
302,723,FALSE,"not converged",723
303,708,FALSE,"not converged",708
304,719,TRUE,"",719
305,711,TRUE,"",711
306,715,TRUE,"",715
307,357,TRUE,"",357
308,458,TRUE,"",458
309,715,TRUE,"",715
310,654,TRUE,"",654
311,584,TRUE,"",584
312,688,TRUE,"",688
313,716,TRUE,"",716
314,717,TRUE,"",717
315,499,TRUE,"",499
316,603,TRUE,"",603
317,616,TRUE,"",616
318,731,TRUE,"",731
319,503,TRUE,"",503
320,728,TRUE,"",728
321,471,TRUE,"",471
322,618,TRUE,"",618
323,702,TRUE,"",702
324,729,TRUE,"",729
325,725,FALSE,"not converged",725
326,545,TRUE,"",545
327,651,TRUE,"",651
328,680,FALSE,"not converged",680
329,687,TRUE,"",687
330,676,TRUE,"",676
331,521,TRUE,"",521
332,748,TRUE,"",748
333,735,TRUE,"",735
334,696,TRUE,"",696
335,413,TRUE,"",413
336,680,TRUE,"",680
337,649,TRUE,"",649
338,413,TRUE,"",413
339,744,TRUE,"",744
340,742,TRUE,"",742
341,753,TRUE,"",753
342,737,TRUE,"",737
343,733,TRUE,"",733
344,471,TRUE,"",471
345,648,TRUE,"",648
346,735,TRUE,"",735
347,618,TRUE,"",618
348,741,TRUE,"",741
349,697,TRUE,"",697
350,474,TRUE,"",474
351,506,TRUE,"",506
352,750,TRUE,"",750
353,530,TRUE,"",530
354,708,TRUE,"",708
355,744,TRUE,"",744
356,742,TRUE,"",742
357,475,TRUE,"",475
358,684,TRUE,"",684
359,450,TRUE,"",450
360,424,TRUE,"",424
361,756,TRUE,"",756
362,750,TRUE,"",750
363,615,TRUE,"",615
364,573,TRUE,"",573
365,709,TRUE,"",709
366,749,TRUE,"",749
367,531,TRUE,"",531
368,443,TRUE,"",443
369,426,TRUE,"",426
370,753,TRUE,"",753
371,658,TRUE,"",658
372,687,TRUE,"",687
373,769,TRUE,"",769
374,591,TRUE,"",591
375,573,TRUE,"",573
376,516,TRUE,"",516
377,389,TRUE,"",389
378,415,TRUE,"",415
379,747,TRUE,"",747
380,763,TRUE,"",763
381,579,TRUE,"",579
382,755,TRUE,"",755
383,774,TRUE,"",774
384,747,TRUE,"",747
385,745,TRUE,"",745
386,538,TRUE,"",538
387,733,TRUE,"",733
388,455,TRUE,"",455
389,765,TRUE,"",765
390,658,TRUE,"",658
391,613,TRUE,"",613
392,762,TRUE,"",762
393,699,TRUE,"",699
394,773,TRUE,"",773
395,698,TRUE,"",698
396,656,TRUE,"",656
397,651,TRUE,"",651
398,482,TRUE,"",482
399,551,TRUE,"",551
400,750,TRUE,"",750
401,751,TRUE,"",751
402,389,TRUE,"",389
403,602,TRUE,"",602
404,688,TRUE,"",688
405,393,TRUE,"",393
406,785,TRUE,"",785
407,769,TRUE,"",769
408,754,TRUE,"",754
409,783,TRUE,"",783
410,757,TRUE,"",757
411,574,TRUE,"",574
412,784,TRUE,"",784
413,770,TRUE,"",770
414,791,TRUE,"",791
415,533,TRUE,"",533
416,644,TRUE,"",644
417,758,TRUE,"",758
418,741,TRUE,"",741
419,720,TRUE,"",720
420,533,TRUE,"",533
421,431,TRUE,"",431
422,443,TRUE,"",443
423,788,TRUE,"",788
424,373,TRUE,"",373
425,776,TRUE,"",776
426,637,TRUE,"",637
427,499,TRUE,"",499
428,788,TRUE,"",788
429,572,TRUE,"",572
430,587,TRUE,"",587
431,796,TRUE,"",796
432,753,TRUE,"",753
433,754,TRUE,"",754
434,777,TRUE,"",777
435,709,TRUE,"",709
436,622,TRUE,"",622
437,754,TRUE,"",754
438,780,TRUE,"",780
439,531,TRUE,"",531
440,799,TRUE,"",799
441,800,TRUE,"",800
442,789,TRUE,"",789
443,694,TRUE,"",694
444,767,TRUE,"",767
445,787,TRUE,"",787
446,726,FALSE,"not converged",726
447,566,TRUE,"",566
448,779,TRUE,"",779
449,622,TRUE,"",622
450,534,TRUE,"",534
451,637,TRUE,"",637
452,682,TRUE,"",682
453,750,TRUE,"",750
454,756,TRUE,"",756
455,778,TRUE,"",778
456,718,TRUE,"",718
457,807,TRUE,"",807
458,516,TRUE,"",516
459,444,TRUE,"",444
460,577,TRUE,"",577
461,624,TRUE,"",624
462,732,FALSE,"not converged",732
463,789,TRUE,"",789
464,641,TRUE,"",641
465,582,TRUE,"",582
466,444,TRUE,"",444
467,598,TRUE,"",598
468,620,TRUE,"",620
469,799,TRUE,"",799
470,799,TRUE,"",799
471,517,TRUE,"",517
472,523,TRUE,"",523
473,796,TRUE,"",796
474,825,TRUE,"",825
475,489,TRUE,"",489
476,633,TRUE,"",633
477,402,TRUE,"",402
478,724,TRUE,"",724
479,786,TRUE,"",786
480,802,TRUE,"",802
481,792,TRUE,"",792
482,780,TRUE,"",780
483,789,TRUE,"",789
484,526,TRUE,"",526
485,670,TRUE,"",670
486,450,TRUE,"",450
487,365,TRUE,"",365
488,640,TRUE,"",640
489,809,TRUE,"",809
490,705,TRUE,"",705
491,791,TRUE,"",791
492,505,TRUE,"",505
493,361,TRUE,"",361
494,706,TRUE,"",706
495,625,TRUE,"",625
496,655,TRUE,"",655
497,800,TRUE,"",800
498,764,TRUE,"",764
499,805,TRUE,"",805
500,794,TRUE,"",794
501,783,TRUE,"",783
502,811,TRUE,"",811
503,699,TRUE,"",699
504,809,TRUE,"",809
505,492,TRUE,"",492
506,811,TRUE,"",811
507,598,TRUE,"",598
508,352,TRUE,"",352
509,807,TRUE,"",807
510,799,TRUE,"",799
511,813,TRUE,"",813
512,682,TRUE,"",682
513,813,TRUE,"",813
514,804,TRUE,"",804
515,801,TRUE,"",801
516,512,TRUE,"",512
517,812,TRUE,"",812
518,553,TRUE,"",553
519,832,TRUE,"",832
520,778,TRUE,"",778
521,811,TRUE,"",811
522,820,TRUE,"",820
523,635,TRUE,"",635
524,817,TRUE,"",817
525,636,TRUE,"",636
526,444,TRUE,"",444
527,363,TRUE,"",363
528,509,TRUE,"",509
529,806,TRUE,"",806
530,529,TRUE,"",529
531,469,FALSE,"not converged",469
532,540,TRUE,"",540
533,501,TRUE,"",501
534,497,TRUE,"",497
535,565,TRUE,"",565
536,353,TRUE,"",353
537,632,TRUE,"",632
538,780,TRUE,"",780
539,632,TRUE,"",632
540,656,TRUE,"",656
541,800,TRUE,"",800
542,507,TRUE,"",507
543,756,TRUE,"",756
544,765,TRUE,"",765
545,823,TRUE,"",823
546,801,TRUE,"",801
547,442,FALSE,"not converged",442
548,810,TRUE,"",810
549,687,TRUE,"",687
550,803,TRUE,"",803
551,557,TRUE,"",557
552,445,FALSE,"not converged",445
553,811,TRUE,"",811
554,495,FALSE,"not converged",495
555,633,TRUE,"",633
556,571,TRUE,"",571
557,477,TRUE,"",477
558,514,TRUE,"",514
559,754,FALSE,"not converged",754
560,821,TRUE,"",821
561,542,TRUE,"",542
562,438,TRUE,"",438
563,835,TRUE,"",835
564,469,TRUE,"",469
565,839,TRUE,"",839
566,408,TRUE,"",408
567,822,TRUE,"",822
568,832,TRUE,"",832
569,492,TRUE,"",492
570,831,TRUE,"",831
571,598,TRUE,"",598
572,518,FALSE,"not converged",518
573,731,TRUE,"",731
574,525,TRUE,"",525
575,840,TRUE,"",840
576,535,TRUE,"",535
577,725,TRUE,"",725
578,342,TRUE,"",342
579,847,TRUE,"",847
580,490,TRUE,"",490
581,827,TRUE,"",827
582,760,TRUE,"",760
583,498,FALSE,"not converged",498
584,771,TRUE,"",771
585,450,TRUE,"",450
586,809,TRUE,"",809
587,824,TRUE,"",824
588,527,TRUE,"",527
589,857,TRUE,"",857
590,845,TRUE,"",845
591,851,TRUE,"",851
592,871,TRUE,"",871
593,473,TRUE,"",473
594,682,TRUE,"",682
595,504,FALSE,"not converged",504
596,745,TRUE,"",745
597,820,TRUE,"",820
598,856,TRUE,"",856
599,871,TRUE,"",871
600,591,TRUE,"",591
601,855,TRUE,"",855
602,864,TRUE,"",864
603,851,TRUE,"",851
604,473,TRUE,"",473
605,566,TRUE,"",566
606,518,FALSE,"not converged",518
607,784,TRUE,"",784
608,837,TRUE,"",837
609,454,TRUE,"",454
610,425,TRUE,"",425
611,833,TRUE,"",833
612,659,TRUE,"",659
613,683,TRUE,"",683
614,456,TRUE,"",456
615,869,TRUE,"",869
616,496,TRUE,"",496
617,873,TRUE,"",873
618,871,TRUE,"",871
619,861,TRUE,"",861
620,451,TRUE,"",451
621,838,TRUE,"",838
622,816,TRUE,"",816
623,816,TRUE,"",816
624,806,TRUE,"",806
625,496,TRUE,"",496
626,873,TRUE,"",873
627,875,TRUE,"",875
628,854,TRUE,"",854
629,576,TRUE,"",576
630,524,TRUE,"",524
631,863,TRUE,"",863
632,881,TRUE,"",881
633,839,TRUE,"",839
634,844,TRUE,"",844
635,817,TRUE,"",817
636,617,TRUE,"",617
637,647,TRUE,"",647
638,710,TRUE,"",710
639,514,FALSE,"not converged",514
640,870,TRUE,"",870
641,835,TRUE,"",835
642,582,TRUE,"",582
643,828,TRUE,"",828
644,611,TRUE,"",611
645,861,TRUE,"",861
646,521,TRUE,"",521
647,754,TRUE,"",754
648,883,TRUE,"",883
649,832,TRUE,"",832
650,882,TRUE,"",882
651,853,TRUE,"",853
652,562,TRUE,"",562
653,493,FALSE,"not converged",493
654,883,TRUE,"",883
655,885,TRUE,"",885
656,413,TRUE,"",413
657,853,TRUE,"",853
658,887,TRUE,"",887
659,641,TRUE,"",641
660,743,TRUE,"",743
661,394,TRUE,"",394
662,746,TRUE,"",746
663,613,TRUE,"",613
664,889,TRUE,"",889
665,608,TRUE,"",608
666,857,TRUE,"",857
667,853,TRUE,"",853
668,784,TRUE,"",784
669,848,TRUE,"",848
670,517,TRUE,"",517
671,835,TRUE,"",835
672,868,TRUE,"",868
673,890,TRUE,"",890
674,498,TRUE,"",498
675,864,TRUE,"",864
676,880,TRUE,"",880
677,859,TRUE,"",859
678,891,TRUE,"",891
679,503,TRUE,"",503
680,831,TRUE,"",831
681,550,TRUE,"",550
682,768,TRUE,"",768
683,871,TRUE,"",871
684,879,TRUE,"",879
685,646,TRUE,"",646
686,842,TRUE,"",842
687,861,TRUE,"",861
688,700,TRUE,"",700
689,863,TRUE,"",863
690,514,TRUE,"",514
691,861,TRUE,"",861
692,895,TRUE,"",895
693,470,TRUE,"",470
694,590,TRUE,"",590
695,561,TRUE,"",561
696,492,TRUE,"",492
697,777,TRUE,"",777
698,455,TRUE,"",455
699,838,TRUE,"",838
700,698,TRUE,"",698
701,896,TRUE,"",896
702,627,TRUE,"",627
703,649,TRUE,"",649
704,839,TRUE,"",839
705,876,TRUE,"",876
706,863,TRUE,"",863
707,879,TRUE,"",879
708,865,TRUE,"",865
709,894,TRUE,"",894
710,793,TRUE,"",793
711,573,TRUE,"",573
712,836,TRUE,"",836
713,376,TRUE,"",376
714,896,TRUE,"",896
715,802,TRUE,"",802
716,643,TRUE,"",643
717,807,TRUE,"",807
718,850,TRUE,"",850
719,452,TRUE,"",452
720,905,TRUE,"",905
721,512,FALSE,"not converged",512
722,899,TRUE,"",899
723,874,TRUE,"",874
724,401,TRUE,"",401
725,758,TRUE,"",758
726,831,TRUE,"",831
727,881,TRUE,"",881
728,813,TRUE,"",813
729,831,TRUE,"",831
730,542,TRUE,"",542
731,886,TRUE,"",886
732,883,TRUE,"",883
733,903,TRUE,"",903
734,514,TRUE,"",514
735,839,TRUE,"",839
736,904,TRUE,"",904
737,906,TRUE,"",906
738,685,TRUE,"",685
739,601,TRUE,"",601
740,893,TRUE,"",893
741,716,TRUE,"",716
742,828,TRUE,"",828
743,799,FALSE,"not converged",799
744,873,TRUE,"",873
745,517,TRUE,"",517
746,899,TRUE,"",899
747,569,TRUE,"",569
748,898,TRUE,"",898
749,746,TRUE,"",746
750,682,TRUE,"",682
751,880,TRUE,"",880
752,901,TRUE,"",901
753,874,TRUE,"",874
754,500,TRUE,"",500
755,837,TRUE,"",837
756,523,TRUE,"",523
757,628,TRUE,"",628
758,846,TRUE,"",846
759,471,TRUE,"",471
760,866,TRUE,"",866
761,503,TRUE,"",503
762,889,TRUE,"",889
763,900,TRUE,"",900
764,648,TRUE,"",648
765,887,TRUE,"",887
766,701,TRUE,"",701
767,898,TRUE,"",898
768,692,TRUE,"",692
769,680,TRUE,"",680
770,703,TRUE,"",703
771,635,TRUE,"",635
772,888,TRUE,"",888
773,467,TRUE,"",467
774,633,TRUE,"",633
775,843,TRUE,"",843
776,519,TRUE,"",519
777,650,TRUE,"",650
778,326,TRUE,"",326
779,519,FALSE,"not converged",519
780,875,TRUE,"",875
781,815,TRUE,"",815
782,885,TRUE,"",885
783,891,TRUE,"",891
784,571,TRUE,"",571
785,491,TRUE,"",491
786,439,TRUE,"",439
787,688,TRUE,"",688
788,500,TRUE,"",500
789,789,TRUE,"",789
790,558,TRUE,"",558
791,838,TRUE,"",838
792,824,TRUE,"",824
793,450,TRUE,"",450
794,572,TRUE,"",572
795,460,TRUE,"",460
796,648,TRUE,"",648
797,578,TRUE,"",578
798,896,TRUE,"",896
799,838,TRUE,"",838
800,651,TRUE,"",651
801,555,FALSE,"not converged",555
802,517,TRUE,"",517
803,887,TRUE,"",887
804,875,TRUE,"",875
805,737,TRUE,"",737
806,870,TRUE,"",870
807,644,TRUE,"",644
808,656,TRUE,"",656
809,492,TRUE,"",492
810,527,TRUE,"",527
811,896,TRUE,"",896
812,566,TRUE,"",566
813,608,TRUE,"",608
814,474,TRUE,"",474
815,497,TRUE,"",497
816,891,TRUE,"",891
817,684,TRUE,"",684
818,798,TRUE,"",798
819,462,TRUE,"",462
820,813,TRUE,"",813
821,864,TRUE,"",864
822,538,TRUE,"",538
823,896,TRUE,"",896
824,885,TRUE,"",885
825,573,TRUE,"",573
826,657,TRUE,"",657
827,835,TRUE,"",835
828,594,TRUE,"",594
829,826,TRUE,"",826
830,787,TRUE,"",787
831,815,TRUE,"",815
832,705,TRUE,"",705
833,483,TRUE,"",483
834,487,TRUE,"",487
835,572,TRUE,"",572
836,609,TRUE,"",609
837,501,TRUE,"",501
838,906,TRUE,"",906
839,792,TRUE,"",792
840,415,TRUE,"",415
841,482,TRUE,"",482
842,899,TRUE,"",899
843,689,TRUE,"",689
844,518,TRUE,"",518
845,800,TRUE,"",800
846,525,TRUE,"",525
847,876,TRUE,"",876
848,719,TRUE,"",719
849,622,TRUE,"",622
850,858,TRUE,"",858
851,485,TRUE,"",485
852,908,TRUE,"",908
853,881,TRUE,"",881
854,889,TRUE,"",889
855,823,TRUE,"",823
856,744,TRUE,"",744
857,890,TRUE,"",890
858,710,TRUE,"",710
859,653,TRUE,"",653
860,895,TRUE,"",895
861,870,TRUE,"",870
862,780,TRUE,"",780
863,526,TRUE,"",526
864,754,TRUE,"",754
865,742,TRUE,"",742
866,891,TRUE,"",891
867,891,TRUE,"",891
868,576,TRUE,"",576
869,458,TRUE,"",458
870,889,TRUE,"",889
871,866,TRUE,"",866
872,468,TRUE,"",468
873,898,TRUE,"",898
874,818,TRUE,"",818
875,878,TRUE,"",878
876,628,TRUE,"",628
877,666,TRUE,"",666
878,909,TRUE,"",909
879,807,TRUE,"",807
880,589,TRUE,"",589
881,863,TRUE,"",863
882,670,TRUE,"",670
883,612,TRUE,"",612
884,676,TRUE,"",676
885,882,TRUE,"",882
886,347,TRUE,"",347
887,586,TRUE,"",586
888,731,TRUE,"",731
889,516,TRUE,"",516
890,862,TRUE,"",862
891,647,TRUE,"",647
892,824,TRUE,"",824
893,889,TRUE,"",889
894,381,TRUE,"",381
895,568,FALSE,"not converged",568
896,893,TRUE,"",893
897,855,TRUE,"",855
898,508,TRUE,"",508
899,542,TRUE,"",542
900,897,TRUE,"",897
901,879,TRUE,"",879
902,789,TRUE,"",789
903,707,TRUE,"",707
904,880,TRUE,"",880
905,830,TRUE,"",830
906,579,TRUE,"",579
907,869,TRUE,"",869
908,420,TRUE,"",420
909,848,TRUE,"",848
910,730,TRUE,"",730
911,640,TRUE,"",640
912,902,TRUE,"",902
913,609,TRUE,"",609
914,573,TRUE,"",573
915,681,TRUE,"",681
916,876,TRUE,"",876
917,694,TRUE,"",694
918,881,TRUE,"",881
919,820,TRUE,"",820
920,806,TRUE,"",806
921,391,TRUE,"",391
922,576,TRUE,"",576
923,571,TRUE,"",571
924,759,TRUE,"",759
925,668,TRUE,"",668
926,835,TRUE,"",835
927,468,TRUE,"",468
928,803,TRUE,"",803
929,553,FALSE,"not converged",553
930,452,TRUE,"",452
931,889,TRUE,"",889
932,842,TRUE,"",842
933,647,TRUE,"",647
934,377,TRUE,"",377
935,840,TRUE,"",840
936,612,TRUE,"",612
937,676,TRUE,"",676
938,683,TRUE,"",683
939,518,TRUE,"",518
940,893,TRUE,"",893
941,772,TRUE,"",772
942,562,FALSE,"not converged",562
943,405,TRUE,"",405
944,901,TRUE,"",901
945,906,TRUE,"",906
946,789,TRUE,"",789
947,601,TRUE,"",601
948,871,TRUE,"",871
949,855,TRUE,"",855
950,796,TRUE,"",796
951,865,TRUE,"",865
952,675,TRUE,"",675
953,853,TRUE,"",853
954,566,TRUE,"",566
955,633,TRUE,"",633
956,502,TRUE,"",502
957,573,TRUE,"",573
958,558,FALSE,"not converged",558
959,870,TRUE,"",870
960,889,TRUE,"",889
961,639,TRUE,"",639
962,876,TRUE,"",876
963,835,TRUE,"",835
964,794,TRUE,"",794
965,874,TRUE,"",874
966,653,TRUE,"",653
967,795,TRUE,"",795
968,642,TRUE,"",642
969,850,TRUE,"",850
970,626,TRUE,"",626
971,777,TRUE,"",777
972,377,TRUE,"",377
973,716,TRUE,"",716
974,840,TRUE,"",840
975,799,TRUE,"",799
976,550,TRUE,"",550
977,792,TRUE,"",792
978,822,TRUE,"",822
979,835,TRUE,"",835
980,821,TRUE,"",821
981,859,TRUE,"",859
982,883,TRUE,"",883
983,829,TRUE,"",829
984,599,TRUE,"",599
985,520,TRUE,"",520
986,867,TRUE,"",867
987,842,TRUE,"",842
988,879,TRUE,"",879
989,749,TRUE,"",749
990,856,TRUE,"",856
991,799,TRUE,"",799
992,819,TRUE,"",819
993,552,FALSE,"not converged",552
994,878,TRUE,"",878
995,863,TRUE,"",863
996,834,TRUE,"",834
997,660,TRUE,"",660
998,397,TRUE,"",397
999,838,TRUE,"",838
1000,634,TRUE,"",634
1001,781,TRUE,"",781
1002,607,TRUE,"",607
1003,656,TRUE,"",656
1004,552,FALSE,"not converged",552
1005,843,TRUE,"",843
1006,591,TRUE,"",591
1007,568,FALSE,"not converged",568
1008,545,TRUE,"",545
1009,534,TRUE,"",534
1010,836,TRUE,"",836
1011,838,TRUE,"",838
1012,448,TRUE,"",448
1013,865,TRUE,"",865
1014,637,TRUE,"",637
1015,596,TRUE,"",596
1016,800,TRUE,"",800
1017,391,TRUE,"",391
1018,692,TRUE,"",692
1019,740,FALSE,"not converged",740
1020,703,TRUE,"",703
1021,844,TRUE,"",844
1022,798,TRUE,"",798
1023,750,TRUE,"",750
1024,740,TRUE,"",740
1025,866,TRUE,"",866
1026,782,TRUE,"",782
1027,798,TRUE,"",798
1028,553,FALSE,"not converged",553
1029,854,TRUE,"",854
1030,839,TRUE,"",839
1031,474,TRUE,"",474
1032,873,TRUE,"",873
1033,361,TRUE,"",361
1034,872,TRUE,"",872
1035,717,TRUE,"",717
1036,546,TRUE,"",546
1037,570,TRUE,"",570
1038,640,TRUE,"",640
1039,574,TRUE,"",574
1040,538,TRUE,"",538
1041,792,TRUE,"",792
1042,591,TRUE,"",591
1043,873,TRUE,"",873
1044,688,TRUE,"",688
1045,704,TRUE,"",704
1046,757,TRUE,"",757
1047,623,TRUE,"",623
1048,837,TRUE,"",837
1049,829,TRUE,"",829
1050,500,TRUE,"",500
1051,435,TRUE,"",435
1052,767,TRUE,"",767
1053,823,TRUE,"",823
1054,853,TRUE,"",853
1055,590,TRUE,"",590
1056,844,TRUE,"",844
1057,614,TRUE,"",614
1058,863,TRUE,"",863
1059,706,TRUE,"",706
1060,594,TRUE,"",594
1061,545,FALSE,"not converged",545
1062,419,TRUE,"",419
1063,856,TRUE,"",856
1064,554,FALSE,"not converged",554
1065,575,TRUE,"",575
1066,228,TRUE,"",228
1067,728,FALSE,"not converged",728
1068,171,TRUE,"",171
1069,857,TRUE,"",857
1070,772,TRUE,"",772
1071,732,FALSE,"not converged",732
1072,552,FALSE,"not converged",552
1073,837,TRUE,"",837
1074,772,TRUE,"",772
1075,563,FALSE,"not converged",563
1076,570,TRUE,"",570
1077,674,TRUE,"",674
1078,469,TRUE,"",469
1079,531,TRUE,"",531
1080,839,TRUE,"",839
1081,817,TRUE,"",817
1082,467,TRUE,"",467
1083,845,TRUE,"",845
1084,573,TRUE,"",573
1085,531,FALSE,"not converged",531
1086,668,TRUE,"",668
1087,683,TRUE,"",683
1088,692,TRUE,"",692
1089,774,TRUE,"",774
1090,693,FALSE,"not converged",693
1091,739,TRUE,"",739
1092,620,TRUE,"",620
1093,352,TRUE,"",352
1094,565,FALSE,"not converged",565
1095,163,TRUE,"",163
1096,356,TRUE,"",356
1097,425,TRUE,"",425
1098,375,TRUE,"",375
1099,243,TRUE,"",243
1100,197,TRUE,"",197
1101,562,FALSE,"not converged",562
1102,686,TRUE,"",686
1103,722,FALSE,"not converged",722
1104,700,TRUE,"",700
1105,243,TRUE,"",243
1106,723,TRUE,"",723
1107,468,TRUE,"",468
1108,244,TRUE,"",244
1109,823,TRUE,"",823
1110,844,TRUE,"",844
1111,527,FALSE,"not converged",527
1112,391,TRUE,"",391
1113,807,TRUE,"",807
1114,408,TRUE,"",408
1115,745,TRUE,"",745
1116,714,TRUE,"",714
1117,829,TRUE,"",829
1118,198,TRUE,"",198
1119,790,TRUE,"",790
1120,853,TRUE,"",853
1121,739,TRUE,"",739
1122,273,TRUE,"",273
1123,231,TRUE,"",231
1124,233,TRUE,"",233
1125,188,TRUE,"",188
1126,606,TRUE,"",606
1127,794,TRUE,"",794
1128,751,TRUE,"",751
1129,244,TRUE,"",244
1130,735,FALSE,"not converged",735
1131,239,TRUE,"",239
1132,652,TRUE,"",652
1133,763,TRUE,"",763
1134,485,TRUE,"",485
1135,525,TRUE,"",525
1136,574,TRUE,"",574
1137,754,TRUE,"",754
1138,263,TRUE,"",263
1139,696,FALSE,"not converged",696
1140,747,TRUE,"",747
1141,758,TRUE,"",758
1142,841,TRUE,"",841
1143,737,TRUE,"",737
1144,763,TRUE,"",763
1145,712,FALSE,"not converged",712
1146,808,TRUE,"",808
1147,806,TRUE,"",806
1148,839,TRUE,"",839
1149,828,TRUE,"",828
1150,603,TRUE,"",603
1151,580,TRUE,"",580
1152,446,TRUE,"",446
1153,340,TRUE,"",340
1154,711,TRUE,"",711
1155,841,TRUE,"",841
1156,534,FALSE,"not converged",534
1157,740,TRUE,"",740
1158,838,TRUE,"",838
1159,724,TRUE,"",724
1160,789,TRUE,"",789
1161,531,FALSE,"not converged",531
1162,747,TRUE,"",747
1163,636,TRUE,"",636
1164,467,TRUE,"",467
1165,718,FALSE,"not converged",718
1166,782,TRUE,"",782
1167,817,TRUE,"",817
1168,301,TRUE,"",301
1169,492,TRUE,"",492
1170,746,TRUE,"",746
1171,556,TRUE,"",556
1172,794,TRUE,"",794
1173,812,TRUE,"",812
1174,353,TRUE,"",353
1175,833,TRUE,"",833
1176,543,TRUE,"",543
1177,836,TRUE,"",836
1178,418,TRUE,"",418
1179,408,TRUE,"",408
1180,694,FALSE,"not converged",694
1181,313,TRUE,"",313
1182,223,TRUE,"",223
1183,791,TRUE,"",791
1184,730,TRUE,"",730
1185,658,TRUE,"",658
1186,830,TRUE,"",830
1187,568,TRUE,"",568
1188,301,TRUE,"",301
1189,542,TRUE,"",542
1190,827,TRUE,"",827
1191,563,TRUE,"",563
1192,489,TRUE,"",489
1193,689,TRUE,"",689
1194,436,TRUE,"",436
1195,806,TRUE,"",806
1196,574,TRUE,"",574
1197,782,TRUE,"",782
1198,639,TRUE,"",639
1199,466,TRUE,"",466
1200,271,TRUE,"",271
1201,759,TRUE,"",759
1202,338,TRUE,"",338
1203,659,FALSE,"not converged",659
1204,310,TRUE,"",310
1205,805,TRUE,"",805
1206,524,TRUE,"",524
1207,607,TRUE,"",607
1208,301,TRUE,"",301
1209,810,TRUE,"",810
1210,573,TRUE,"",573
1211,213,TRUE,"",213
1212,346,TRUE,"",346
1213,736,TRUE,"",736
1214,490,TRUE,"",490
1215,803,TRUE,"",803
1216,469,TRUE,"",469
1217,284,TRUE,"",284
1218,342,TRUE,"",342
1219,818,TRUE,"",818
1220,417,TRUE,"",417
1221,534,TRUE,"",534
1222,636,TRUE,"",636
1223,246,TRUE,"",246
1224,523,TRUE,"",523
1225,770,TRUE,"",770
1226,787,TRUE,"",787
1227,802,TRUE,"",802
1228,634,TRUE,"",634
1229,601,TRUE,"",601
1230,762,TRUE,"",762
1231,234,TRUE,"",234
1232,663,TRUE,"",663
1233,441,TRUE,"",441
1234,780,TRUE,"",780
1235,288,TRUE,"",288
1236,550,TRUE,"",550
1237,783,TRUE,"",783
1238,717,TRUE,"",717
1239,241,TRUE,"",241
1240,213,TRUE,"",213
1241,810,TRUE,"",810
1242,779,TRUE,"",779
1243,713,TRUE,"",713
1244,346,TRUE,"",346
1245,685,TRUE,"",685
1246,764,TRUE,"",764
1247,455,TRUE,"",455
1248,496,TRUE,"",496
1249,752,TRUE,"",752
1250,757,TRUE,"",757
1251,752,TRUE,"",752
1252,313,TRUE,"",313
1253,788,TRUE,"",788
1254,271,TRUE,"",271
1255,678,TRUE,"",678
1256,341,TRUE,"",341
1257,708,TRUE,"",708
1258,546,TRUE,"",546
1259,611,TRUE,"",611
1260,773,TRUE,"",773
1261,801,TRUE,"",801
1262,521,TRUE,"",521
1263,237,TRUE,"",237
1264,758,TRUE,"",758
1265,774,TRUE,"",774
1266,792,TRUE,"",792
1267,552,TRUE,"",552
1268,542,TRUE,"",542
1269,756,TRUE,"",756
1270,757,TRUE,"",757
1271,623,TRUE,"",623
1272,550,TRUE,"",550
1273,463,TRUE,"",463
1274,565,TRUE,"",565
1275,557,TRUE,"",557
1276,783,TRUE,"",783
1277,744,TRUE,"",744
1278,623,TRUE,"",623
1279,326,TRUE,"",326
1280,772,TRUE,"",772
1281,754,TRUE,"",754
1282,530,TRUE,"",530
1283,678,TRUE,"",678
1284,790,TRUE,"",790
1285,657,TRUE,"",657
1286,787,TRUE,"",787
1287,791,TRUE,"",791
1288,742,TRUE,"",742
1289,705,TRUE,"",705
1290,703,TRUE,"",703
1291,641,TRUE,"",641
1292,379,TRUE,"",379
1293,787,TRUE,"",787
1294,509,TRUE,"",509
1295,244,TRUE,"",244
1296,271,TRUE,"",271
1297,680,FALSE,"not converged",680
1298,619,TRUE,"",619
1299,665,TRUE,"",665
1300,794,TRUE,"",794
1301,335,TRUE,"",335
1302,559,TRUE,"",559
1303,628,FALSE,"not converged",628
1304,801,TRUE,"",801
1305,757,TRUE,"",757
1306,438,TRUE,"",438
1307,545,TRUE,"",545
1308,298,TRUE,"",298
1309,690,TRUE,"",690
1310,781,TRUE,"",781
1311,784,TRUE,"",784
1312,671,TRUE,"",671
1313,638,TRUE,"",638
1314,325,TRUE,"",325
1315,625,FALSE,"not converged",625
1316,325,TRUE,"",325
1317,587,TRUE,"",587
1318,323,TRUE,"",323
1319,472,TRUE,"",472
1320,621,FALSE,"not converged",621
1321,730,TRUE,"",730
1322,651,TRUE,"",651
1323,414,TRUE,"",414
1324,630,TRUE,"",630
1325,334,TRUE,"",334
1326,785,TRUE,"",785
1327,511,TRUE,"",511
1328,601,TRUE,"",601
1329,297,TRUE,"",297
1330,770,TRUE,"",770
1331,741,TRUE,"",741
1332,611,FALSE,"not converged",611
1333,784,TRUE,"",784
1334,545,TRUE,"",545
1335,747,TRUE,"",747
1336,343,TRUE,"",343
1337,771,TRUE,"",771
1338,549,TRUE,"",549
1339,643,TRUE,"",643
1340,238,TRUE,"",238
1341,687,TRUE,"",687
1342,545,TRUE,"",545
1343,491,TRUE,"",491
1344,542,TRUE,"",542
1345,609,FALSE,"not converged",609
1346,375,TRUE,"",375
1347,301,TRUE,"",301
1348,770,TRUE,"",770
1349,742,TRUE,"",742
1350,462,TRUE,"",462
1351,468,TRUE,"",468
1352,692,TRUE,"",692
1353,768,TRUE,"",768
1354,620,TRUE,"",620
1355,238,TRUE,"",238
1356,636,TRUE,"",636
1357,775,TRUE,"",775
1358,772,TRUE,"",772
1359,284,TRUE,"",284
1360,619,TRUE,"",619
1361,728,TRUE,"",728
1362,664,TRUE,"",664
1363,719,TRUE,"",719
1364,775,TRUE,"",775
1365,594,FALSE,"not converged",594
1366,576,TRUE,"",576
1367,442,TRUE,"",442
1368,528,TRUE,"",528
1369,268,TRUE,"",268
1370,768,TRUE,"",768
1371,372,TRUE,"",372
1372,499,TRUE,"",499
1373,479,TRUE,"",479
1374,239,TRUE,"",239
1375,456,TRUE,"",456
1376,745,TRUE,"",745
1377,311,TRUE,"",311
1378,720,TRUE,"",720
1379,608,TRUE,"",608
1380,323,TRUE,"",323
1381,413,TRUE,"",413
1382,752,TRUE,"",752
1383,581,TRUE,"",581
1384,658,TRUE,"",658
1385,765,TRUE,"",765
1386,424,TRUE,"",424
1387,603,TRUE,"",603
1388,746,TRUE,"",746
1389,334,TRUE,"",334
1390,632,TRUE,"",632
1391,662,TRUE,"",662
1392,423,TRUE,"",423
1393,607,TRUE,"",607
1394,767,TRUE,"",767
1395,537,TRUE,"",537
1396,719,TRUE,"",719
1397,589,TRUE,"",589
1398,703,TRUE,"",703
1399,749,TRUE,"",749
1400,541,TRUE,"",541
1401,759,TRUE,"",759
1402,737,TRUE,"",737
1403,764,TRUE,"",764
1404,363,TRUE,"",363
1405,589,TRUE,"",589
1406,739,TRUE,"",739
1407,731,TRUE,"",731
1408,483,TRUE,"",483
1409,455,TRUE,"",455
1410,717,TRUE,"",717
1411,758,TRUE,"",758
1412,692,TRUE,"",692
1413,486,TRUE,"",486
1414,648,FALSE,"not converged",648
1415,419,TRUE,"",419
1416,597,TRUE,"",597
1417,598,TRUE,"",598
1418,755,TRUE,"",755
1419,538,TRUE,"",538
1420,755,TRUE,"",755
1421,514,TRUE,"",514
1422,326,TRUE,"",326
1423,231,TRUE,"",231
1424,588,TRUE,"",588
1425,216,TRUE,"",216
1426,750,TRUE,"",750
1427,742,TRUE,"",742
1428,648,TRUE,"",648
1429,635,TRUE,"",635
1430,710,TRUE,"",710
1431,425,TRUE,"",425
1432,509,TRUE,"",509
1433,429,TRUE,"",429
1434,544,TRUE,"",544
1435,237,TRUE,"",237
1436,595,TRUE,"",595
1437,664,TRUE,"",664
1438,368,TRUE,"",368
1439,593,TRUE,"",593
1440,645,TRUE,"",645
1441,312,TRUE,"",312
1442,488,TRUE,"",488
1443,503,TRUE,"",503
1444,702,TRUE,"",702
1445,372,TRUE,"",372
1446,678,TRUE,"",678
1447,327,TRUE,"",327
1448,539,TRUE,"",539
1449,395,TRUE,"",395
1450,244,TRUE,"",244
1451,723,TRUE,"",723
1452,719,TRUE,"",719
1453,642,TRUE,"",642
1454,534,TRUE,"",534
1455,735,TRUE,"",735
1456,567,TRUE,"",567
1457,490,TRUE,"",490
1458,328,TRUE,"",328
1459,446,TRUE,"",446
1460,296,TRUE,"",296
1461,712,TRUE,"",712
1462,312,TRUE,"",312
1463,666,TRUE,"",666
1464,374,TRUE,"",374
1465,625,TRUE,"",625
1466,724,TRUE,"",724
1467,502,TRUE,"",502
1468,497,TRUE,"",497
1469,726,TRUE,"",726
1470,600,TRUE,"",600
1471,733,TRUE,"",733
1472,618,TRUE,"",618
1473,499,TRUE,"",499
1474,435,TRUE,"",435
1475,730,TRUE,"",730
1476,325,TRUE,"",325
1477,733,TRUE,"",733
1478,500,TRUE,"",500
1479,631,TRUE,"",631
1480,500,TRUE,"",500
1481,569,TRUE,"",569
1482,655,TRUE,"",655
1483,357,TRUE,"",357
1484,483,TRUE,"",483
1485,539,TRUE,"",539
1486,611,TRUE,"",611
1487,609,TRUE,"",609
1488,678,TRUE,"",678
1489,718,TRUE,"",718
1490,611,FALSE,"not converged",611
1491,623,TRUE,"",623
1492,253,TRUE,"",253
1493,729,TRUE,"",729
1494,674,TRUE,"",674
1495,388,TRUE,"",388
1496,487,TRUE,"",487
1497,455,TRUE,"",455
1498,460,TRUE,"",460
1499,611,TRUE,"",611
1500,594,TRUE,"",594
1501,623,TRUE,"",623
1502,721,TRUE,"",721
1503,659,TRUE,"",659
1504,662,TRUE,"",662
1505,359,TRUE,"",359
1506,380,TRUE,"",380
1507,373,TRUE,"",373
1508,290,TRUE,"",290
1509,415,TRUE,"",415
1510,581,TRUE,"",581
1511,620,TRUE,"",620
1512,668,TRUE,"",668
1513,469,TRUE,"",469
1514,541,TRUE,"",541
1515,329,TRUE,"",329
1516,629,TRUE,"",629
1517,588,FALSE,"not converged",588
1518,350,TRUE,"",350
1519,687,TRUE,"",687
1520,686,TRUE,"",686
1521,697,TRUE,"",697
1522,316,TRUE,"",316
1523,542,TRUE,"",542
1524,685,TRUE,"",685
1525,640,TRUE,"",640
1526,515,TRUE,"",515
1527,574,TRUE,"",574
1528,586,TRUE,"",586
1529,235,TRUE,"",235
1530,548,TRUE,"",548
1531,653,TRUE,"",653
1532,238,TRUE,"",238
1533,262,TRUE,"",262
1534,666,TRUE,"",666
1535,578,TRUE,"",578
1536,554,TRUE,"",554
1537,704,TRUE,"",704
1538,335,TRUE,"",335
1539,691,TRUE,"",691
1540,400,TRUE,"",400
1541,679,TRUE,"",679
1542,680,TRUE,"",680
1543,622,TRUE,"",622
1544,553,TRUE,"",553
1545,630,TRUE,"",630
1546,565,FALSE,"not converged",565
1547,637,TRUE,"",637
1548,553,TRUE,"",553
1549,667,TRUE,"",667
1550,295,TRUE,"",295
1551,660,TRUE,"",660
1552,601,TRUE,"",601
1553,603,TRUE,"",603
1554,676,TRUE,"",676
1555,630,TRUE,"",630
1556,391,TRUE,"",391
1557,658,TRUE,"",658
1558,236,TRUE,"",236
1559,628,TRUE,"",628
1560,565,TRUE,"",565
1561,331,TRUE,"",331
1562,365,TRUE,"",365
1563,561,TRUE,"",561
1564,521,TRUE,"",521
1565,370,TRUE,"",370
1566,451,TRUE,"",451
1567,418,TRUE,"",418
1568,683,TRUE,"",683
1569,653,TRUE,"",653
1570,581,TRUE,"",581
1571,671,TRUE,"",671
1572,657,TRUE,"",657
1573,631,TRUE,"",631
1574,646,TRUE,"",646
1575,404,TRUE,"",404
1576,554,TRUE,"",554
1577,291,TRUE,"",291
1578,624,TRUE,"",624
1579,671,TRUE,"",671
1580,635,TRUE,"",635
1581,657,TRUE,"",657
1582,322,TRUE,"",322
1583,563,TRUE,"",563
1584,317,TRUE,"",317
1585,543,TRUE,"",543
1586,477,TRUE,"",477
1587,646,TRUE,"",646
1588,339,TRUE,"",339
1589,541,TRUE,"",541
1590,665,TRUE,"",665
1591,458,TRUE,"",458
1592,462,TRUE,"",462
1593,601,TRUE,"",601
1594,528,TRUE,"",528
1595,596,TRUE,"",596
1596,490,TRUE,"",490
1597,599,TRUE,"",599
1598,647,TRUE,"",647
1599,386,TRUE,"",386
1600,518,FALSE,"not converged",518
1601,565,TRUE,"",565
1602,396,TRUE,"",396
1603,230,TRUE,"",230
1604,307,TRUE,"",307
1605,413,TRUE,"",413
1606,361,TRUE,"",361
1607,559,TRUE,"",559
1608,355,TRUE,"",355
1609,294,TRUE,"",294
1610,231,TRUE,"",231
1611,319,TRUE,"",319
1612,507,FALSE,"not converged",507
1613,348,TRUE,"",348
1614,491,TRUE,"",491
1615,564,TRUE,"",564
1616,288,TRUE,"",288
1617,265,TRUE,"",265
1618,323,TRUE,"",323
1619,505,FALSE,"not converged",505
1620,631,TRUE,"",631
1621,243,TRUE,"",243
1622,648,TRUE,"",648
1623,636,TRUE,"",636
1624,496,TRUE,"",496
1625,594,TRUE,"",594
1626,330,TRUE,"",330
1627,614,TRUE,"",614
1628,216,TRUE,"",216
1629,414,TRUE,"",414
1630,239,TRUE,"",239
1631,304,TRUE,"",304
1632,539,TRUE,"",539
1633,513,TRUE,"",513
1634,567,TRUE,"",567
1635,335,TRUE,"",335
1636,434,TRUE,"",434
1637,514,TRUE,"",514
1638,514,TRUE,"",514
1639,443,TRUE,"",443
1640,585,TRUE,"",585
1641,329,TRUE,"",329
1642,565,TRUE,"",565
1643,582,TRUE,"",582
1644,229,TRUE,"",229
1645,554,TRUE,"",554
1646,617,TRUE,"",617
1647,281,TRUE,"",281
1648,346,TRUE,"",346
1649,497,TRUE,"",497
1650,613,TRUE,"",613
1651,321,TRUE,"",321
1652,549,TRUE,"",549
1653,424,TRUE,"",424
1654,229,TRUE,"",229
1655,428,TRUE,"",428
1656,329,TRUE,"",329
1657,328,TRUE,"",328
1658,512,TRUE,"",512
1659,571,TRUE,"",571
1660,607,TRUE,"",607
1661,293,TRUE,"",293
1662,608,TRUE,"",608
1663,250,TRUE,"",250
1664,294,TRUE,"",294
1665,603,TRUE,"",603
1666,562,TRUE,"",562
1667,399,TRUE,"",399
1668,431,TRUE,"",431
1669,327,TRUE,"",327
1670,566,TRUE,"",566
1671,271,TRUE,"",271
1672,518,TRUE,"",518
1673,424,TRUE,"",424
1674,244,TRUE,"",244
1675,319,TRUE,"",319
1676,503,TRUE,"",503
1677,572,TRUE,"",572
1678,492,TRUE,"",492
1679,595,TRUE,"",595
1680,508,TRUE,"",508
1681,280,TRUE,"",280
1682,293,TRUE,"",293
1683,516,TRUE,"",516
1684,247,TRUE,"",247
1685,224,TRUE,"",224
1686,582,TRUE,"",582
1687,346,TRUE,"",346
1688,586,TRUE,"",586
1689,254,TRUE,"",254
1690,478,TRUE,"",478
1691,424,TRUE,"",424
1692,543,TRUE,"",543
1693,459,TRUE,"",459
1694,542,TRUE,"",542
1695,243,TRUE,"",243
1696,457,TRUE,"",457
1697,578,TRUE,"",578
1698,482,TRUE,"",482
1699,308,TRUE,"",308
1700,481,TRUE,"",481
1701,339,TRUE,"",339
1702,458,TRUE,"",458
1703,293,TRUE,"",293
1704,222,TRUE,"",222
1705,516,TRUE,"",516
1706,534,TRUE,"",534
1707,230,TRUE,"",230
1708,316,TRUE,"",316
1709,549,TRUE,"",549
1710,567,TRUE,"",567
1711,291,TRUE,"",291
1712,570,TRUE,"",570
1713,563,TRUE,"",563
1714,559,TRUE,"",559
1715,254,TRUE,"",254
1716,477,TRUE,"",477
1717,206,TRUE,"",206
1718,542,TRUE,"",542
1719,302,TRUE,"",302
1720,211,TRUE,"",211
1721,550,TRUE,"",550
1722,526,TRUE,"",526
1723,228,TRUE,"",228
1724,561,TRUE,"",561
1725,556,TRUE,"",556
1726,556,TRUE,"",556
1727,463,TRUE,"",463
1728,396,TRUE,"",396
1729,494,TRUE,"",494
1730,411,TRUE,"",411
1731,503,TRUE,"",503
1732,545,TRUE,"",545
1733,547,TRUE,"",547
1734,476,TRUE,"",476
1735,514,TRUE,"",514
1736,554,TRUE,"",554
1737,259,TRUE,"",259
1738,545,TRUE,"",545
1739,457,TRUE,"",457
1740,549,TRUE,"",549
1741,549,TRUE,"",549
1742,228,TRUE,"",228
1743,517,TRUE,"",517
1744,495,TRUE,"",495
1745,256,TRUE,"",256
1746,489,TRUE,"",489
1747,416,TRUE,"",416
1748,440,TRUE,"",440
1749,540,TRUE,"",540
1750,207,TRUE,"",207
1751,479,TRUE,"",479
1752,503,TRUE,"",503
1753,454,TRUE,"",454
1754,515,TRUE,"",515
1755,526,TRUE,"",526
1756,490,TRUE,"",490
1757,441,TRUE,"",441
1758,225,TRUE,"",225
1759,532,TRUE,"",532
1760,496,TRUE,"",496
1761,225,TRUE,"",225
1762,504,TRUE,"",504
1763,205,TRUE,"",205
1764,442,TRUE,"",442
1765,467,TRUE,"",467
1766,489,TRUE,"",489
1767,495,TRUE,"",495
1768,518,TRUE,"",518
1769,457,TRUE,"",457
1770,513,TRUE,"",513
1771,470,TRUE,"",470
1772,450,TRUE,"",450
1773,497,TRUE,"",497
1774,437,TRUE,"",437
1775,256,TRUE,"",256
1776,443,TRUE,"",443
1777,472,TRUE,"",472
1778,215,TRUE,"",215
1779,506,TRUE,"",506
1780,278,TRUE,"",278
1781,490,TRUE,"",490
1782,405,TRUE,"",405
1783,445,TRUE,"",445
1784,284,TRUE,"",284
1785,491,TRUE,"",491
1786,490,TRUE,"",490
1787,455,TRUE,"",455
1788,460,TRUE,"",460
1789,484,TRUE,"",484
1790,277,TRUE,"",277
1791,452,TRUE,"",452
1792,439,TRUE,"",439
1793,489,TRUE,"",489
1794,457,TRUE,"",457
1795,247,TRUE,"",247
1796,454,TRUE,"",454
1797,461,TRUE,"",461
1798,462,TRUE,"",462
1799,458,TRUE,"",458
1800,447,TRUE,"",447
1801,441,TRUE,"",441
