"element","RF","SRK"
"Co",-4.27321990474415,-3.68985915488275
"Co",-13.3680357810469,-10.7582918094353
"Co",1.94041565439884,2.61987724646591
"Co",-5.05207720743787,-2.91506907375616
"Co",-5.25184887639664,-6.0814899291823
"Co",-3.40717507222913,-1.94159588705067
"Co",-1.7166367744694,-2.01826286955623
"Co",-3.96498689942733,-4.11108413768491
"Co",-0.602443063563697,-0.769432500571068
"Co",-3.177784294568,-1.76253390016856
"Co",8.154640003002,7.61394796416884
"Co",17.4806182487736,16.7585660905305
"Co",-3.65746500830666,5.27300193312733
"Co",-0.57479522669734,-0.0545825885496818
"Co",-3.13671775083205,-7.17655756486722
"Co",12.765707708246,10.8813273013696
"Co",9.41186103608852,10.4089703233527
"Co",0.225437767550998,0.692237321665832
"Co",7.28978071850661,6.91494490160115
"Co",1.36482578591401,0.85816273937551
"Co",-1.2564475907334,-2.34278211160717
"Co",0.604093336038,0.0878299999556713
"Co",1.41039528225653,1.24637667349967
"Co",-1.76613652118067,-1.4134096577936
"Co",-0.416473100058404,-0.349416914197835
"Co",-1.86438877552367,-2.11813958239093
"Co",0.500887927155137,0.517990368524565
"Co",-1.10597893197803,-1.5257532214033
"Co",3.55270160811361,3.58717564495896
"Co",4.34855146855184,4.13987781208816
"Co",0.922433333333332,1.2202867739215
"Co",1.61210467187667,2.94249254630767
"Co",0.227576250104006,1.12863439034624
"Co",-6.09219159840635,-4.91611997353447
"Co",1.19510318460152,0.5287274984851
"Co",17.0655798831789,16.6393883792274
"Co",-0.242519845414355,-0.329317045143288
"Co",1.76277895589436,1.4745182610623
"Co",-1.86157224579972,-1.4255220990976
"Co",-0.357045128373346,-1.16405512363937
"Co",6.80612024075158,5.76280231730902
"Co",-0.401400311916074,-0.0688534771850975
"Co",1.31642986053512,1.02761457682225
"Co",-0.486350563090939,-0.414133713906407
"Co",4.867893053092,4.1984141261138
"Co",-3.03895016054063,-0.35798329577182
"Co",-3.67523154669271,-3.28631308429359
"Co",-0.0421745661693542,0.288458781621086
"Co",3.11171025865069,3.2729118646865
"Co",-6.39644105216783,-6.34568331818036
"Co",-0.232097823240233,-0.305024925828892
"Co",-0.713472138983322,-0.639718928595089
"Co",-2.11663749976954,-2.10439885745792
"Co",-1.36529812962927,-1.3677589802286
"Co",-0.718379271803631,-1.21665090231016
"Co",-4.760445666576,-5.5881013107135
"Co",-4.19764192864727,-5.4474251723865
"Co",-2.35302002395686,-1.14440182583177
"Co",0.113674307106992,0.613309164145969
"Co",2.39266880845046,2.26317351293973
"Co",-1.53857279570102,-1.35132952520426
"Co",-2.41226810863514,-2.04987959275569
"Co",0.202755771385405,-0.198564473526742
"Co",0.827949233555453,0.746910324982865
"Co",-5.97439490857681,-6.26241188490921
"Co",0.474343266084438,-0.168622595762923
"Co",0.0185529138276754,-0.521772799395483
"Co",-1.68627053119343,-1.57435745228477
"Co",-0.0777413340180892,0.256678753081266
"Co",-1.14464195481583,-1.0604285510221
"Co",-1.50003317247674,-1.3382882357991
"Co",-4.57860920262186,-3.004772637878
"Co",-1.15815449486901,0.614375561709
"Co",-2.12981355609212,-0.98606341925155
"Co",-7.27102744882613,-8.13044558681319
"Co",-1.35287459073617,-2.35472196737129
"Co",-0.751832592163353,2.63716833003065
"Co",-4.89788838079647,-3.65897351578987
"Co",-7.7892853780556,-4.71114024699248
"Co",7.279461004758,4.3008733805323
"Co",-0.12296332700933,-0.499071672230928
"Co",7.21593347755434,6.52583333072534
"Co",-4.73517430081633,-3.37700409577817
"Co",1.96451396484044,1.7107066465762
"Co",-1.95836906445984,-2.25774404334761
"Co",2.07397626333815,2.04364112987304
"Co",-0.557792013262734,0.135448965931043
"Co",-0.364367416825196,-0.998478115190162
"Co",-0.550917187855204,0.252697430874921
"Co",-1.9757916882429,-1.43144095254229
"Co",-2.83343002733257,-2.839771054724
"Co",-0.639494872350253,-1.56432473118244
"Co",1.63971388425935,2.1883140366349
"Co",-2.53137380317906,-2.84511002637112
"Co",-2.37389007506007,-2.95278083147094
"Co",-2.85110331836133,-1.8886294201919
"Co",0.882253647539343,0.40291332468832
"Co",-9.32464517069239,-11.510115694892
"Co",-12.5107435683256,-10.3108948785636
"Co",-3.82544543686777,-3.6918965239489
"Co",3.65325970611906,3.67716887150922
"Co",-0.185755034296671,-0.96893869435157
"Co",-2.67949008680053,-3.04418594814733
"Co",-1.92401242751655,1.96710885454198
"Co",-7.9866161683913,-5.17170516713261
"Co",-1.194453150099,-1.66098000704932
"Co",3.86031024824666,0.556645439581452
"Co",4.04351937460586,3.34306876688934
"Co",1.84480776418442,1.61676360985292
"Co",-0.644329666701661,-0.362329183126296
"Co",-3.33512364647767,-2.87474057279887
"Co",9.92992874652499,10.1167377110748
"Co",-3.258209999759,-2.61137331610554
"Co",0.0244888448551208,0.782335089758222
"Co",1.25822056647733,1.49561228227303
"Co",-2.78513506313347,-2.55575620514143
"Co",-1.79740785457367,-1.72148756816
"Co",5.26307449792,5.76555988250366
"Co",6.93409096539267,6.19064721021516
"Co",0.0131007213757339,-1.20184784849087
"Co",12.9413271325385,12.2504730332601
"Co",-0.0321399220060972,-0.226748170678913
"Co",0.854438410216358,1.40519059719391
"Co",-0.286875827788985,-0.194392935436756
"Co",-1.27695485982026,-1.20785559785526
"Co",-0.508832109887971,-0.489467439690555
"Co",-0.588751909653639,-0.516038376826879
"Co",2.90649729580383,2.72917960724303
"Co",-3.56039214168967,-4.23780131212751
"Co",-2.47355796303652,-2.75495531171455
"Co",-4.41284948382776,-5.38850961136006
"Co",-7.5897557458479,-8.53708881454494
"Co",2.76268501811066,0.318704140560168
"Co",-1.37065235327619,-1.775829365866
"Co",-3.24398668548567,-3.68805038658207
"Co",-3.34816937086284,-3.03690973504599
"Co",-0.271893912960749,-0.297126449428688
"Co",0.300843044730437,0.307270156461445
"Co",2.56946661671662,2.80565472928156
"Co",-0.127025163176333,0.0484351520664337
"Co",-0.672921492012113,-1.2711165576581
"Co",0.733269127101464,0.99387622178256
"Co",2.49566504808604,2.32180281638661
"Co",-0.939784915134656,-0.728521335632023
"Co",-0.904698397713486,-0.855310346882853
"Co",0.00781285044639946,-0.0934076884837198
"Co",1.78549532288239,1.59455982087767
"Co",0.665549937703873,0.578017696511544
"Co",-1.26003950816636,-1.76822020347608
"Co",-1.24581660662363,-1.67366254223782
"Co",1.1605997376212,1.26440390484603
"Co",-1.07326858515664,-1.1878675469805
"Co",0.010314911002598,-0.7826307245181
"Co",-1.37666888939114,-1.30664760359086
"Co",-2.074430350821,-2.16263470441857
"Co",-2.43103646999433,-2.28936515244103
"Co",-0.856384215622561,-0.804896204003867
"Co",-1.2493050162962,-1.4346832330021
"Co",-0.646084466004358,-0.401461321481813
"Co",3.70016272602115,3.85455552498235
"Co",-2.14126326073038,-2.22894892252672
"Co",-0.902107166478866,-0.589208242914832
"Co",2.13654525324082,1.99828799545707
"Co",-1.27511115989351,-1.2498011549314
"Co",-0.0587896224944622,-0.378077283586435
"Co",0.876670025199033,0.854049030800042
"Co",-1.36910334459693,-1.66309928431557
"Co",-5.27011146721255,-7.02322931190158
"Co",-4.0762981598579,-3.61872356493313
"Co",7.11358695625867,6.44661223073097
"Co",1.52269348791214,1.4799817334417
"Co",-1.46829095267827,-1.85691679708146
"Co",-3.75314021161655,-5.52265465965709
"Co",-1.58321041138351,-2.65286719282703
"Co",-3.23433304176467,-3.38311473492273
"Co",-4.7190681689164,-3.311914955491
"Co",1.5683013715486,2.16243813178553
"Co",-3.466259998613,-2.83566538504133
"Co",1.92202333518534,3.70900594247616
"Co",-3.00620041575783,-1.04841242353602
"Co",-2.66599760024,-2.31357844410482
"Co",3.66527676970933,2.24523236343305
"Co",-1.82660310997211,-5.50988259559201
"Co",-4.68906666666667,-5.420173303078
"Co",-1.9670238600019,-1.58205731175113
"Co",0.155603629329127,0.021211481575917
"Co",-0.569572959993936,-0.0743385344728011
"Co",2.51112022913593,2.74822379485387
"Co",-3.05061158710823,-3.13213485647867
"Co",-0.927031217980634,0.754558912901603
"Co",-2.90828458189832,-3.65960948291656
"Co",1.61182480729144,2.09251584542286
"Co",-3.14744544565238,-3.21347840323044
"Co",9.70676517973049,9.19695287130817
"Co",-6.31709720018581,-5.76068936674757
"Co",-1.58745116566929,-1.86560786840795
"Co",-3.57002219991855,-3.45913504982824
"Co",-2.31948093330304,-1.55690316107295
"Co",-1.6250760664318,-3.32853601381522
"Co",-2.79094689176248,-1.59610467340901
"Co",-2.82346857700583,-2.9806576892508
"Co",0.735259410635496,0.134471270865976
"Co",-1.29450343234533,-1.42189525871947
"Co",-4.55496767598044,-4.09013170715336
"Co",-1.47151562553747,-1.32675239790916
"Co",1.2100654310966,1.03181454381681
"Co",-0.391886130381955,-1.44621326514635
"Co",2.19898449472705,1.15887649023392
"Co",-1.69745565260733,-2.2360518782895
"Co",-3.331647618944,-3.6738065319168
"Co",-4.27113039818515,-4.631103339959
"Co",-1.8171397146532,-1.66366035004614
"Co",-2.812663334642,-3.069794400854
"Co",-2.25387618308704,-1.288492684733
"Co",14.1147753356332,14.2391138952034
"Co",6.02363904272764,5.51122559223424
"Co",-2.41839631531434,-2.60674416694117
"Co",-1.0115542460789,-1.04197849168273
"Co",0.36685455792173,0.105453312520999
"Co",-0.212002905476201,-0.347204875119664
"Co",0.286887078205498,0.439606773660675
"Co",-1.80004219878073,-1.19742526100424
"Co",-0.940111872498354,-0.720321790894693
"Co",-0.859739039781403,-1.08381419279913
"Co",-3.766009999653,-3.95629166714667
"Co",-3.27789666391266,-2.29512656428566
"Co",9.03733889221899,5.88295177287845
"Co",5.1935570766905,3.45873511481665
"Co",8.71965432518309,9.15439104137166
"Co",4.01717418137404,-1.84052610790836
"Co",7.99598559912054,6.16775609006552
"Co",2.87432036274699,4.21676714423566
"Co",-4.09793985458033,-3.940670003401
"Co",-0.429265609580466,-0.723422707589067
"Co",-0.355420265650126,0.239616514391817
"Co",-1.25359019383242,-2.94763754155045
"Co",-0.998657283101272,-0.805095361656234
"Co",0.341039186377804,0.475920411816428
"Co",-1.39583260577062,-1.20491459733094
"Co",-0.623254287368565,-0.324200330547104
"Co",5.96461828657218,5.79409719151201
"Co",-0.760014607165451,-0.655565943124431
"Co",4.23625223247876,4.04634034525608
"Co",-1.74888303533609,-1.59078795073844
"Co",0.0595192639071893,-0.68929142026422
"Co",-2.46696424974233,-3.74145577352337
"Co",-8.41940333868633,-7.57959788162067
"Co",6.0082790297368,5.3054378909438
"Co",-2.07684714141433,-4.93556263882145
"Co",5.56869198330828,5.61892135948002
"Co",-5.65307215108502,-5.5118096200344
"Co",6.90709775263072,5.85383367731853
"Co",3.81008536108165,3.24906318886256
"Co",-0.94753102871374,-0.743490790956287
"Co",-1.01754879503027,-1.06561041140807
"Co",-1.5314438479858,-1.3320770405835
"Co",-0.174586332901564,-0.756298918167433
"Co",1.54788992511867,1.9774799263054
"Co",-3.271830663024,-2.99763846827967
"Co",-0.85656459928399,-0.374710497679994
"Co",2.74681653438199,2.47883326787666
"Co",-2.65892163471966,-0.94888571893296
"Co",-6.82971109149254,-3.91021232099103
"Co",-1.4953550427453,-1.58215063821982
"Co",-0.206860399224844,1.70925945338728
"Co",2.74286148950296,2.58426960410224
"Co",-1.02971461368568,-0.0530921941636855
"Co",4.82749741297883,8.17119664167316
"Co",-1.23569894064463,-2.2603286290253
"Co",1.60630561458646,2.68396958550467
"Co",-0.192136166969846,-0.0713611071373919
"Co",-0.828112122261618,-0.96439861334445
"Co",0.184834744240743,0.307979745550341
"Co",-0.241695515679663,-0.414732889191373
"Co",0.221120535799676,0.315134285201022
"Co",-0.904281366004548,-1.06000114615723
"Co",0.502427922593266,0.851091812186629
"Co",4.39561333210934,4.26373151354884
"Co",-1.72869282154667,-2.01403932495287
"Co",0.997901427674881,-0.897993699615123
"Co",-1.52926676699517,-1.78096528931184
"Co",12.9683992836626,12.3919636470882
"Co",-6.74055999862283,-9.22553411229503
"Co",-1.95299698697267,-2.10306984158473
"Co",7.63885785716034,7.5632854470419
"Co",-0.842821089996733,-0.561705890225795
"Co",3.37970073703813,3.31983952664202
"Co",-2.19412193598608,-1.81474114410887
"Co",-0.237372190979766,-1.63801601656485
"Co",-1.67208326722066,-0.569912321284553
"Co",-1.11813382417207,-1.40195111863669
"Co",-0.371793519464565,-0.482990213728378
"Co",-0.313391273073665,-0.55431687711584
"Co",-0.786857838007759,-0.302767421770075
"Co",-1.85448161518185,-1.75885548778333
"Co",-0.104532405389328,-0.342925930932534
"Co",-0.791680759490559,-1.22622166302829
"Co",2.53788342606157,1.88747785432993
"Co",0.0890536926834606,0.340643833479728
"Co",-2.16824659985673,-2.16737596293953
"Co",0.479023093799899,1.40556229431871
"Co",2.22911298445053,2.2824694591715
"Co",-2.15995219627749,-1.79474173470756
"Co",-4.20438525389086,-3.46711108335537
"Co",0.357992825361508,0.0603625343115297
"Co",-0.403618976464838,-0.0614299855404532
"Co",-0.622438053938554,-0.328328867150093
"Co",0.507301662666057,-0.150634739470485
"Co",-1.02344457720963,-1.16240333777541
"Co",2.23174719066271,2.5720705232366
"Co",-1.46511993347676,-2.15193854156917
"Co",-0.928125235184191,-1.4620848821884
"Co",-1.80346493511414,-1.60002748503532
"Co",0.2860660204983,-0.107274159678001
"Co",0.152117404494574,-0.350434425097735
"Co",-0.700888719455184,-0.475898354199749
"Co",0.842692816303077,0.479926416096906
"Co",-7.62837549322791,-2.13749484373883
"Co",-4.7715962324417,-6.30952037088465
"Co",9.97523333333332,9.19063333231334
"Co",-0.927566666666664,-1.5478404418555
"Co",-0.978267120069138,-0.608457896902602
"Co",-2.59523336979973,-3.57429906776438
"Co",-2.47179272957567,-1.90636400529941
"Co",2.23537754159508,1.86998996581858
"Co",-9.83260207473846,-8.21693067872046
"Co",3.84637079496347,2.63641246478167
"Co",-0.401391999891988,1.25650333340933
"Co",3.6152004477558,3.29481574874393
"Co",-1.693659999468,-2.81817999913234
"Co",-1.56184973608787,-1.45818555579499
"Co",-3.08628403923173,-2.217485354819
"Co",-3.16082892112011,-2.03674030129996
"Co",0.347618643301674,0.595982559626533
"Co",-3.59636323955567,-3.13396370704866
"Co",-1.35258249014568,-1.59477543259157
"Co",-3.07297683865313,-3.64235345018795
"Co",0.315958979148968,0.295006427383434
"Co",-3.82923180468584,-5.31092092468535
"Co",-1.01450666605466,-3.9298294039792
"Co",2.33415466784568,1.87398628554947
"Co",-15.8840621759616,-12.6530054140435
"Co",-10.1195658124261,-6.44488440858119
"Co",-2.58306733482799,-2.08767902532144
"Co",-0.382031157613731,-0.952315796031632
"Co",-2.38051399239286,-2.77960691200221
"Co",-0.239724320797935,-0.416536748660297
"Co",-1.31960316574516,-1.23939894429123
"Co",-1.24985091218586,-1.76577928472453
"Co",3.8609876925178,4.76346799909054
"Co",-2.62436015388492,-2.70018157640533
"Co",1.29048470844684,0.341722328967636
"Co",0.8590289496174,0.719761426407199
"Co",-1.15609263356854,-1.26589592336956
"Co",1.08482241067933,1.01202787674997
"Co",1.9034282744395,1.948725311055
"Co",0.365906692439038,1.73123502532386
"Co",-0.310539959917857,-0.173153764878833
"Co",-0.163719224995904,-0.260797970669632
"Co",-1.7883474100074,-1.6520037367502
"Co",-5.59552817787467,-4.21866901773733
"Co",-1.67655553805533,-1.33534686320099
"Co",-2.16904762735183,-0.880563788259671
"Co",-1.3456798958036,-2.0918798048401
"Co",-3.83162604072543,-4.69782019130571
"Co",-1.81761662779452,-3.44029880359323
"Co",-0.533753050330411,-1.55263824754573
"Co",1.19288803377616,0.944284000196605
"Co",-1.97371772588787,-1.88773751165463
"Co",-0.621295245046131,-1.352447507922
"Co",-1.07356504346756,-1.73297342748305
"Co",-1.88311646536498,-1.6876939558117
"Co",-1.18341718911628,-1.44893364166728
"Co",-0.919222942982213,-1.28565711014341
"Co",0.125167496854163,0.379707863823826
"Co",1.59598533354587,0.914113293722325
"Co",0.159571721493262,0.0262019000056677
"Co",-0.386072766896739,-1.3051804355868
"Co",-2.9447346899449,-2.91130588020357
"Co",-0.458287667396906,-1.74232978212874
"Co",1.45799879070304,2.02509535977179
"Co",-1.81394931555925,-1.70555034851053
"Co",3.63337052942452,1.88544063045622
"Co",2.81700095742612,2.56008863983239
"Co",6.0156522913811,4.92347982766282
"Co",0.697246372277991,0.835474106448657
"Co",1.65876550804715,1.27553108891447
"Co",-1.48065390202067,-0.404180576724467
"Co",-0.658158317767397,-0.397024993242034
"Co",-2.2273336513905,-2.4970780886762
"Co",-2.14115483559103,-2.67515358625127
"Co",0.501876066957896,0.274114436308466
"Co",-3.92299458399833,-3.82228356502883
"Co",4.6455214570158,5.17834677253698
"Co",-6.14534502488275,-7.15717707570677
"Co",-0.373169622527001,-0.361820889394995
"Co",-0.219291660816143,0.816412667386004
"Co",-1.93361814133777,-2.18634497911327
"Co",3.07445772389101,3.59405566667586
"Co",3.11197586820684,4.13979860383184
"Co",-3.71485623785561,-2.73791606082423
"Co",-1.59299196423203,-0.854401449815995
"Co",-0.225072310613331,-0.697459288102912
"Co",-0.253418492919991,-0.477990325381034
"Co",-0.217490060913962,0.380798508244032
"Co",-1.84542180983051,-1.5865833480572
"Co",-0.400241666666669,-0.557275502789751
"Co",3.58200000000001,2.87859076967867
"Co",1.82292429685481,1.49243424643693
"Co",0.93120248802382,1.23626146247286
"Co",-1.37679066647666,-2.70103276660319
"Co",-2.05987091715443,-3.00323026460664
"Co",0.414114315665138,-0.462874347129652
"Co",-0.927144868485668,-1.56779760890799
"Co",1.88618832557435,1.96780764665528
"Co",0.465311666172667,-0.730977219615196
"Co",-1.82755696656987,-1.64646094117167
"Co",2.64642255729193,2.17072156336187
"Co",0.160774112830063,-0.426129100586433
"Co",-4.29181500284567,-4.62351380879315
"Co",-4.5199803910955,-4.23055260250867
"Co",-4.293979717118,-4.23765579474493
"Co",-2.57007098756483,-1.95178574384157
"Co",4.5314823356333,0.248769187388532
"Co",-1.54560695197137,-1.00822118922774
"Co",-0.27196813117059,-0.320437574468087
"Co",-0.772221563322333,-0.591666059213867
"Co",0.571433904737029,0.187325304507095
"Co",-1.02872019624112,-0.866141821489988
"Co",-0.481920780671093,-0.106420434964193
"Co",-0.226833044744371,-0.264501688767611
"Co",-0.065859079188467,0.448236650791667
"Co",-2.35533142902573,-2.9130760009343
"Co",-4.3011991731513,-3.913562448553
"Co",-2.83591729515404,-3.2254653834644
"Co",0.686837464056003,0.774325969997534
"Co",-4.5129146605598,-4.0030806089187
"Co",2.6443024182965,3.79763986888208
"Co",1.11211937615377,1.21265888688338
"Co",2.08367935390318,1.71577182149305
"Co",0.80149565495773,0.743773264373635
"Co",2.06469715222678,1.79203299127911
"Co",9.56248651768854,9.54334950025774
"Co",-0.587135273367941,-0.53424529487971
"Co",-1.74685683619304,-1.6325126705715
"Co",-1.57332922765763,-1.05562707331853
"Co",-0.977195090263566,-1.4813004583216
"Co",-1.46951949080331,-1.33411965270858
"Co",2.4848884939727,3.56321890843431
"Co",-1.37022000046,-1.5464625228491
"Co",-0.694289352937212,-0.709329828945769
"Co",-0.780698711871852,-0.867260136350352
"Co",-0.166469239093439,-0.329968443646292
"Co",-0.665054601489992,-0.968963275956061
"Co",1.34526630497238,1.37794467116305
"Co",-0.494382617880142,-0.276146722743564
"Co",-2.34417178905773,-2.46573127975594
"Co",5.656979683171,3.79139987419157
"Co",6.71492336528718,8.23752665589934
"Co",0.799131447735997,0.363747109480063
"Co",-2.387753634628,-2.36113095061
"Co",-0.537586751600434,-0.6971323422937
"Co",-1.96138332422623,-1.9250384986404
"Co",-1.63442964887753,-2.1809450876252
"Co",2.18969573222063,2.0428378973555
"Co",-0.2904267486227,-0.3630257663912
"Co",-1.70721247780475,-1.92254540184997
"Co",0.21175113266322,-1.09969170870374
"Co",-1.04863374278944,-1.35237435607561
"Co",-2.34452470349046,-1.1990377597387
"Co",-2.38267265865499,-4.39153662379433
"Co",-7.27506197275537,-7.36923691246193
"Co",-8.63284534058586,-7.48808427476682
"Co",1.40234847675166,-3.37135623446035
"Co",4.79582404842462,4.24339931944633
"Co",-2.15524895082083,0.483000643800004
"Co",-3.41862217161074,-3.57967231412876
"Co",-1.46117200174557,-1.57332667914027
"Co",1.33389920768464,-0.2177199350592
"Co",-5.601048966956,-10.4101881573469
"Co",0.506382233755266,1.87385281950187
"Co",-1.7641828665896,-2.23066873287363
"Co",-3.05420618287683,-3.073297892748
"Co",-6.0875568557552,-3.96558317439563
"Co",8.79637091564048,7.38044258237117
"Co",-2.69959209477272,-2.14399829127933
"Co",2.54585249680532,1.38337860997293
"Co",-2.493570002,-1.18333417690893
"Co",-2.17370113293644,-1.58633966574467
"Co",-3.08406041767987,-3.47374925512431
"Co",-3.164539997662,-2.67616058840033
"Co",-3.42158096909933,-1.54007545987283
"Co",0.339875345157125,-0.266054016785302
"Co",3.88974196034726,3.96093383777965
"Co",-5.20849224106854,-5.09656314074328
"Co",10.3168003352244,10.5778414189324
"Co",2.79194670864834,3.72882534936492
"Co",-0.624922717357032,-0.745780868977801
"Co",0.0277084593026355,-0.302210534629664
"Co",-1.733849998951,-3.56870765107349
"Co",9.60979602228965,8.20918759034583
"Co",1.87401662760911,1.7690783546755
"Co",0.66218349148097,0.592086363987789
"Co",-1.52062460033803,-0.791426884143696
"Co",-4.65553923464577,-4.70248990454256
"Co",-4.4808686970186,-2.74425071993013
"Co",-5.4524301543343,-5.2191697043167
"Co",-4.15488411792873,-4.13212597346017
"Co",-2.9534812961036,-2.70305439232926
"Co",3.48682674226314,1.5957056309388
"Co",-1.39305919255091,-1.73022260178537
"Co",-0.403384680573726,-0.455058652130923
"Co",-2.61758276980929,-2.30829872500276
"Co",-0.46883041337002,-0.134072145581548
"Co",0.44703707419675,1.08413354707379
"Co",0.512839364685927,0.490905356329849
"Co",0.069390528639433,0.419022740835411
"Co",-1.11181305667133,-1.07088727334016
"Co",1.11701216523375,1.6483023412715
"Co",-3.88984121265297,-3.80295072681606
"Co",-0.774508921744037,-0.765326997117324
"Co",1.71833030806451,1.85297458289985
"Co",-2.21020551565171,-6.96201275811012
"Co",-5.91633655809772,-5.26528731197023
"Co",0.421321708185577,1.76933559011374
"Co",-3.65638136983779,-3.06895885157529
"Co",4.88867084457473,4.44854233401195
"Co",-1.04112148692309,-1.42315770297756
"Co",1.34807557029086,1.28230655693717
"Co",8.42633081964821,8.40082229793253
"Co",-0.0728711302845841,-0.335073233199136
"Co",0.282789736002721,-0.0519288914872025
"Co",1.95101518693802,1.20154881944897
"Co",1.9997081356072,2.16074692565624
"Co",-3.56593677521932,-3.2408301410471
"Co",-1.85647066722335,-1.88757113988227
"Co",-2.72111727892584,-3.97728237794354
"Co",-1.36138468123243,-2.09451066860677
"Co",-4.10295482971017,-4.90500301330933
"Co",-9.85421692061925,-7.61318399586222
"Co",-1.72755280756641,-2.98079156499722
"Co",-7.90600265165302,-8.65356906258257
"Co",-0.369437472668352,0.518496578599652
"Co",-5.90817216071293,-4.81042059334446
"Co",-0.407811515700892,2.08676306434712
"Co",-1.42037880276434,-1.87659873476433
"Co",2.93019688337968,2.71293034290066
"Co",-0.0607446256294022,-0.165402922694298
"Co",0.320783758925105,0.438735989844233
"Co",-2.70322046540417,-1.5095967697325
"Co",-1.97188799749195,-2.98052009792102
"Co",-2.56461857887861,-2.87976002112687
"Co",1.46286161993568,0.663603765774502
"Co",1.62230474588726,1.71561258547904
"Co",1.0214377240225,1.07709012526456
"Co",0.755833333333333,0.374140826117005
"Co",-0.241039886215061,-1.13998700316857
"Co",0.302130854357491,-0.381075459309453
"Co",-0.207419133749584,-0.253508880652946
"Co",0.268424258449466,0.866425891147232
"Co",-2.82536565584151,-1.845053992099
"Co",-13.5062921582978,-10.0293096766771
"Co",5.76241671980554,4.52601476094892
"Co",-3.7368382881446,-6.32115873279536
"Co",-2.47303507114303,-1.37428811701412
"Co",-0.665810831294264,-0.903325354254166
"Co",0.00667240114063361,0.821769477271902
"Co",-2.0141144256792,-1.1080296320456
"Co",-0.962590400171568,-1.65079254837301
"Co",0.393892011561078,1.61219219190992
"Co",-3.28625820412666,-2.28286626356599
"Co",0.70351366523869,0.498998795006974
"Co",0.259253814407517,-0.139710281482486
"Co",-5.80050881429731,-6.64664564650095
"Co",-0.524431773953427,-0.869231140248498
"Co",-5.5876452314532,-5.51070070238367
"Co",-8.62317485561951,-7.89206501046066
"Co",-3.479257696254,-2.94500198055827
"Co",-2.1832955993884,-1.93409533358477
"Co",-0.479391923590534,-0.395033083271933
"Co",-1.72456207288333,-1.2487172605492
"Co",-2.556506668022,-2.33562695853207
"Co",-1.86445612775617,-1.930349701549
"Co",1.5691107706201,1.87280499562745
"Co",-1.59132473352337,-1.24729242698937
"Co",-1.07083664679551,-0.639816359771671
"Co",-1.37119563419481,-1.19702920908299
"Co",-0.720783718758917,-1.39029770018238
"Co",1.4386915652539,1.62101510226
"Co",-1.22437651457069,-0.714693892570982
"Co",-0.190773413785333,-0.265320965082285
"Co",-0.257561404591279,0.209066203109334
"Co",0.961360766924551,0.796470356460394
"Co",-1.50950548416612,-1.50342342205961
"Co",-0.514156138253297,-0.620524260605293
"Co",-5.06756666666667,-4.73944288279759
"Co",-0.513097308051794,-1.03908756847042
"Co",-4.05706744155614,-3.98019992761633
"Co",0.920157552337002,0.917063530894163
"Co",-1.40591359495655,-0.452249079109439
"Co",-3.06622969139552,-3.66668413803568
"Co",2.08146015824784,0.573007445196501
"Co",-0.361190003977997,0.464466045777801
"Co",0.281688615826008,0.286316648849311
"Co",0.316504729186044,0.418967932145703
"Co",0.0847216549524319,-0.916980214954943
"Co",-0.725521179106532,-0.348818905398425
"Co",-0.746301442815736,-1.08052974141773
"Co",-0.920594874604434,-1.16322597454592
"Co",-0.424763046929968,-0.260800766510711
"Co",-0.717034385091377,-0.671906257642037
"Co",-1.14772802285031,-1.16296543089981
"Co",0.684179704418283,0.381675189640729
"Co",-1.5313678461925,-1.68212878953461
"Co",-2.37349817052792,-2.39548323547914
"Co",-2.74099098424067,-3.80062834271533
"Co",-2.6466233768077,-2.2039519790924
"Co",7.66836325825066,7.32349165927034
"Co",0.325360946010999,1.00375534182434
"Co",-1.94359576084333,-1.64561579391376
"Co",-0.997205022770067,-1.18769394175967
"Co",4.2462059557178,4.73979085588714
"Co",0.897956925209633,0.8997026077555
"Co",-0.111906002809037,-0.0522000416337365
"Co",0.247890320518437,0.238848686984769
"Co",-0.28082414221494,-0.0050186048290195
"Co",0.446059572030504,-0.039708461526736
"Co",-0.851658172708802,-0.756317482905766
"Co",-1.8798371831819,-2.3789267969696
"Co",-2.29740884989583,-2.21896411768207
"Co",-1.00048282420579,-1.34725219962718
"Co",2.5014495852488,2.00226132471797
"Co",-3.93952686712889,-3.15354891177826
"Co",-2.22064088541932,-1.58883680248917
"Co",-4.96692555471667,-5.81432521674833
"Co",-0.977455202277269,-2.48683950376675
"Co",-0.0636989856302677,0.1178551501991
"Co",2.13332454108826,2.12652231384707
"Co",5.03064931332603,2.63778570784929
"Co",-1.30187489633633,-1.82174596896039
"Co",-4.076671130435,-4.92387295385392
"Co",0.121893333563346,1.10720242513218
"Co",2.92216016832734,4.47769696076333
"Co",-0.226174443701668,0.0201356665226715
"Co",-1.46724363702072,-3.7159728141236
"Co",0.816333337713335,-0.524014869843668
"Co",-1.2269540002804,-0.696652530398863
"Co",-0.645486553040858,-0.101690004547674
"Co",-4.21593988842987,-3.69141828797049
"Co",-1.79331972401912,-1.7351886587929
"Co",-2.39438852445934,-2.0836210077733
"Co",-0.833796913490067,-0.339813898516399
"Co",-1.16641272632593,-2.74078438347762
"Co",-0.591349512574698,0.359462301195807
"Co",-2.9605198398364,-3.084373224991
"Co",-3.85790116672,-4.05614381224383
"Co",-2.75522266461067,-2.32877610966734
"Co",-1.89202748458323,-0.184233166584669
"Co",3.11230132459717,3.70414300683378
"Co",-7.90601736842559,-9.72081332216417
"Co",-0.621649999999992,-0.388492920088506
"Co",-3.93740268285083,-3.0373285154012
"Co",1.670419599912,1.60846909949267
"Co",-2.73436226594967,-2.11197136922952
"Co",3.81811725361459,2.32291410988896
"Co",-2.33452743144533,-2.21484443687703
"Co",0.812282976000439,0.783097985880033
"Co",3.83958483160267,3.08051206964834
"Co",-2.47044034396674,-2.02753253235577
"Co",1.14318336131331,0.795701583320872
"Co",-0.931627988223069,-0.853392453883634
"Co",-0.431356086287137,-0.865326091933163
"Co",-1.03562256244507,-1.58962010440811
"Co",-1.09625610637063,-1.03951936493911
"Co",11.3461178690526,10.1393140184167
"Co",0.00094239870108126,-0.202075988799402
"Co",-1.71413527909617,-1.489433333935
"Co",0.707700542938667,-0.261701740997673
"Co",10.969866377885,10.7270349035731
"Co",-3.17698828824083,-6.02874622770027
"Co",-3.1563187349907,-1.08621913920516
"Co",0.566106319736932,0.352517221537006
"Co",-0.320716671337111,0.485920422124519
"Co",-0.738645114681658,-2.03768290973958
"Co",3.59189015010416,3.19723974781296
"Co",0.570378109102293,0.379125477601779
"Co",-1.01254899534604,-0.515667932099623
"Co",-1.77416488925431,-2.62252136012799
"Co",-2.81112301867901,-3.2524459908864
"Co",1.51323184732527,0.376146597844066
"Co",-0.478870318375022,-0.0927264192300461
"Co",-1.72889144493513,-2.83000279017556
"Co",-2.18860262240589,-2.70857779825057
"Co",-1.6085420349855,-0.0337306381443359
"Co",-3.1108898094728,-3.5247642850337
"Co",-2.84713796731807,-2.4904744466169
"Co",0.37904741026804,-0.719476147359725
"Co",4.25299600567222,3.75289607941851
"Co",14.1970715819162,12.3059822989738
"Co",1.05116205832006,6.44678009704549
"Co",-2.8452320520297,0.765250795897256
"Co",3.79079623258001,3.86522030585203
"Co",-2.58090156198514,-1.30135002577797
"Co",-2.5279851184648,-4.05225846224763
"Co",4.26667476234246,3.87250840982611
"Co",0.697295983638469,0.419071140674493
"Co",1.1577125126388,0.917998633471274
"Co",0.392370552815663,0.778013905347803
"Co",-1.25675257964816,0.72889859366564
"Co",-3.98467846977583,-6.22756106497265
"Co",-0.850766666666667,-3.30098503918791
"Co",-5.55171986514451,-5.65375188851406
"Co",0.0681101186034354,-0.427534291128502
"Co",-0.0200338314705695,0.0145364803904302
"Co",-2.48021010716504,-3.2950810708639
"Co",2.88613667478238,3.44542592263277
"Co",5.40518924333868,6.26220491268609
"Co",-3.23574959984301,-3.07612895678032
"Co",-1.63093446675534,-0.705311427822668
"Co",-0.729552655919862,-0.63384678364667
"Co",0.184810366620908,0.259716472394667
"Co",0.471926035282909,-0.0236703801836935
"Co",-2.73466666666667,-4.02414479053833
"Co",4.96481514542934,5.070367179645
"Co",5.46576448824199,5.03176795560032
"Co",5.56306666666666,5.26760358438584
"Co",-1.35445923851001,-1.3751104791038
"Co",-6.24471636329567,-5.80587135356679
"Co",-1.50021248793896,-0.797050479486476
"Co",2.01277376578359,1.60134802465751
"Co",-0.804016734416932,0.0110457167486651
"Co",8.12810575586864,8.62431552376614
"Co",-3.724930363243,-2.78349750148527
"Co",0.552017493526362,1.2981272083384
"Co",-1.3344049502306,-1.0568399011388
"Co",-0.819618068046497,-0.882233568542581
"Co",0.969866743748327,1.05025930451913
"Co",1.34586003584884,1.56715856283633
"Co",-3.726775150219,-2.7422777962668
"Co",0.0366765088201344,-0.221053435089901
"Co",-2.42545315341134,-3.01298236193674
"Co",-0.495456271466013,-0.475462136419029
"Co",-0.571333648055427,-0.642596033341462
"Co",-1.8612928544331,-1.87838056511247
"Co",0.421355206723661,0.469534601792711
"Co",-1.00213173991023,-1.1682668075032
"Co",-0.0276071257112314,-0.107478575350536
"Co",-2.8501272826721,-2.70348793895352
"Co",-1.61260871326493,-0.730987125442415
"Co",-2.63191762605694,-2.46759694697282
"Co",3.5955408357492,3.34297547183628
"Co",6.84146816837707,6.77627043452123
"Co",-2.77727728334173,-2.58367985210061
"Co",3.42899867022859,3.75373721930667
"Co",3.05036568218466,3.37073903970646
"Co",0.796058798607586,0.849215513724765
"Co",1.31543252431398,1.07178761095386
"Co",-1.68266285083743,-2.044282842506
"Co",1.17628970071191,0.864487217904536
"Co",-3.30380225591346,-3.41779858548144
"Co",-0.0618541199692331,0.207180144797961
"Co",0.130517609340673,-0.342757742093017
"Co",-1.48402315788538,-1.61070464555551
"Co",1.62780285998747,1.12187432122648
"Co",1.30505454353842,1.10118755739034
"Co",-1.64856390278105,-1.8206163433991
"Co",-0.187523820072599,-0.0619461487978956
"Co",-0.783855374946663,-0.435636210859427
"Co",1.73044135026661,1.78462195828127
"Co",1.05492400458148,1.11179862861518
"Co",0.197790628511167,-0.317602192446149
"Co",0.457775134720297,0.357999397282564
"Co",-1.76770545179867,-2.24308012860337
"Co",-0.991174605952233,-1.11764263841314
"Co",-2.39489455502044,-2.5204423947902
"Co",1.80217742259593,0.984205600271999
"Co",1.22012930801726,1.24213089752483
"Co",-0.457990464024171,-0.785742796938334
"Co",-1.24022283414933,-1.231990841788
"Co",0.277431874397464,-0.641874075072637
"Co",-8.0510394095725,-7.28619267506634
"Co",-0.493164715736568,-0.267859167243684
"Co",0.286437740782691,0.500023171869397
"Co",0.222664753968655,-0.0628241643306993
"Co",-0.691229498444788,-0.347059926575269
"Co",-0.488752022136589,-0.422389002170869
"Co",-0.240604119963772,-0.0139601141866628
"Co",5.96198881385461,4.70571543624858
"Co",-6.26368724419217,-9.19561904878115
"Co",-3.2248095219815,-4.66965868562466
"Co",-3.3656186726244,-5.43973198668474
"Co",0.688307803170673,0.498919144469323
"Co",-0.564530902007427,0.300253231011735
"Co",2.66992220220595,2.01199777207178
"Co",1.65321973102347,0.648768093006504
"Co",-0.947667798923582,-2.3645583624366
"Co",9.3121202633316,10.7982251295207
"Co",0.0931016009403365,0.555109627334901
"Co",0.289430257435226,2.01728221684624
"Co",-8.00091222533317,-8.26002761912783
"Co",11.8876471111683,11.3973184149832
"Co",1.60751860665211,-0.291209576358163
"Co",-2.68920681444301,2.12536334793286
"Co",-2.29984070375961,-3.08855976908439
"Co",-3.49126955426056,-3.51404000025733
"Co",-3.49416148169359,-5.12959120842432
"Co",3.80156225107267,3.48717806656727
"Co",-0.0511270732522693,0.0145832683169989
"Co",-0.459270934287634,-0.706292980497897
"Co",-5.36744403944067,-5.31677698257223
"Co",29.3396479704736,29.9726429305274
"Co",-0.111422532748195,0.188371396977844
"Co",0.902479057000445,0.561972833271035
"Co",-2.21014148774078,-2.03589079056255
"Co",-0.410285542368237,-0.295190699695041
"Co",-3.11610204347122,-3.35817896086586
"Co",-0.76096861545807,-0.354158204110407
"Co",-2.05154101837112,-1.72463922893211
"Co",2.6406879322823,2.25941872552725
"Co",-2.57326362129406,-0.698472187036547
"Co",0.845271977941492,0.713770786996902
"Co",-1.34682424857187,-2.02028660482203
"Co",-0.529423503062224,0.61198865325734
"Co",17.9080902969041,16.3884365936519
"Co",-0.0223369201961283,0.209586142520003
"Co",-0.387898950374931,-0.82678934866078
"Co",20.4221548283589,21.1043489853969
"Co",-0.0202187927939352,-0.434803852673426
"Co",1.69475036043207,2.44521042335908
"Co",1.44822767361531,0.940570794326156
"Co",3.30293451711142,4.50445500153445
"Co",-0.684355232826833,-1.5168401095754
"Co",-2.566832665994,-0.716695704968334
"Co",0.459056549957799,-0.0404116261688667
"Co",5.53523108379683,3.50422125671666
"Co",-1.8353830477695,-1.005307334392
"Co",-4.06203942858266,-3.43437644621073
"Co",-2.53829750783536,-2.94923217585583
"Co",1.54770202552714,1.5253120260257
"Co",-0.623916163357068,-0.481692282990203
"Co",0.504868550725901,0.746629682709332
"Co",0.828657521170603,0.431103736147387
"Co",-2.52588562151807,-2.3305572293086
"Co",-1.56309748345124,-1.63973293799997
"Co",5.16143789330968,3.01247256708306
"Co",-1.32235311112962,-1.09476486438631
"Co",-1.22325955289727,-1.647662946699
"Co",4.89400465788532,5.25013067429399
"Co",3.387171114595,0.629836759959787
"Co",-4.63788753661016,-5.74347122423267
"Co",-2.03744472515632,0.32020235063467
"Co",3.56078089717683,3.5677701052656
"Co",-3.45770332127582,-3.3822909559966
"Co",0.440085291129968,-0.356931464326463
"Co",2.69432795303767,1.77346036308283
"Co",-3.13751610260173,-2.81470511257124
"Co",-0.966898623247903,-0.792572362733975
"Co",-0.518436950729296,-0.487974244924378
"Co",-0.481533333333335,-2.74298519352536
"Co",-5.02309307711999,-4.10845121568987
"Co",-1.15849626685667,-1.18269972388884
"Co",1.97567036157746,1.75218964365204
"Co",-2.11774312973846,-1.68161616387921
"Co",-2.38991604215693,-1.3794709023755
"Co",0.954637265158446,1.30246438721074
"Co",-4.94623413284598,-5.23224111137223
"Co",14.4885188635863,11.8888491802713
"Co",3.6567810306491,3.1841622315701
"Co",-4.57433015945253,-2.1647809930546
"Co",0.770130892938663,0.141132825025341
"Co",-7.24367882217627,-7.29052032633752
"Co",-3.27491277589483,-1.95942650130154
"Co",0.0921630345169753,-0.1880939132002
"Co",-2.59541635783402,-2.55127988449295
"Co",-1.91009716542303,-2.07792508251502
"Co",1.50887383627603,1.50822306272808
"Co",-1.14645308344764,-1.35473072197956
"Co",-10.5491667170843,-6.57511658756787
"Co",-4.73103792172916,-5.03291981974466
"Co",-2.74811162195707,-2.68987930162293
"Co",-2.84295156457474,-4.85982638087403
"Co",-4.86496577437754,-4.20761687354787
"Co",-2.72146104263117,-2.73646000063313
"Co",-5.38430516499233,-6.05756610283796
"Co",-2.882344585906,-2.0778160288513
"Co",-2.81951064076207,-1.8747401916441
"Co",-2.37128320016766,-0.996585473816474
"Co",-9.07067113669901,-7.22273290780131
"Co",-0.812259111592674,0.214408630354459
"Co",-5.29116156796876,-4.84865381207706
"Co",-2.32041554313807,-2.7934086681955
"Co",6.81282295014933,6.59999685302529
"Co",-10.5208603606604,-7.51369405079219
"Co",-3.07635247016636,-2.5953338898396
"Co",-0.458739854774013,0.67836307248734
"Co",-0.754301416619175,-0.469187649647335
"Co",1.30535300671633,-0.276659459816177
"Co",-0.605136349046338,-0.633918787847846
"Co",-0.370803981464383,-0.315689298421374
"Co",-0.773606759990908,-0.695810744971411
"Co",0.295255391746245,0.427190126462677
"Co",-0.59352979933066,-0.286089792204029
"Co",-0.125807471594559,-0.113705267134568
"Co",-0.862025990270108,-0.575255722932178
"Co",-0.310696070844833,0.114529253026719
"Co",-1.52908190553473,-1.50195979745734
"Co",-1.36111585552084,-1.33363954009304
"Co",1.65797883276334,0.353101812846836
"Co",0.317282172771705,0.903325291958083
"Co",-5.4906273191619,-4.6179246571107
"Co",-2.8109954320505,-3.28992363099417
"Co",-2.01814642524,-1.92267208481883
"Co",-0.278554161141101,-0.270909919811286
"Co",0.251121392957709,1.07429989898212
"Co",1.16386549622508,0.920031818526327
"Co",0.438963833094194,0.131127957445878
"Co",-0.80768981201942,-0.703987083141379
"Co",0.0245531775449699,-0.264159129216148
"Co",1.333172653978,1.59343002733272
"Co",-1.75438084003266,-1.4050551036652
"Co",3.11802531019757,3.49247882247364
"Co",0.133405844233035,0.136178282593514
"Co",0.1939893737392,0.750423297469258
"Co",-0.432948031265767,0.242992542416104
"Co",2.0738423249636,3.46497912515293
"Co",3.49961398424877,4.36371350265951
"Co",1.62925927532946,1.39454321474349
"Co",3.028590364945,3.03038615098808
"Co",-2.39512375054404,-1.05871692117394
"Co",-4.0833291501764,-4.79646455773636
"Co",1.81909545658444,1.86609355308956
"Co",2.1224738260343,2.07971054204002
"Co",0.238678011311209,0.0936458684768766
"Co",1.5150498322929,1.82178983863153
"Co",-1.4621992484241,-0.906328440546063
"Co",-0.236952417317697,-0.209295427775585
"Co",-0.728339598294702,-0.547401777329748
"Co",5.30588788805879,5.4230275977122
"Co",0.457128173043335,0.571664020695602
"Co",-0.511386859908097,-0.777032451212004
"Co",2.00516306854659,2.46253960772104
"Co",28.4467564532918,27.316060983989
"Co",15.058298403854,15.2998394391727
"Co",14.7179145846471,14.4562305147272
"Co",18.9390086964103,18.7099195970405
"Co",40.0021353398161,40.156607692986
"Co",-8.30682352255138,-7.54177590682337
"Co",-4.82967297059094,-4.3852444314979
"Co",10.8466618627463,9.84698538136024
"Co",-4.66076956754773,-5.753388284022
"Co",41.4490964886931,38.8764486936162
"Co",15.6507530131128,13.9130263904779
"Co",-17.5542177938685,-16.4815868296473
"Co",-17.2958659428995,-14.5665521053415
"Co",-2.39467013185401,-0.972000650392239
"Co",-3.63691336377627,-2.75438257813503
"Co",2.04711301084687,2.72710456008503
"Co",0.940150418893481,1.36068130091947
"Co",-1.71207180833128,0.0276951882205196
"Co",-6.89786069947563,-5.81873641345309
"Co",-0.278464585187222,-2.31668433752112
"Co",-5.06291599167239,-6.20963686177005
"Co",14.8798152609296,13.9182255496179
"Co",-2.05140753638738,-3.93723936934334
"Co",13.4338845126881,10.7326843476179
"Co",6.68229386234599,6.03875414215232
"Co",9.14085722750448,6.86777075065681
"Co",2.08183135045756,4.44979202071553
"Co",7.55522733263836,5.28070359008227
"Co",1.91224489136544,0.099207018846613
"Co",10.830129278344,9.1534589114155
"Co",-1.06353676143095,-2.31211401565847
"Co",29.2157301601373,30.4618927794353
"Co",-6.60097597463349,-6.09037335458427
"Co",-13.5944246633792,-14.6851432015732
"Co",21.9589761327074,21.7670309407563
"Co",-9.04433992880035,-6.19976412021759
"Co",-1.37164413988231,-0.774895974357698
"Co",14.3718551640132,12.4879884530317
"Co",24.0035287583042,19.9184941004138
"Co",-1.91344946081634,-1.5638807234963
"Co",-10.8593052824881,-8.84833054168074
"Co",18.5595094168289,16.8038001991654
"Co",-10.6302149072609,-13.3986376425533
"Co",2.62841171216029,3.48879544173445
"Co",-4.266103575598,-3.9463602476257
"Co",-6.42139898432106,-8.21220309765743
"Co",-4.51883368527155,-5.25691853037155
"Co",0.490922631022135,1.093250134425
"Co",17.9581829183053,16.516094546878
"Co",6.01283016328998,2.94451360304432
"Co",8.07371536939382,7.39587583969865
"Co",19.8338540180589,20.3292614225131
"Co",2.60379413143535,2.48775894989747
"Co",5.38812265742873,5.06188375273682
"Co",-1.51406696484196,-2.39517471437433
"Co",2.66168312566012,2.63426145624306
"Co",-2.87953027449774,-2.82254599559632
