"point_id","X","Y","best_model","best_dg","lon","lat"
1,-1571062.8687,-4375355.9337,"cubist",296.4406,114,-39
2,-1347008.0061,-4345882.6618,"rpart",-1.512,116.5806,-39
3,-671912.4578,-4284691.1474,"cubist",6.8662,124.3226,-39
4,-333284.395,-4269461.379,"rf",4.9116,128.1935,-39
5,-220324.9633,-4266665.6502,"cubist",3.9158,129.4839,-39
6,5649.7118,-4264497.3746,"rpart",1.206,132.0645,-39
7,231622.0818,-4266893.8812,"rpart",1.2039,134.6452,-39
8,457499.9454,-4273854.1922,"knn",1.2419,137.2258,-39
9,908603.6673,-4301453.0139,"cubist",0.8313,142.3871,-39
10,1245998.5543,-4334097.4668,"knn",0.3355,146.2581,-39
11,1470312.0666,-4361532.9078,"xgbTree",1.0155,148.8387,-39
12,-1585016.9572,-4276972.411,"cubist",1.9964,114,-38.0968
13,-1472069.542,-4261534.1158,"xgbTree",5.1323,115.2903,-38.0968
14,-1358972.0524,-4247237.3592,"rpart",-3.998,116.5806,-38.0968
15,-564055.4607,-4179230.571,"knn",-3.7609,125.6129,-38.0968
16,-336244.6075,-4170137.307,"knn",0.7226,128.1935,-38.0968
17,233679.3355,-4167547.0048,"knn",1.0208,134.6452,-38.0968
18,575440.7124,-4179806.0107,"cubist",-5.6626,138.5161,-38.0968
19,803007.4744,-4193728.6945,"rpart",0.6022,141.0968,-38.0968
20,1030246.5938,-4212245.0356,"rpart",0.712,143.6774,-38.0968
21,1709071.9001,-4295271.1132,"cubist",0.715,151.4194,-38.0968
22,-1256739.6389,-4134992.4714,"cubist",64.6925,117.871,-37.1935
23,-913308.0018,-4102114.0129,"rpart",-0.5738,121.7419,-37.1935
24,-798628.8206,-4093468.7273,"xgbTree",0.1022,123.0323,-37.1935
25,-683868.1732,-4085982.1135,"rpart",-0.2369,124.3226,-37.1935
26,-109253.0721,-4065951.7107,"knn",1.3633,130.7742,-37.1935
27,235743.4634,-4067868.1705,"rpart",1.0879,134.6452,-37.1935
28,350709.9131,-4070829.7617,"rpart",1.0915,135.9355,-37.1935
29,580523.6745,-4080235.4622,"rpart",1.2445,138.5161,-37.1935
30,1268169.3058,-4136267.5473,"knn",0.6878,146.2581,-37.1935
31,1382392.193,-4149652.8797,"cubist",0.7368,147.5484,-37.1935
32,1610403.3758,-4179880.8903,"xgbTree",0.5235,150.129,-37.1935
33,1837757.483,-4214708.2084,"xgbTree",0.9548,152.7097,-37.1935
34,-1383016.0386,-4048991.1952,"cubist",3.5159,116.5806,-36.2903
35,-921328.7068,-4002437.488,"knn",-0.8744,121.7419,-36.2903
36,-458137.759,-3974568.7021,"xgbTree",-20.1136,126.9032,-36.2903
37,-110212.5367,-3965957.6071,"knn",1.117,130.7742,-36.2903
38,1163949.8311,-4024552.5093,"knn",1.3238,144.9677,-36.2903
39,1853896.7379,-4116020.4899,"xgbTree",0.6795,152.7097,-36.2903
40,1968294.3294,-4135322.5652,"xgbTree",0.4167,154,-36.2903
41,-1511191.2159,-3964132.4037,"knn",26.3702,115.2903,-35.3871
42,-1278842.4866,-3935952.3404,"xgbTree",4.7089,117.871,-35.3871
43,-1162466.561,-3923623.7327,"knn",6.2074,119.1613,-35.3871
44,-1045971.9649,-3912471.1121,"knn",0.6356,120.4516,-35.3871
45,-695895.6717,-3886080.0153,"rpart",-1.1032,124.3226,-35.3871
46,-579045.7809,-3879641.5625,"rpart",-3.489,125.6129,-35.3871
47,-111174.5553,-3865697.3288,"knn",0.625,130.7742,-35.3871
48,1406704.9489,-3950870.5879,"cubist",16.2049,147.5484,-35.3871
49,1754492.1411,-3998765.9945,"xgbTree",3.8681,151.4194,-35.3871
50,-1641253.2467,-3880477.5589,"cubist",45.2664,114,-34.4839
51,-1524298.4652,-3864491.5142,"cubist",146.8729,115.2903,-34.4839
52,-1407188.2846,-3849687.5096,"knn",9.9015,116.5806,-34.4839
53,-819723.3637,-3793446.5029,"rpart",-1.9499,123.0323,-34.4839
54,-584068.1086,-3779267.8454,"rpart",-3.0176,125.6129,-34.4839
55,-466145.0549,-3773964.266,"rpart",-14.5154,126.9032,-34.4839
56,5902.124,-3764666.1718,"xgbTree",1.1646,132.0645,-34.4839
57,713714.1631,-3786477.0411,"xgbTree",1.0355,139.8065,-34.4839
58,1066799.6701,-3813453.6608,"xgbTree",0.5762,143.6774,-34.4839
59,-1419313.0253,-3749717.2589,"cubist",11.5103,116.5806,-33.5806
60,-1301048.9175,-3735979.4237,"xgbTree",-3.0564,117.871,-33.5806
61,-351174.5148,-3669193.8162,"cubist",6.2217,128.1935,-33.5806
62,-113105.0433,-3664504.4705,"xgbTree",3.2752,130.7742,-33.5806
63,5952.9784,-3663963.3527,"knn",2.9318,132.0645,-33.5806
64,482057.7374,-3673822.4278,"knn",1.4164,137.2258,-33.5806
65,1902551.8969,-3818505.7245,"rpart",0.7222,152.7097,-33.5806
66,2019951.831,-3838314.379,"rpart",1.058,154,-33.5806
67,-833861.4791,-3592363.7484,"cubist",3.6692,123.0323,-32.6774
68,-714038.0008,-3584546.8518,"knn",-12.0677,124.3226,-32.6774
69,126080.2499,-3563754.0561,"rpart",2.4929,133.3548,-32.6774
70,366181.9851,-3568726.0323,"rpart",1.0076,135.9355,-32.6774
71,486182.8987,-3573030.4739,"rpart",0.9065,137.2258,-32.6774
72,606134.311,-3578546.6788,"cubist",1.0176,138.5161,-32.6774
73,845839.3224,-3593211.9887,"xgbTree",0.8877,141.0968,-32.6774
74,965568.5626,-3602359.6034,"rpart",0.6596,142.3871,-32.6774
75,-961702.5561,-3500695.4357,"knn",1.4701,121.7419,-31.7742
76,-115042.1966,-3462616.9579,"xgbTree",23.6214,130.7742,-31.7742
77,369293.4029,-3467753.488,"xgbTree",1.198,135.9355,-31.7742
78,490313.9542,-3472094.5041,"rpart",0.9906,137.2258,-31.7742
79,611284.5837,-3477657.5797,"xgbTree",1.0328,138.5161,-31.7742
80,973772.9182,-3501672.8408,"rpart",0.6561,142.3871,-31.7742
81,1214955.6607,-3523779.5666,"rpart",0.5772,144.9677,-31.7742
82,1335367.3246,-3536658.7046,"cubist",-1.0652,146.2581,-31.7742
83,-1697949.1415,-3480742.2517,"xgbTree",0.2546,114,-30.871
84,-1455798.5763,-3448888.5826,"xgbTree",-2.1246,116.5806,-30.871
85,-1213054.0171,-3421932.4799,"rf",-5.7616,119.1613,-30.871
86,-238119.4221,-3363273.6404,"cubist",0.7229,129.4839,-30.871
87,-116012.5765,-3361485.2728,"xgbTree",1.3096,130.7742,-30.871
88,372408.3894,-3366665.1296,"knn",1.1207,135.9355,-30.871
89,494449.748,-3371042.7621,"rpart",0.9857,137.2258,-30.871
90,1225203.8008,-3423163.7876,"cubist",1.2794,144.9677,-30.871
91,1346631.136,-3436151.561,"knn",0.8001,146.2581,-30.871
92,1467921.0108,-3450365.046,"rpart",2.3108,147.5484,-30.871
93,1589061.2406,-3465802.8146,"knn",0.7391,148.8387,-30.871
94,1830842.9776,-3500344.7333,"xgbTree",0.6325,151.4194,-30.871
95,1951459.8214,-3519445.3579,"xgbTree",0.6092,152.7097,-30.871
96,-977933.5199,-3298986.7244,"rpart",0.9914,121.7419,-29.9677
97,-486284.936,-3269405.7294,"cubist",-6.5254,126.9032,-29.9677
98,-363217.4863,-3265115.7431,"cubist",35.7535,128.1935,-29.9677
99,129297.5208,-3260389.9556,"xgbTree",1.4763,133.3548,-29.9677
100,498589.1408,-3269903.0857,"xgbTree",1.0306,137.2258,-29.9677
101,621601.4305,-3275560.0511,"rf",1.1182,138.5161,-29.9677
102,1235460.8588,-3322460.4536,"xgbTree",0.7224,144.9677,-29.9677
103,1602364.4096,-3365456.4424,"rpart",0.2801,148.8387,-29.9677
104,-1603365.8207,-3263424.0091,"xgbTree",2.5332,115.2903,-29.0645
105,-1109770.6764,-3208611.6542,"knn",-0.0872,120.4516,-29.0645
106,-862243.4869,-3188693.8002,"rf",0.8808,123.0323,-29.0645
107,-117955.6102,-3158984.9196,"xgbTree",4.1434,130.7742,-29.0645
108,6208.2749,-3158420.5956,"xgbTree",2.0596,132.0645,-29.0645
109,626765.2062,-3174406.4412,"knn",1.2605,138.5161,-29.0645
110,1738679.8302,-3281989.1119,"cubist",0.4315,150.129,-29.0645
111,2106578.4863,-3340248.7538,"rpart",1.2736,154,-29.0645
112,-869349.7444,-3087623.3399,"rpart",86.8137,123.0323,-28.1613
113,-369253.1686,-3062600.3665,"xgbTree",10.4578,128.1935,-28.1613
114,-118927.752,-3057669.6108,"rpart",13.7106,130.7742,-28.1613
115,131446.0924,-3057796.0492,"xgbTree",2.0135,133.3548,-28.1613
116,1006662.1426,-3098044.6079,"rpart",0.8453,142.3871,-28.1613
117,1628991.3287,-3164608.4541,"xgbTree",2.1436,148.8387,-28.1613
118,1876848.5811,-3200018.3455,"xgbTree",1.1983,151.4194,-28.1613
119,-1754844.7983,-3079598.5201,"xgbTree",1.7069,114,-27.2581
120,-1128064.0283,-3006790.2007,"xgbTree",0.9618,120.4516,-27.2581
121,-1002311.4968,-2996031.8069,"xgbTree",-0.0071,121.7419,-27.2581
122,-624491.6098,-2971384.0567,"xgbTree",-1.2693,125.6129,-27.2581
123,-119899.979,-2956345.4238,"xgbTree",-26.1061,130.7742,-27.2581
124,889046.3177,-2987435.5926,"xgbTree",1.2811,141.0968,-27.2581
125,1642308.2318,-3064158.4855,"xgbTree",0.442,148.8387,-27.2581
126,-1390392.9464,-2931420.3256,"knn",0.8579,117.871,-26.3548
127,-1137209.6699,-2905890.8843,"knn",0.286,120.4516,-26.3548
128,-883562.39,-2885480.5629,"xgbTree",-0.106,123.0323,-26.3548
129,-629554.5995,-2870197.6893,"knn",-0.8657,125.6129,-26.3548
130,-502447.8465,-2864481.0739,"cubist",-1.6004,126.9032,-26.3548
131,-375289.9386,-2860048.4991,"rpart",-0.7784,128.1935,-26.3548
132,642261.9271,-2870839.9501,"rpart",16.2089,138.5161,-26.3548
133,769297.326,-2877968.3281,"xgbTree",2.8361,139.8065,-26.3548
134,1403038.1497,-2932831.0049,"knn",0.2558,146.2581,-26.3548
135,1529408.5543,-2947639.8572,"xgbTree",0.3501,147.5484,-26.3548
136,1781668.5535,-2981082.5939,"rpart",-0.2084,150.129,-26.3548
137,-1656217.019,-2861650.8914,"rpart",0.4258,115.2903,-25.4516
138,-1274026.0015,-2817254.6894,"cubist",0.5851,119.1613,-25.4516
139,-1146351.6671,-2805031.7756,"xgbTree",0.6924,120.4516,-25.4516
140,-506487.0108,-2763289.0728,"rf",-3.2473,126.9032,-25.4516
141,134669.0181,-2753898.7505,"xgbTree",0.7582,133.3548,-25.4516
142,262911.2834,-2755906.5305,"xgbTree",0.1529,134.6452,-25.4516
143,391126.8292,-2759209.4248,"knn",0.2219,135.9355,-25.4516
144,1159124.548,-2806196.0292,"cubist",0.2266,143.6774,-25.4516
145,1668932.5537,-2863330.0878,"knn",-0.7532,148.8387,-25.4516
146,2176016.9114,-2941007.9838,"rpart",0.5966,154,-25.4516
147,-1797506.0262,-2778814.8549,"knn",0.0273,114,-24.5484
148,-1669416.7597,-2761306.8854,"rpart",0.5873,115.2903,-24.5484
149,-510523.6178,-2662161.1415,"rpart",-0.4175,126.9032,-24.5484
150,6464.0259,-2651977.8377,"rpart",35.1239,132.0645,-24.5484
151,135742.305,-2652695.98,"rpart",4.3865,133.3548,-24.5484
152,394244.037,-2658048.9794,"knn",0.9013,135.9355,-24.5484
153,781662.1303,-2675865.1745,"rpart",9.7391,139.8065,-24.5484
154,910659.5155,-2684411.3967,"knn",2.4121,141.0968,-24.5484
155,1039564.1065,-2694260.0313,"xgbTree",1.2545,142.3871,-24.5484
156,1168362.5544,-2705410.0583,"knn",0.7197,143.6774,-24.5484
157,1553990.5162,-2746656.5239,"rpart",0.1044,147.5484,-24.5484
158,1938191.9074,-2799566.7007,"knn",0.5462,151.4194,-24.5484
159,-1423901.152,-2629672.8885,"xgbTree",0.9229,117.871,-23.6452
160,-1164616.2068,-2603528.1925,"knn",0.2863,120.4516,-23.6452
161,-644726.7456,-2566974.7983,"xgbTree",-2.8725,125.6129,-23.6452
162,-384334.3547,-2556581.0145,"xgbTree",-5.7115,128.1935,-23.6452
163,-123785.047,-2551448.8749,"xgbTree",-0.4337,130.7742,-23.6452
164,267100.1843,-2553620.247,"xgbTree",0.2346,134.6452,-23.6452
165,657740.3174,-2567632.5374,"cubist",0.1379,138.5161,-23.6452
166,1436851.1023,-2631117.5649,"rpart",0.5542,146.2581,-23.6452
167,1824606.4269,-2680532.008,"knn",1.1292,150.129,-23.6452
168,1953503.5841,-2699611.4738,"cubist",1.0808,151.4194,-23.6452
169,2082201.3695,-2719991.779,"rpart",0.4456,152.7097,-23.6452
170,-1825891.1227,-2578685.2816,"xgbTree",147.5872,114,-22.7419
171,-1695779.1502,-2560900.8372,"cubist",8.4632,115.2903,-22.7419
172,-1435049.6498,-2529278.6551,"knn",1.7186,117.871,-22.7419
173,-1173734.6214,-2502929.258,"rpart",1.6959,120.4516,-22.7419
174,-1042890.8961,-2491735.3018,"rpart",0.4372,121.7419,-22.7419
175,-387343.5177,-2455614.505,"cubist",-3.8671,128.1935,-22.7419
176,-256061.9328,-2452365.3058,"xgbTree",21.4855,129.4839,-22.7419
177,6566.1017,-2449845.3332,"xgbTree",0.7639,132.0645,-22.7419
178,137885.863,-2450574.816,"rpart",0.8754,133.3548,-22.7419
179,662890.1246,-2466752.5563,"xgbTree",0.4668,138.5161,-22.7419
180,925040.0838,-2482791.0629,"xgbTree",0.005,141.0968,-22.7419
181,1186812.6087,-2504121.3222,"rpart",0.4307,143.6774,-22.7419
182,1317523.9992,-2516768.2289,"xgbTree",0.3521,144.9677,-22.7419
183,1708798.4214,-2562620.1447,"xgbTree",1.0324,148.8387,-22.7419
184,-1708935.9699,-2460883.1151,"cubist",0.6715,115.2903,-21.8387
185,-1314579.4516,-2415073.7401,"cubist",-0.9445,119.1613,-21.8387
186,-1182841.1226,-2402461.7594,"xgbTree",1.3825,120.4516,-21.8387
187,-1050982.2371,-2391180.9542,"xgbTree",2.0149,121.7419,-21.8387
188,-919016.0415,-2381232.4575,"rpart",0.6583,123.0323,-21.8387
189,271279.9977,-2351772.8115,"xgbTree",0.2237,134.6452,-21.8387
190,403576.7653,-2355180.8399,"xgbTree",0.422,135.9355,-21.8387
191,1327746.1001,-2416408.1009,"xgbTree",0.5481,144.9677,-21.8387
192,1984073.6879,-2500048.6346,"xgbTree",0.5394,151.4194,-21.8387
193,-1854202.2103,-2379077.5088,"rpart",0.0073,114,-20.9355
194,-1324684.8122,-2314855.792,"rpart",0.203,119.1613,-20.9355
195,-793005.5436,-2272072.9766,"xgbTree",-1.0295,124.3226,-20.9355
196,-526626.3405,-2258744.3527,"xgbTree",-4.5617,126.9032,-20.9355
197,-393349.416,-2254098.4762,"knn",9.0001,128.1935,-20.9355
198,406679.1177,-2254502.4865,"knn",1.1757,135.9355,-20.9355
199,539951.282,-2259282.9689,"cubist",0.9077,137.2258,-20.9355
200,673168.4704,-2265409.2269,"rf",2.4222,138.5161,-20.9355
201,939383.1574,-2281696.4162,"cubist",-0.0682,141.0968,-20.9355
202,1603005.8357,-2345904.8532,"rpart",1.1157,147.5484,-20.9355
203,1999325.5467,-2400483.9007,"xgbTree",0.7525,151.4194,-20.9355
204,6718.6896,-2147688.0122,"knn",2.5842,132.0645,-20.0323
205,141090.1559,-2148434.4473,"cubist",0.6992,133.3548,-20.0323
206,1214392.631,-2203225.3065,"xgbTree",0.2051,143.6774,-20.0323
207,1615213.2096,-2246096.7625,"cubist",0.509,147.5484,-20.0323
208,1748508.733,-2263083.5675,"cubist",0.2564,148.8387,-20.0323
209,2279771.3211,-2344465.2142,"xgbTree",0.0723,154,-20.0323
210,-1882415.4845,-2180159.3705,"knn",9.9752,114,-19.129
211,-1748275.6179,-2161824.3706,"rpart",3.3279,115.2903,-19.129
212,-1613957.5181,-2144845.0973,"rpart",1.6491,116.5806,-19.129
213,-1075175.8126,-2090517.6683,"cubist",0.9859,121.7419,-19.129
214,-399334.5641,-2053278.675,"xgbTree",0.3305,128.1935,-19.129
215,818585.7941,-2072346.6179,"cubist",1.0089,139.8065,-19.129
216,953676.6765,-2081296.5413,"xgbTree",-6.8355,141.0968,-19.129
217,1223552.9294,-2103287.1244,"knn",0.4811,143.6774,-19.129
218,1492930.0533,-2130724.317,"knn",0.0799,146.2581,-19.129
219,2163467.7361,-2223067.2084,"knn",-0.2133,152.7097,-19.129
220,2296967.8892,-2245592.4204,"xgbTree",-0.7306,154,-19.129
221,-1896478.3005,-2081009.263,"knn",0.23,114,-18.2258
222,-265961.0385,-1949805.8795,"xgbTree",1.1957,129.4839,-18.2258
223,143216.3966,-1947946.1712,"cubist",1.0387,133.3548,-18.2258
224,279598.1375,-1950081.3841,"xgbTree",1.4054,134.6452,-18.2258
225,1639554.6107,-2047080.2659,"xgbTree",1.3346,147.5484,-18.2258
226,1909982.0539,-2082931.5059,"xgbTree",0.192,150.129,-18.2258
227,2179630.1875,-2124237.6491,"knn",-1.6633,152.7097,-18.2258
228,6870.3939,-1847280.3457,"rpart",1.1675,132.0645,-17.3226
229,556347.822,-1858658.8063,"xgbTree",1.5754,137.2258,-17.3226
230,830802.1789,-1872669.3862,"rpart",6.6251,139.8065,-17.3226
231,1378581.8857,-1917304.6427,"xgbTree",0.2656,144.9677,-17.3226
232,1787989.1004,-1965281.4693,"knn",0.1432,148.8387,-17.3226
233,2060038.471,-2004147.5448,"cubist",5.5648,151.4194,-17.3226
234,2331247.3061,-2048500.6689,"cubist",21.2038,154,-17.3226
235,-1787363.6247,-1864678.5942,"rpart",0.6466,115.2903,-16.4194
236,-1650042.4362,-1847319.6977,"cubist",0.7905,116.5806,-16.4194
237,-823071.6252,-1772362.0174,"xgbTree",1.178,124.3226,-16.4194
238,-546592.8976,-1758528.0508,"xgbTree",0.8418,126.9032,-16.4194
239,-269891.1496,-1750281.3504,"xgbTree",1.1158,129.4839,-16.4194
240,698691.0387,-1765445.6177,"xgbTree",1.3653,138.5161,-16.4194
241,974999.0126,-1782350.3209,"cubist",-17.2043,141.0968,-16.4194
242,1938205.8937,-1885374.1766,"knn",-3.5248,150.129,-16.4194
243,2211838.6227,-1927290.7015,"knn",-2.5386,152.7097,-16.4194
244,2348323.5768,-1950319.533,"rpart",9625.2008,154,-16.4194
245,-1800325.3271,-1766144.1471,"rpart",0.7895,115.2903,-15.5161
246,-1523521.639,-1732572.4316,"rpart",0.8937,117.871,-15.5161
247,-1384879.6695,-1717885.0085,"rpart",0.9846,119.1613,-15.5161
248,-1246096.3246,-1704598.5725,"rpart",1.0826,120.4516,-15.5161
249,-1107185.9761,-1692714.4997,"rpart",1.3219,121.7419,-15.5161
250,-968162.5788,-1682233.9839,"rpart",0.8989,123.0323,-15.5161
251,-689833.804,-1665487.7908,"cubist",0.8035,125.6129,-15.5161
252,-271848.3612,-1650917.3111,"xgbTree",0.9054,129.4839,-15.5161
253,-132445.4281,-1648875.6263,"xgbTree",0.9856,130.7742,-15.5161
254,6970.9073,-1648241.9802,"xgbTree",0.9902,132.0645,-15.5161
255,703757.8451,-1666191.5475,"rpart",4.12,138.5161,-15.5161
256,1259980.5805,-1705864.1285,"xgbTree",-0.5606,143.6774,-15.5161
257,1537377.6075,-1734118.1819,"rf",-1.7199,146.2581,-15.5161
258,1814147.2471,-1767969.4513,"knn",-9.2831,148.8387,-15.5161
259,1952261.4825,-1786989.8109,"knn",-10.8653,150.129,-15.5161
260,2365353.2797,-1852406.1416,"cubist",8.8765,154,-15.5161
261,-1115134.0684,-1593940.3624,"rpart",1.1259,121.7419,-14.6129
262,7020.9489,-1549148.5905,"xgbTree",1.0006,132.0645,-14.6129
263,287838.8966,-1552126.7513,"cubist",1.0176,134.6452,-14.6129
264,568539.4004,-1560776.394,"knn",1.7446,137.2258,-14.6129
265,849008.0378,-1575093.996,"cubist",-9.7614,139.8065,-14.6129
266,1129130.1547,-1595073.7042,"xgbTree",-0.1407,142.3871,-14.6129
267,1966276.0697,-1688892.4423,"knn",-19.1397,150.129,-14.6129
268,2243871.7001,-1731416.0256,"cubist",2.7001,152.7097,-14.6129
269,-1826132.9877,-1569955.1376,"rpart",0.962,115.2903,-13.7097
270,-1685833.1916,-1552219.7126,"rpart",0.8409,116.5806,-13.7097
271,-1404731.9173,-1521004.2042,"xgbTree",0.7742,119.1613,-13.7097
272,-1263959.1133,-1507527.3073,"knn",1.179,120.4516,-13.7097
273,-982041.1877,-1484842.1223,"cubist",0.775,123.0323,-13.7097
274,-840924.7147,-1475636.1395,"rpart",0.7433,124.3226,-13.7097
275,7070.8352,-1450362.8432,"knn",0.9682,132.0645,-13.7097
276,431253.6322,-1457003.9124,"knn",1.3928,135.9355,-13.7097
277,572579.0713,-1462073.2664,"knn",0.7758,137.2258,-13.7097
278,1278042.4,-1508811.005,"knn",-2.1531,143.6774,-13.7097
279,1418801.5207,-1522430.0741,"rpart",-0.0202,144.9677,-13.7097
280,1559415.9129,-1537470.0802,"xgbTree",-0.8491,146.2581,-13.7097
281,1980247.1476,-1591099.6239,"knn",-8.4215,150.129,-13.7097
282,2399260.6151,-1657453.6976,"knn",-5.2567,154,-13.7097
283,-846838.0992,-1377353.1947,"cubist",0.9127,124.3226,-12.8065
284,-562375.954,-1363119.7677,"xgbTree",0.8825,126.9032,-12.8065
285,-420051.6307,-1358158.5095,"xgbTree",0.9293,128.1935,-12.8065
286,291922.558,-1354922.5895,"rpart",4.4632,134.6452,-12.8065
287,861053.1832,-1378215.6777,"cubist",270.6426,139.8065,-12.8065
288,-1851771.1519,-1375054.6341,"rpart",1.0137,115.2903,-11.9032
289,-1424453.7819,-1325416.4495,"rpart",0.7667,119.1613,-11.9032
290,-995828.6465,-1288746.6667,"knn",1.0586,123.0323,-11.9032
291,-279616.6589,-1256535.0933,"xgbTree",1.1407,129.4839,-11.9032
292,-136230.1687,-1254435.0657,"cubist",0.9589,130.7742,-11.9032
293,293953.9472,-1256824.7435,"knn",1.1254,134.6452,-11.9032
294,437308.2577,-1260517.6197,"rf",1.87,135.9355,-11.9032
295,723868.323,-1272245.804,"knn",4.7196,138.5161,-11.9032
296,867044.9575,-1280279.9204,"xgbTree",2.1862,139.8065,-11.9032
297,1295985.5954,-1313052.0627,"rpart",0.0545,143.6774,-11.9032
298,1581309.4779,-1342113.4997,"rf",-3.3411,146.2581,-11.9032
299,1723736.6233,-1358803.9785,"cubist",15.5437,147.5484,-11.9032
300,1865988.045,-1376932.0979,"knn",-1.3534,148.8387,-11.9032
301,2149905.2529,-1417493.6607,"xgbTree",-4.3322,151.4194,-11.9032
302,-2007580.2277,-1297683.3606,"knn",1.5781,114,-11
303,-1002685.2471,-1191227.0124,"xgbTree",1.3538,123.0323,-11
304,-714431.8458,-1173883.6848,"rpart",0.9757,125.6129,-11
305,-281541.9096,-1158793.652,"xgbTree",0.9493,129.4839,-11
306,1161057.774,-1203246.6302,"cubist",-2.1466,142.3871,-11
307,1448626.9731,-1229605.1223,"knn",-13.1442,144.9677,-11
308,2164708.0422,-1320860.4709,"cubist",-8.7341,151.4194,-11
309,2307320.0821,-1343444.2075,"xgbTree",1.4083,152.7097,-11
310,2449696.8687,-1367467.1561,"xgbTree",-2.3387,154,-11
