"lon","lat","y","temperature","precipitation","elevation","soil_ph","distance_km","noise_var"
114,-39,12.511625,24.956438,555.815537,260.155607,6.575993,120.595896,-1.824783
115.290323,-39,11.2177,23.489808,593.680992,303.250857,6.518074,113.752324,1.420086
116.580645,-39,10.987206,23.69181,541.583754,366.640319,6.817911,176.089178,0.724392
117.870968,-39,15.6537,24.135369,605.980623,432.558943,6.91113,149.85514,1.385941
119.16129,-39,12.523797,24.135952,535.247898,272.329071,6.716322,105.454059,0.67272
120.451613,-39,13.12086,23.531091,488.818503,292.359636,7.058684,110.930809,0.0913
121.741935,-39,11.718402,25.078845,540.115431,548.091051,6.859966,156.309428,1.90299
123.032258,-39,17.100146,24.122141,563.609978,359.847483,6.889625,164.644829,-0.208665
124.322581,-39,14.464878,26.041899,591.13633,406.148492,6.787713,190.086616,-1.995436
125.612903,-39,11.068645,24.749823,598.183794,271.697022,6.449961,107.667449,0.051688
126.903226,-39,14.643398,25.580185,564.955339,402.199046,6.719678,128.649062,-1.939923
128.193548,-39,16.985558,27.252901,566.994019,403.868917,5.99686,164.605714,1.397018
129.483871,-39,18.816652,23.918945,680.227858,247.019222,5.901777,214.465556,-1.436844
130.774194,-39,21.75738,23.193447,655.379464,386.974161,6.386912,85.453249,1.199543
132.064516,-39,16.732144,22.921625,554.802819,459.612269,6.855725,79.259076,-0.7219
133.354839,-39,16.280153,23.667347,514.214508,465.53883,6.186087,137.517895,-0.355811
134.645161,-39,13.797973,23.032881,469.187801,75.096546,6.727531,163.714367,1.486873
135.935484,-39,12.153762,19.831384,450.349741,216.152864,6.174703,173.918855,0.477549
137.225806,-39,10.122587,18.126813,414.020736,426.600878,6.123274,103.73522,-1.370224
138.516129,-39,6.261099,21.54214,301.256934,337.470867,5.848911,108.956633,-0.177119
139.806452,-39,14.940241,21.704798,432.262057,245.692558,6.086028,40.366302,-0.332559
141.096774,-39,18.250159,20.055768,523.981855,259.402739,6.292241,81.749208,-0.890219
142.387097,-39,15.891396,20.954253,530.437063,25.507561,6.525985,68.666356,0.640716
143.677419,-39,20.697464,23.148717,504.761372,56.215519,6.372079,42.799631,2.637351
144.967742,-39,21.38486,25.299621,481.027022,182.93499,6.424088,89.183037,-1.100699
146.258065,-39,20.841123,23.85915,541.64817,338.229221,6.56075,183.649599,-0.20807
147.548387,-39,22.056391,23.182344,573.360475,339.720665,6.205975,110.76868,2.676126
148.83871,-39,19.243788,20.982176,608.162611,386.591638,6.10497,91.899323,0.20941
150.129032,-39,19.181969,22.271049,606.059737,227.126683,6.749424,106.341969,-0.344725
151.419355,-39,20.399976,21.755913,643.804457,427.775089,5.642259,95.604692,-0.004534
152.709677,-39,24.252695,22.739396,658.398335,484.602358,6.356659,75.544331,-1.668627
154,-39,22.672207,23.63743,676.803147,447.983954,6.778735,127.391711,-0.144608
114,-38.096774,17.978938,24.982919,598.653716,266.895671,6.974944,92.308089,-1.084793
115.290323,-38.096774,17.047541,23.214408,673.048624,384.943086,6.607041,114.564206,-1.246313
116.580645,-38.096774,10.472531,23.78928,551.909617,306.47316,6.962418,177.638364,0.221094
117.870968,-38.096774,11.414988,22.000275,647.338047,261.097703,6.92175,165.193894,-0.743152
119.16129,-38.096774,12.624108,22.224595,558.819514,72.097727,6.631117,80.137644,0.506516
120.451613,-38.096774,14.865875,22.233099,527.298848,281.048618,6.963962,153.347911,0.446722
121.741935,-38.096774,10.96105,21.127671,549.123693,166.990223,6.964139,175.58039,0.37086
123.032258,-38.096774,12.593112,23.129061,545.998668,300.80813,6.717127,179.015171,0.131782
124.322581,-38.096774,7.012491,24.47966,445.307413,373.968034,6.534665,164.671601,0.520402
125.612903,-38.096774,6.872367,24.128839,518.283887,404.734945,6.430372,109.220505,-1.111381
126.903226,-38.096774,13.027041,25.525034,553.451922,473.031427,6.599521,102.299039,-1.280876
128.193548,-38.096774,13.461854,24.671654,492.251136,442.91049,6.249119,116.579361,-0.789554
129.483871,-38.096774,18.316879,22.374127,623.27344,257.207764,5.78102,105.181648,1.135846
130.774194,-38.096774,19.474836,22.926457,587.758139,422.284175,6.355747,114.929073,-0.040995
132.064516,-38.096774,20.453954,21.957758,628.171592,417.805676,6.445409,61.34428,-0.163235
133.354839,-38.096774,16.690457,23.957693,559.031037,182.454645,6.624301,129.17071,-0.222469
134.645161,-38.096774,15.259807,22.067133,460.121953,171.419247,6.194448,124.244147,0.102968
135.935484,-38.096774,10.174289,21.060157,457.887566,70.303195,5.665861,168.57357,0.523808
137.225806,-38.096774,10.058268,20.258434,434.937827,179.943152,5.819642,162.369347,0.032239
138.516129,-38.096774,11.889261,20.210895,442.249043,215.456169,5.785728,117.616964,0.980463
139.806452,-38.096774,15.243974,22.495551,456.166119,187.801981,6.270225,96.722604,1.259454
141.096774,-38.096774,19.695927,21.890073,405.786099,297.547554,5.816433,97.616687,1.075232
142.387097,-38.096774,15.081701,21.810098,418.363748,164.924978,5.957532,38.906715,0.176426
143.677419,-38.096774,16.716931,23.157877,429.67943,65.253455,6.232303,87.59932,1.413937
144.967742,-38.096774,18.354652,24.59262,500.789571,135.732656,6.166185,135.191395,0.160972
146.258065,-38.096774,21.681111,23.786283,521.649175,219.211686,6.300396,122.482661,0.217568
147.548387,-38.096774,16.211739,19.761591,532.774961,323.318061,5.924743,84.897292,0.125278
148.83871,-38.096774,16.984527,20.981241,537.956396,381.909745,5.935001,105.71026,0.725674
150.129032,-38.096774,17.859701,21.183616,596.473432,281.777787,6.001371,71.489963,-0.63069
151.419355,-38.096774,19.546783,21.872385,582.884987,328.855122,5.521921,94.852803,-0.799506
152.709677,-38.096774,22.242646,22.977234,609.008879,447.433856,6.252073,119.198308,1.633027
154,-38.096774,19.71167,24.537031,590.742728,321.242343,6.401995,119.98322,-1.356832
114,-37.193548,13.089591,22.913044,536.785724,280.485119,6.611699,107.71769,1.28863
115.290323,-37.193548,18.977467,24.139513,652.459939,305.860747,6.991912,104.277423,-1.613858
116.580645,-37.193548,16.018107,23.432028,545.752388,217.840105,7.079946,136.120724,1.810764
117.870968,-37.193548,13.046805,23.243421,591.694362,157.477508,6.674158,124.167024,-0.057623
119.16129,-37.193548,12.347981,23.052031,542.818133,136.629531,6.926639,199.159945,2.415063
120.451613,-37.193548,12.93459,22.714896,484.079493,127.252352,6.750492,193.697246,0.34024
121.741935,-37.193548,7.028097,20.791284,533.002959,190.404112,6.649003,219.43522,-0.608317
123.032258,-37.193548,9.990771,22.030466,538.359231,149.056856,6.660845,171.940707,0.876135
124.322581,-37.193548,10.367846,23.745143,557.401138,336.305492,6.573286,146.802878,0.264186
125.612903,-37.193548,9.816585,22.828984,549.082456,331.939372,6.460284,210.593234,0.707408
126.903226,-37.193548,12.082377,23.157685,535.258083,466.14386,6.391186,115.16408,0.251886
128.193548,-37.193548,20.504721,23.739021,667.325923,437.771142,6.389843,90.403908,1.38606
129.483871,-37.193548,19.604913,23.349449,593.360539,294.354774,6.462993,95.846233,0.955614
130.774194,-37.193548,16.172056,23.033305,545.413655,310.197327,6.293665,137.208741,-0.397372
132.064516,-37.193548,16.686675,21.613482,552.649991,379.381321,6.836463,12.048364,0.237327
133.354839,-37.193548,16.10542,21.319206,536.713412,326.221388,6.333801,153.634825,1.641246
134.645161,-37.193548,18.057834,23.05854,526.229228,265.92246,6.744627,111.497237,0.195147
135.935484,-37.193548,18.0164,21.925997,510.433875,217.184721,6.364611,105.514876,1.244925
137.225806,-37.193548,11.994043,21.148426,475.688902,37.425194,5.962631,125.313022,1.106597
138.516129,-37.193548,11.460607,20.983764,426.929871,186.075258,5.402053,143.574853,0.240714
139.806452,-37.193548,15.606167,20.660581,501.258635,89.929137,5.816439,91.86145,0.827899
141.096774,-37.193548,23.522137,22.196345,495.770047,225.13698,5.831586,32.478467,-0.547282
142.387097,-37.193548,17.415567,21.987979,416.268667,144.602573,6.411151,43.571803,-0.048583
143.677419,-37.193548,12.930707,22.534687,480.667715,142.664466,6.401706,97.88677,1.935568
144.967742,-37.193548,20.037281,24.089848,526.142536,71.169192,5.757478,149.825347,0.253598
146.258065,-37.193548,18.875331,23.590365,583.426443,192.009235,6.134277,164.094798,1.25289
147.548387,-37.193548,18.905911,22.645872,562.195546,432.120513,5.781879,106.003939,-0.421723
148.83871,-37.193548,16.290093,20.98596,497.932328,540.18652,5.436258,150.116273,-2.377993
150.129032,-37.193548,20.223269,21.92203,593.416286,130.898365,6.05728,151.759898,-0.902489
151.419355,-37.193548,16.552007,23.47073,549.223628,113.712119,6.126828,111.362524,-0.237762
152.709677,-37.193548,17.436297,22.180582,601.446004,157.815586,6.12944,152.871685,-1.218006
154,-37.193548,23.454603,22.363146,681.818092,143.32878,6.770996,175.688398,0.844125
114,-36.290323,9.808765,21.442826,482.476461,497.714004,6.555738,69.30553,-0.008373
115.290323,-36.290323,15.621187,21.241195,642.501447,436.449248,6.302156,150.982704,-0.966078
116.580645,-36.290323,16.150249,22.454726,659.728557,273.838899,6.947582,140.936367,1.083139
117.870968,-36.290323,18.446556,23.307262,571.883935,307.261421,6.579373,167.034213,-0.325487
119.16129,-36.290323,17.570651,23.975386,532.224675,434.817294,6.734713,187.132226,-1.159394
120.451613,-36.290323,10.892476,23.630908,481.299438,319.343684,6.411913,176.327152,-0.110056
121.741935,-36.290323,3.701049,20.961397,490.6556,413.320178,6.147396,240.9259,0.156327
123.032258,-36.290323,4.860103,23.46301,563.616242,173.043226,6.563133,235.882944,2.383137
124.322581,-36.290323,5.241598,22.400887,522.255244,171.609791,6.275101,154.433695,0.265356
125.612903,-36.290323,4.640765,22.48589,539.913399,400.870575,6.23351,168.829504,-0.366098
126.903226,-36.290323,9.870332,22.143074,562.07127,485.985225,6.570733,153.18847,-0.990216
128.193548,-36.290323,14.270983,22.552885,607.430642,484.449204,5.759986,59.05872,0.164342
129.483871,-36.290323,16.42865,22.850328,599.79667,399.335004,5.981159,76.315993,-0.333749
130.774194,-36.290323,14.924228,22.516714,644.128242,291.374962,6.769681,112.64171,0.827945
132.064516,-36.290323,13.804084,21.705654,558.362549,417.635417,6.69747,74.466754,0.269265
133.354839,-36.290323,15.540338,21.677614,506.859073,520.85291,6.078742,47.182349,1.45523
134.645161,-36.290323,18.014728,21.653745,565.489192,460.651382,6.41571,44.384263,0.222469
135.935484,-36.290323,19.047718,21.191737,555.207369,150.253101,6.372044,57.042157,-1.392715
137.225806,-36.290323,16.015371,19.499464,524.254927,191.656757,5.863366,107.524136,-0.878068
138.516129,-36.290323,14.934749,20.053067,524.263488,193.191339,5.569334,60.670606,-0.021854
139.806452,-36.290323,15.02899,20.216353,448.281649,193.009425,5.818299,90.43324,0.602144
141.096774,-36.290323,24.99173,24.007967,536.183137,197.687086,6.281074,99.942378,2.447259
142.387097,-36.290323,18.846515,21.403202,517.072015,76.598146,6.133665,67.26901,0.666059
143.677419,-36.290323,18.823418,22.314351,566.780461,183.995429,6.441599,136.200866,0.586362
144.967742,-36.290323,14.93649,21.530506,534.830405,309.949199,5.589737,183.977475,-1.268059
146.258065,-36.290323,17.292499,20.989277,473.233042,443.063125,6.477983,166.38141,0.358552
147.548387,-36.290323,15.657391,21.815406,499.93505,461.943452,6.289927,134.275104,-1.31364
148.83871,-36.290323,15.64438,20.537964,474.250854,333.862502,5.786532,143.564084,-0.580614
150.129032,-36.290323,20.753704,21.584664,653.965125,165.847265,6.025037,90.551685,0.864766
151.419355,-36.290323,13.641461,21.91108,585.233802,94.774841,5.854635,139.902826,0.954308
152.709677,-36.290323,18.656073,21.317476,599.791442,212.100999,5.954055,167.400254,-0.414801
154,-36.290323,21.27689,19.657424,700.992151,182.038619,6.538574,167.89261,-0.558618
114,-35.387097,11.065938,19.795838,572.156035,707.926941,5.834541,10.458075,-0.270276
115.290323,-35.387097,14.190545,20.896093,650.171406,447.448569,6.443083,112.432865,1.893119
116.580645,-35.387097,19.404142,22.349663,775.611301,361.128983,6.861265,160.693469,-2.696986
117.870968,-35.387097,15.840205,22.322159,648.916004,329.17123,6.699397,141.250105,-0.13228
119.16129,-35.387097,13.664027,22.971568,664.845607,312.683407,6.357571,201.799128,1.105785
120.451613,-35.387097,9.942542,23.821824,573.475583,422.237078,6.518637,215.357498,-0.162974
121.741935,-35.387097,5.082882,23.772466,466.604399,311.106437,6.282742,184.079468,-1.180969
123.032258,-35.387097,3.398713,21.896494,410.96992,251.984797,6.887547,167.157732,0.650835
124.322581,-35.387097,6.243833,21.879075,526.155855,226.088651,6.639279,152.715604,0.877333
125.612903,-35.387097,6.456204,23.054947,493.158939,66.874508,6.952852,120.312134,-1.226279
126.903226,-35.387097,9.086155,21.766346,550.429422,389.183735,6.360069,89.400839,-0.313193
128.193548,-35.387097,17.996684,21.909621,677.225886,422.670633,6.44138,123.154669,0.659092
129.483871,-35.387097,15.285787,22.021923,655.658974,292.804031,6.589503,63.734072,-0.774219
130.774194,-35.387097,16.078544,21.040367,616.430422,447.654763,6.831609,97.391017,-0.041564
132.064516,-35.387097,11.739661,20.821844,479.182896,295.363792,7.133809,32.221415,-0.24045
133.354839,-35.387097,17.858917,21.093129,472.807056,231.111438,6.862523,43.314817,-0.171975
134.645161,-35.387097,14.386901,20.671581,505.481575,258.939699,6.838939,68.241324,-0.171918
135.935484,-35.387097,16.729403,21.620428,577.072535,115.999241,6.854291,108.081626,1.286088
137.225806,-35.387097,16.715478,19.882935,579.165416,269.206058,6.04199,64.451287,1.09941
138.516129,-35.387097,14.324007,19.648994,544.884761,252.434905,6.119329,51.228337,0.474163
139.806452,-35.387097,17.995263,21.385689,526.424607,200.56062,6.473403,113.523711,-0.211987
141.096774,-35.387097,20.51141,21.247524,527.508756,208.377881,5.838847,131.276534,-1.661497
142.387097,-35.387097,21.578591,21.364038,548.405623,97.757477,6.50136,108.933661,-0.93429
143.677419,-35.387097,18.860839,19.86602,573.593802,229.712683,6.039048,142.394451,1.112398
144.967742,-35.387097,18.472421,21.684416,565.613552,336.96001,5.612951,152.028343,-0.899118
146.258065,-35.387097,17.413731,20.800001,609.175129,383.617333,6.132844,180.261927,-0.311531
147.548387,-35.387097,11.945716,20.500993,487.43756,383.046935,5.750649,164.670655,1.091914
148.83871,-35.387097,16.592027,19.412755,599.1159,205.132371,5.712159,139.764543,-1.304553
150.129032,-35.387097,21.144574,20.584149,659.044523,285.485816,6.205018,96.841885,1.743356
151.419355,-35.387097,12.451567,20.210069,550.001359,68.275282,6.119023,140.354911,-0.111369
152.709677,-35.387097,17.684113,19.846486,587.11546,399.26357,6.544563,150.220781,-2.414989
154,-35.387097,24.472301,21.140013,615.445468,444.063986,6.619959,99.183933,-1.033592
114,-34.483871,15.688028,19.987325,551.193183,558.129151,5.615196,29.227799,-0.281419
115.290323,-34.483871,11.30496,19.611314,563.806157,315.229125,5.894131,39.20194,1.385976
116.580645,-34.483871,14.825284,21.305518,649.008369,368.850627,6.506525,147.960868,1.068533
117.870968,-34.483871,8.392927,21.495017,635.032582,173.83214,6.430221,206.360181,0.71357
119.16129,-34.483871,11.984358,22.851081,615.008697,256.483474,6.674547,275.41314,0.405265
120.451613,-34.483871,9.427193,24.491575,464.247716,404.796173,6.58204,292.73986,-0.099052
121.741935,-34.483871,9.552579,22.375577,481.350613,409.702862,6.215528,187.112635,-0.509339
123.032258,-34.483871,5.912489,22.297005,499.778865,302.752841,6.441263,122.122163,-1.102372
124.322581,-34.483871,12.390064,22.003973,554.174955,217.60747,6.941685,109.656585,1.012505
125.612903,-34.483871,10.858798,22.975776,580.57989,226.146565,6.545047,150.719279,0.109233
126.903226,-34.483871,9.270579,21.758156,601.340596,156.574236,6.070976,86.476476,0.980063
128.193548,-34.483871,20.957485,22.331455,718.699588,265.170246,6.559048,78.468484,2.305879
129.483871,-34.483871,16.134229,19.886148,622.365309,479.281616,6.717703,57.356047,0.434481
130.774194,-34.483871,17.807181,22.033005,522.769753,225.294211,6.605255,64.351532,-0.152732
132.064516,-34.483871,14.621743,21.939665,513.257454,416.387492,6.858843,78.306212,1.00988
133.354839,-34.483871,19.241683,20.988424,520.643598,337.537452,6.905522,21.754053,-0.443828
134.645161,-34.483871,17.122262,19.37589,493.460809,226.356342,6.611452,67.061316,0.439103
135.935484,-34.483871,14.809358,20.985329,554.542759,426.439951,6.732307,35.388091,1.898435
137.225806,-34.483871,14.372252,20.814348,589.710663,313.728946,6.20087,95.994914,-0.611122
138.516129,-34.483871,13.943931,20.355667,588.272357,461.125514,6.174325,116.966004,-0.937985
139.806452,-34.483871,16.988178,20.95559,606.506223,303.572714,6.531093,133.362955,-1.067181
141.096774,-34.483871,24.215566,20.346787,620.537835,297.082885,6.196769,130.030354,1.239654
142.387097,-34.483871,13.94792,20.866512,466.534494,172.433936,5.812185,164.692166,0.597312
143.677419,-34.483871,21.493234,20.69155,631.354438,156.237508,5.897485,175.342471,1.272009
144.967742,-34.483871,18.135692,20.571854,631.370543,93.437997,5.402752,128.956808,0.751093
146.258065,-34.483871,11.919142,19.172478,577.649016,216.711606,5.699305,238.249704,0.223101
147.548387,-34.483871,12.771749,20.356634,502.957472,357.424835,5.668602,166.085149,0.240324
148.83871,-34.483871,17.632365,20.415138,622.401044,173.215075,6.812811,110.420405,0.082387
150.129032,-34.483871,17.379387,19.402679,643.739276,118.580054,6.611657,128.188226,-0.682659
151.419355,-34.483871,18.698496,18.213246,649.933438,154.952155,6.583505,144.021628,0.1274
152.709677,-34.483871,15.17387,19.667835,607.596318,331.30582,6.651036,142.603186,-0.304107
154,-34.483871,20.441054,20.150893,599.440361,331.652232,6.480109,74.69125,0.70297
114,-33.580645,14.049641,20.238729,684.49517,532.96385,5.094397,66.310308,-1.064459
115.290323,-33.580645,10.15357,18.802114,513.400001,402.976165,6.30932,94.786538,-1.138894
116.580645,-33.580645,7.1002,19.316057,601.980281,320.724067,6.267478,219.547114,1.565135
117.870968,-33.580645,5.474655,21.896693,626.442732,150.948191,6.177843,203.661841,-0.166738
119.16129,-33.580645,8.23773,22.803298,604.965875,160.007975,6.281149,269.683833,1.306253
120.451613,-33.580645,10.734573,23.588366,554.08154,353.877859,6.731533,226.667442,1.031113
121.741935,-33.580645,10.770243,24.288602,508.057992,326.044482,6.681054,193.182659,-0.804259
123.032258,-33.580645,13.581047,22.747849,590.896677,406.391504,6.958957,110.734762,-0.937489
124.322581,-33.580645,11.89534,20.177309,463.045182,134.43093,6.879513,50.249281,-0.602029
125.612903,-33.580645,10.639148,21.748694,514.261298,236.418162,6.54439,26.343508,-1.997781
126.903226,-33.580645,8.600212,22.744821,587.805959,175.491975,6.289928,95.547007,0.322347
128.193548,-33.580645,18.187048,23.771074,649.088112,406.703726,6.030324,85.766263,-0.527324
129.483871,-33.580645,13.26384,20.217702,629.338303,423.577044,6.534257,87.849777,-1.421865
130.774194,-33.580645,16.521426,19.922758,590.911855,232.711222,6.506968,14.599679,-0.853658
132.064516,-33.580645,12.180603,20.174369,469.668568,194.200208,6.561661,49.249764,1.213977
133.354839,-33.580645,13.505351,19.250922,506.922516,307.079524,6.981052,55.079332,1.145902
134.645161,-33.580645,13.992632,18.942591,548.383264,273.087466,7.065133,118.46556,1.188519
135.935484,-33.580645,14.376824,19.872049,633.173205,339.210144,7.414401,67.587074,-0.672188
137.225806,-33.580645,14.065259,19.19533,609.154554,337.502423,6.792444,124.992401,1.547018
138.516129,-33.580645,16.755123,22.004698,691.677317,435.428465,6.446907,133.197689,-0.872311
139.806452,-33.580645,16.647417,21.16006,632.172613,247.103411,6.176101,171.340327,0.651962
141.096774,-33.580645,25.687865,20.516866,603.978342,598.903912,6.163125,164.157947,-0.177247
142.387097,-33.580645,20.970338,21.007623,570.599632,351.110733,6.497828,174.466615,1.420038
143.677419,-33.580645,17.696139,20.646408,581.923374,176.301842,6.009136,166.281321,0.695296
144.967742,-33.580645,18.274908,20.060604,645.504119,159.227343,6.301052,167.564053,-1.546036
146.258065,-33.580645,15.506462,21.123066,528.599184,275.906229,5.96899,193.837798,1.460246
147.548387,-33.580645,14.276182,20.244711,544.452141,348.196964,6.18519,162.467059,-0.340636
148.83871,-33.580645,16.866041,18.784918,571.812966,75.379932,7.303318,129.81784,-0.698301
150.129032,-33.580645,16.360442,19.332117,593.390616,-49.071655,6.908934,160.147852,-0.337515
151.419355,-33.580645,17.483061,18.56877,680.61926,144.611907,6.295466,142.836281,-1.215381
152.709677,-33.580645,23.218437,18.780447,688.241088,348.003518,6.302235,103.89194,-0.490471
154,-33.580645,18.436396,18.625975,719.35692,345.24701,6.123196,92.965528,-1.251655
114,-32.677419,13.850286,20.323145,619.329059,520.455952,5.776569,57.562076,1.45884
115.290323,-32.677419,9.747967,19.334597,576.377005,438.224228,5.970751,172.929263,-0.076008
116.580645,-32.677419,7.800814,20.258963,508.964421,359.846265,6.320318,282.254042,-2.300354
117.870968,-32.677419,11.027244,21.034561,555.897977,406.861379,6.755728,240.588548,-1.234529
119.16129,-32.677419,9.95324,21.395894,667.996528,180.815228,6.258725,235.559756,-0.318729
120.451613,-32.677419,13.911498,23.71249,575.17072,206.043982,6.268641,178.575609,-2.796964
121.741935,-32.677419,11.288981,22.990466,494.460292,332.383577,6.53111,170.133438,-2.111056
123.032258,-32.677419,13.900657,22.963931,536.328392,346.460452,7.0022,148.188968,-1.706491
124.322581,-32.677419,12.109987,20.080635,574.349179,42.187222,6.916756,107.712607,0.986158
125.612903,-32.677419,13.843803,20.544106,470.420598,236.493085,6.634359,71.986692,0.267937
126.903226,-32.677419,9.355438,21.509319,540.804866,137.420698,6.836671,129.020001,-0.20724
128.193548,-32.677419,16.117036,21.500602,623.123454,184.250808,6.347939,165.182438,-1.419922
129.483871,-32.677419,18.99613,21.785394,715.767591,465.906139,6.974584,99.177719,-0.478197
130.774194,-32.677419,13.956909,20.24883,584.932418,420.628602,6.24722,78.163713,-1.198841
132.064516,-32.677419,14.137782,19.99686,608.648182,217.094592,6.603208,109.90229,0.111479
133.354839,-32.677419,11.090356,18.434834,543.398002,430.105672,7.089914,91.595597,0.545318
134.645161,-32.677419,10.553637,18.146666,524.535325,286.52056,7.409751,115.610813,-0.195543
135.935484,-32.677419,15.636664,20.099646,542.520805,412.708224,6.789791,76.055207,0.305155
137.225806,-32.677419,20.485543,21.289911,597.641912,497.090163,6.546421,88.932766,1.066907
138.516129,-32.677419,19.451694,22.59215,644.384338,529.428865,5.889662,55.971559,0.033189
139.806452,-32.677419,20.646881,20.125011,618.327631,518.009731,6.065086,109.879712,-1.035578
141.096774,-32.677419,24.619311,22.370786,658.752661,444.882064,6.09987,132.609333,1.889116
142.387097,-32.677419,25.538633,22.254621,621.077039,307.648771,6.616705,191.842237,0.242851
143.677419,-32.677419,24.212812,20.998446,600.715979,364.996744,6.505786,140.464008,-0.483676
144.967742,-32.677419,18.235563,21.20089,573.6668,260.965123,6.315357,157.077984,-0.147357
146.258065,-32.677419,11.78322,19.840332,488.488081,214.746284,6.681651,155.885516,0.24934
147.548387,-32.677419,10.107122,18.679877,430.950466,156.553421,6.577139,141.853219,-0.146849
148.83871,-32.677419,18.151624,18.862597,539.66039,258.924453,7.280514,145.629253,-0.699881
150.129032,-32.677419,17.552072,17.78344,595.531302,215.18664,7.095258,198.353712,0.654057
151.419355,-32.677419,23.793083,18.579537,723.014701,365.463785,6.750255,119.138888,-0.092495
152.709677,-32.677419,22.936058,19.977774,726.378099,283.806738,6.673935,132.569347,-0.616413
154,-32.677419,21.121961,18.282696,755.042988,342.854708,6.198826,92.345029,-1.865034
114,-31.774194,13.429464,19.233499,605.188616,308.083857,5.618259,72.789633,-0.556116
115.290323,-31.774194,8.516363,19.568096,531.752762,372.198398,6.250976,189.779537,0.3734
116.580645,-31.774194,6.468268,19.050901,543.596209,276.912902,6.033204,196.184304,0.647628
117.870968,-31.774194,9.916125,19.857873,586.059172,353.976033,6.157241,185.834839,-1.27434
119.16129,-31.774194,13.071961,21.810327,573.745805,264.152556,6.21783,226.519223,1.511319
120.451613,-31.774194,9.656773,23.29015,563.790694,391.370167,6.479926,182.937003,-1.068496
121.741935,-31.774194,11.01655,22.936538,635.881525,363.955642,6.754863,216.120362,-0.610118
123.032258,-31.774194,6.96565,20.104364,523.979119,257.967,6.303926,255.218032,0.177149
124.322581,-31.774194,15.984297,19.937927,619.224425,22.505639,6.701625,171.521633,0.418027
125.612903,-31.774194,10.582235,21.212811,540.833002,121.582224,6.174497,156.662404,-0.020788
126.903226,-31.774194,11.570689,21.837167,636.78337,127.062721,7.172935,156.46027,-0.592565
128.193548,-31.774194,15.209546,21.119839,603.166542,338.67042,6.496243,139.323464,-1.748338
129.483871,-31.774194,13.084234,18.296044,646.404119,426.331138,7.121765,99.894069,-1.057168
130.774194,-31.774194,12.109346,19.403018,635.734004,324.414292,6.568492,138.392981,0.264591
132.064516,-31.774194,10.487131,19.909749,603.016802,325.128272,6.826971,150.54448,0.353175
133.354839,-31.774194,12.371169,19.034596,603.601976,364.865365,6.73018,141.681598,0.24627
134.645161,-31.774194,12.703262,19.098319,553.208559,375.748298,6.968019,150.84073,-0.070194
135.935484,-31.774194,15.358346,20.416206,620.953754,364.742141,6.897891,74.625581,-0.012848
137.225806,-31.774194,19.129767,20.728745,623.214722,543.203933,6.937281,45.250603,0.102414
138.516129,-31.774194,21.323165,22.60358,666.359368,613.994207,6.143601,72.479568,3.025755
139.806452,-31.774194,15.205261,21.860336,583.870196,377.483206,5.699341,118.999192,0.005566
141.096774,-31.774194,17.489957,20.613031,587.556876,469.268753,5.77826,175.486243,-1.024177
142.387097,-31.774194,23.754574,22.632042,659.483488,290.52917,6.371214,220.315298,1.05744
143.677419,-31.774194,24.40405,22.596668,635.802768,335.804413,6.568816,178.351617,1.460032
144.967742,-31.774194,19.381581,21.947123,565.894449,385.691179,6.453703,124.550429,0.838565
146.258065,-31.774194,10.621069,18.562203,503.804984,321.946007,6.638547,101.667733,-0.120468
147.548387,-31.774194,16.29227,17.997999,524.851991,251.435031,6.657252,98.603591,-1.568783
148.83871,-31.774194,14.910879,18.964623,541.846575,279.752453,6.817334,182.610131,0.769866
150.129032,-31.774194,24.840575,18.536204,612.624393,506.505192,7.539907,188.45431,1.140691
151.419355,-31.774194,21.690918,19.17778,599.349651,525.845265,6.99494,197.872369,-1.196158
152.709677,-31.774194,27.355811,21.827208,773.793306,371.989003,7.03759,128.114149,-1.047901
154,-31.774194,24.667175,19.03233,786.660905,304.594424,7.323831,113.594829,-0.683922
114,-30.870968,9.926211,16.978118,636.044611,493.478997,5.588265,137.030852,-0.909049
115.290323,-30.870968,8.89863,18.745589,478.700414,377.265467,5.990702,179.287244,-0.028365
116.580645,-30.870968,8.230649,18.399075,528.14195,357.788474,6.111926,146.299781,-1.946762
117.870968,-30.870968,10.617924,19.991962,542.703071,456.058302,6.534198,123.822096,0.144356
119.16129,-30.870968,11.445134,20.262421,493.610388,294.489072,6.315782,96.460238,-0.360075
120.451613,-30.870968,14.516077,23.740445,591.344873,295.784657,6.555534,180.912718,1.322434
121.741935,-30.870968,12.82388,22.038956,668.82829,276.770139,6.628183,227.430096,-1.05823
123.032258,-30.870968,10.104845,20.010789,579.602753,253.910568,6.582066,229.304234,1.861505
124.322581,-30.870968,5.724255,19.790046,585.076991,-67.116246,6.34346,262.315788,-0.17299
125.612903,-30.870968,13.050593,21.361079,677.703471,64.614739,7.178835,207.050731,0.106313
126.903226,-30.870968,11.698568,21.193567,564.67757,252.948603,6.645578,157.741934,-0.812325
128.193548,-30.870968,15.423773,18.665723,637.982177,346.968852,6.593217,181.812259,-1.832087
129.483871,-30.870968,13.773074,18.4845,621.092742,396.549752,6.89227,178.288523,-1.556076
130.774194,-30.870968,12.958174,19.693915,619.550415,190.804826,6.86134,139.12901,0.114659
132.064516,-30.870968,9.268467,19.651542,581.285947,307.081855,6.424833,154.711856,-0.025382
133.354839,-30.870968,14.257248,20.096657,649.644089,326.199338,6.575446,180.78984,1.284943
134.645161,-30.870968,14.316958,19.607142,554.837761,351.054453,6.329385,179.953446,-0.117231
135.935484,-30.870968,16.183649,20.083779,650.572678,460.483845,6.902623,111.596527,1.285923
137.225806,-30.870968,21.087396,21.174241,715.03856,608.679887,6.453947,42.935049,1.699426
138.516129,-30.870968,16.158257,22.578219,580.834254,485.6511,5.90046,135.471374,0.269903
139.806452,-30.870968,11.547154,20.469913,526.936143,344.300867,5.878169,148.833601,0.984498
141.096774,-30.870968,19.703617,20.683631,605.245095,338.147776,5.636928,160.696027,-0.396763
142.387097,-30.870968,22.619545,21.447285,580.832804,391.991506,6.238398,176.960132,-1.56599
143.677419,-30.870968,16.531804,20.916687,564.947196,338.201252,6.2982,151.250684,-0.203193
144.967742,-30.870968,14.495916,19.584216,534.356628,309.160712,6.277893,73.192902,-0.17979
146.258065,-30.870968,15.578352,18.164358,510.55149,309.161547,6.054553,87.734233,-1.191119
147.548387,-30.870968,13.772095,18.788975,570.15524,426.635822,5.773507,145.919485,-0.114109
148.83871,-30.870968,13.740068,18.47469,543.826835,282.152955,6.863868,243.431531,1.515078
150.129032,-30.870968,20.997575,18.085604,595.172835,377.306815,7.609378,192.164998,-0.425244
151.419355,-30.870968,21.850834,19.457509,670.714688,322.006885,7.553334,175.654132,1.821455
152.709677,-30.870968,23.023502,19.107482,647.864265,552.867395,7.17629,168.688549,-0.997826
154,-30.870968,22.737012,20.250626,678.665001,328.913667,7.154158,133.20079,-1.332246
114,-29.967742,9.554974,17.205352,645.025105,492.83377,6.057687,126.297075,-1.472923
115.290323,-29.967742,11.491571,18.245338,533.962682,402.411985,6.019582,138.190746,0.35408
116.580645,-29.967742,8.035535,18.7233,399.522257,353.978099,6.37401,140.638918,-0.268362
117.870968,-29.967742,11.879608,19.478512,441.085263,334.066308,6.708423,48.715507,0.128533
119.16129,-29.967742,16.19064,22.13502,542.471804,232.84688,6.812379,73.90367,0.966755
120.451613,-29.967742,15.766122,21.38058,566.177892,395.530271,6.980227,151.280991,1.367361
121.741935,-29.967742,16.835097,22.188494,596.305449,362.698102,6.601737,214.213466,-0.479258
123.032258,-29.967742,10.074765,20.540623,589.711273,250.001837,6.660413,194.170255,1.652369
124.322581,-29.967742,12.947596,19.252724,641.573243,26.475067,6.579829,202.584251,-0.145786
125.612903,-29.967742,12.534173,20.07444,619.692662,83.235755,6.428193,143.41288,-0.333216
126.903226,-29.967742,12.181353,20.717361,627.944632,324.585686,6.30537,174.074103,-1.356257
128.193548,-29.967742,13.379129,18.820034,654.924204,241.731376,6.432966,199.166194,-1.041796
129.483871,-29.967742,11.984983,17.96095,579.593652,244.498718,6.731454,180.18978,-0.092647
130.774194,-29.967742,16.52288,19.14207,593.545636,322.215074,7.040227,163.307916,0.219465
132.064516,-29.967742,13.801277,20.494912,571.826378,342.188022,6.86619,83.842947,-0.97968
133.354839,-29.967742,12.675739,20.00815,626.524937,274.257206,6.219689,191.091157,1.105179
134.645161,-29.967742,15.239332,18.456113,532.100091,495.375517,6.536868,162.340406,1.274701
135.935484,-29.967742,13.426126,18.299051,690.387322,340.544279,6.331329,107.764351,-1.937844
137.225806,-29.967742,17.86859,19.329248,742.458588,574.655286,6.568856,96.993016,-0.713294
138.516129,-29.967742,14.903709,20.078215,585.923361,525.520318,5.902834,148.81593,0.719884
139.806452,-29.967742,14.066774,20.075858,523.098246,178.152866,5.575319,206.795971,0.966687
141.096774,-29.967742,15.988004,20.827044,515.50458,313.781091,5.863846,189.600949,0.197019
142.387097,-29.967742,17.177639,20.169838,541.21115,417.167677,5.905428,132.519041,-0.112374
143.677419,-29.967742,18.14211,18.83318,519.390032,273.785601,6.483187,125.195169,0.062011
144.967742,-29.967742,17.321822,19.387088,532.882285,296.550356,6.002981,105.124039,0.449761
146.258065,-29.967742,14.927975,18.908766,440.654442,165.010092,6.191647,118.605941,0.190974
147.548387,-29.967742,14.237695,19.84553,531.551304,218.376991,6.471869,190.189256,3.298889
148.83871,-29.967742,14.726176,17.280591,559.118573,298.20532,6.691946,208.928232,-0.752618
150.129032,-29.967742,15.711564,18.157249,512.353417,350.382373,7.29359,169.8182,-0.678391
151.419355,-29.967742,22.528241,20.178468,614.165865,346.910178,7.113864,213.734921,0.676023
152.709677,-29.967742,23.459493,20.330666,632.234632,326.944506,6.722879,267.39686,1.116824
154,-29.967742,20.990385,19.171463,632.85407,384.775402,6.162772,176.380117,0.101402
114,-29.064516,11.182525,18.59529,606.552717,534.527941,5.934122,162.889922,0.071511
115.290323,-29.064516,11.182681,17.630243,554.57323,353.181363,6.279103,176.990843,-0.139153
116.580645,-29.064516,7.798443,18.115445,488.122615,337.80094,6.476809,163.869696,1.244238
117.870968,-29.064516,9.844933,20.547438,459.652899,260.191898,6.36063,88.391118,-0.392599
119.16129,-29.064516,17.138611,20.763362,581.021404,270.886904,6.658088,118.081712,-0.306526
120.451613,-29.064516,10.585625,21.713698,580.366109,344.953816,6.06959,188.272211,1.163297
121.741935,-29.064516,14.111812,20.894776,583.868683,320.289205,6.66365,290.381956,1.188194
123.032258,-29.064516,9.850086,18.603149,648.307979,220.512861,6.357653,234.342556,-0.31866
124.322581,-29.064516,9.891326,18.104747,691.056997,116.640185,6.412271,196.169959,-0.357082
125.612903,-29.064516,8.750069,18.040406,613.857794,177.713904,6.499469,136.427959,1.528522
126.903226,-29.064516,6.51279,18.610876,573.91062,244.661548,6.149903,161.972246,1.336881
128.193548,-29.064516,9.846561,18.194267,570.242963,207.823143,6.809308,202.118129,1.164991
129.483871,-29.064516,8.871662,18.083453,516.457836,290.285838,6.856333,203.005006,-0.711826
130.774194,-29.064516,13.70436,18.620346,465.459201,350.183882,6.988488,134.043078,-1.363123
132.064516,-29.064516,17.093628,21.346438,556.110608,348.483376,6.991689,124.578169,0.954742
133.354839,-29.064516,13.073925,18.594411,576.295864,228.537829,6.812851,119.890462,0.136232
134.645161,-29.064516,18.818701,17.904849,617.692825,390.642384,6.711404,152.747953,1.267877
135.935484,-29.064516,14.465466,18.478552,660.987398,422.374337,7.1705,133.045117,-1.293589
137.225806,-29.064516,14.687885,20.455696,694.225794,417.735021,6.444633,169.028737,1.850807
138.516129,-29.064516,15.231527,19.96295,585.311033,447.335661,6.570261,176.254743,-0.326548
139.806452,-29.064516,14.19255,21.064859,489.566416,422.700863,5.686383,223.441016,-0.145365
141.096774,-29.064516,14.237999,18.738094,545.179782,373.477342,5.766653,208.409009,0.260381
142.387097,-29.064516,19.554355,20.523901,573.650996,428.300921,5.905607,130.355968,-0.654076
143.677419,-29.064516,18.172397,18.62781,450.388539,447.589733,5.9643,77.438789,0.190483
144.967742,-29.064516,18.504217,18.576067,530.578964,472.139047,6.15637,106.197471,-0.641502
146.258065,-29.064516,12.930359,17.777826,407.297103,240.464386,6.474961,205.718574,0.222581
147.548387,-29.064516,11.696535,18.677068,485.461033,205.578706,6.309216,223.184356,-0.884001
148.83871,-29.064516,15.058811,19.887788,506.596528,244.666563,6.727526,222.928615,-0.794044
150.129032,-29.064516,19.80707,21.512516,523.211208,411.123795,7.093284,220.056714,0.804951
151.419355,-29.064516,25.385023,19.454902,631.194619,405.454739,6.920344,263.906704,2.197201
152.709677,-29.064516,18.844606,20.158312,561.828272,437.111275,6.366636,300.749427,-0.281725
154,-29.064516,15.285993,20.860224,584.95445,399.394535,5.938668,253.514958,-0.698607
114,-28.16129,9.53759,18.175299,742.69144,380.144804,5.922111,211.475213,0.95561
115.290323,-28.16129,4.883137,17.823885,541.281904,206.764093,6.38373,220.823911,-0.267155
116.580645,-28.16129,4.747519,18.129724,486.793502,110.125515,6.953844,221.124956,0.685413
117.870968,-28.16129,7.091352,20.074073,506.138056,419.360046,6.422057,193.116718,-1.628478
119.16129,-28.16129,12.688327,21.710689,571.140628,328.16227,6.854201,117.834299,0.511908
120.451613,-28.16129,14.774704,21.632673,561.204548,373.861925,6.156237,160.594044,2.117014
121.741935,-28.16129,9.668819,20.535442,579.334451,381.816584,6.216961,219.045323,0.235392
123.032258,-28.16129,12.559022,18.570739,683.978475,411.928099,6.318971,216.032531,1.265055
124.322581,-28.16129,11.322927,18.468449,658.608398,317.873608,6.263306,249.810476,0.103592
125.612903,-28.16129,5.292197,17.513078,629.154544,258.037613,6.430276,194.644585,0.979497
126.903226,-28.16129,-1.733998,17.648613,600.596106,328.876157,6.659281,212.337436,-0.374559
128.193548,-28.16129,13.770278,19.009737,580.473873,311.903264,7.03331,191.709388,-0.417616
129.483871,-28.16129,7.556232,18.959987,553.257552,246.400623,7.131335,188.364627,0.420914
130.774194,-28.16129,15.371776,19.300654,518.702389,400.727678,6.539774,146.9433,0.488424
132.064516,-28.16129,14.331984,19.488231,510.54125,354.632357,6.596703,127.686878,1.256126
133.354839,-28.16129,13.184389,19.665632,562.214484,300.399946,6.624398,187.969228,0.947741
134.645161,-28.16129,12.956084,19.912457,556.440345,252.565041,6.944052,174.787076,-0.739111
135.935484,-28.16129,17.44581,18.422484,622.856212,454.965895,6.452589,174.521235,-0.298754
137.225806,-28.16129,12.951055,19.513957,615.388044,365.381537,6.295457,176.794609,-0.201945
138.516129,-28.16129,14.402226,19.829768,569.634495,376.154672,6.522738,168.31961,0.647677
139.806452,-28.16129,11.799662,19.282408,474.494363,380.163168,6.392444,187.770528,-1.417246
141.096774,-28.16129,16.62858,18.051249,505.586176,368.399911,6.170217,142.349726,0.992534
142.387097,-28.16129,15.981349,18.895035,470.502224,443.069415,6.578008,126.439393,0.038573
143.677419,-28.16129,13.494048,19.237431,453.329036,508.176205,5.589209,84.98677,0.127351
144.967742,-28.16129,21.206277,19.974191,503.934997,468.122282,6.149458,163.886465,0.751536
146.258065,-28.16129,14.734454,16.869426,480.669728,181.144073,6.355462,246.346868,-0.062812
147.548387,-28.16129,9.905708,17.60378,535.289166,-6.003702,6.150152,196.3337,-0.702631
148.83871,-28.16129,12.575149,19.052952,554.15103,174.4969,6.377708,172.014293,-0.719561
150.129032,-28.16129,17.856611,18.488967,563.278639,303.178329,6.773399,196.082406,-0.552788
151.419355,-28.16129,17.596063,18.464852,640.11188,349.054533,7.026607,238.873934,0.282621
152.709677,-28.16129,17.128417,18.654698,656.77656,243.431169,6.569134,265.217249,-1.422727
154,-28.16129,14.934302,18.915058,537.62792,258.843066,6.433113,268.961082,-1.263348
114,-27.258065,6.099041,15.734181,728.333631,126.751233,5.925039,168.753177,0.877885
115.290323,-27.258065,7.291167,17.43568,647.855833,441.777344,6.228075,210.787744,-0.757797
116.580645,-27.258065,7.625649,17.627352,606.40411,338.722579,6.588197,190.658064,-0.430018
117.870968,-27.258065,6.099337,20.761671,519.3298,352.617958,6.611964,161.929494,2.222146
119.16129,-27.258065,11.926842,21.716002,680.879317,166.421223,6.743565,164.5935,-0.405879
120.451613,-27.258065,9.451375,19.522717,486.907634,276.817015,6.359172,172.805907,-0.382477
121.741935,-27.258065,10.370963,19.524201,567.328174,424.252906,6.508667,218.537845,0.530691
123.032258,-27.258065,11.586623,18.091673,637.860245,462.099178,6.472411,191.660656,0.837823
124.322581,-27.258065,6.60034,18.86825,634.532254,404.911627,6.016015,216.743568,0.795732
125.612903,-27.258065,4.839687,18.076555,659.714224,462.842187,6.471282,200.654329,2.693945
126.903226,-27.258065,4.886276,17.466574,623.379492,188.627152,6.176533,232.547492,2.060349
128.193548,-27.258065,9.47181,18.821817,551.636517,166.319686,6.510481,200.684288,1.240932
129.483871,-27.258065,14.75484,19.088013,621.973812,258.403125,6.821776,155.503126,-1.279025
130.774194,-27.258065,13.902062,18.946095,547.111185,342.566113,6.236954,173.666482,-0.284928
132.064516,-27.258065,13.015902,21.140305,567.68477,283.509814,6.397773,177.065634,-2.07339
133.354839,-27.258065,10.345799,19.521258,529.262426,405.514945,6.528262,209.341269,-1.396722
134.645161,-27.258065,11.38482,18.894824,501.406449,135.812227,6.601432,196.398088,0.241486
135.935484,-27.258065,9.597914,17.184539,533.042022,210.25487,6.216659,156.251331,0.464947
137.225806,-27.258065,11.956416,18.382029,509.914894,462.511178,6.492226,118.57638,-1.057012
138.516129,-27.258065,15.713007,19.752542,550.106679,464.762577,6.709121,184.52171,-0.404804
139.806452,-27.258065,5.22337,16.882682,427.136092,238.051144,6.419193,200.318033,1.551996
141.096774,-27.258065,13.65092,17.368533,415.421761,405.817963,6.510858,158.605256,0.019688
142.387097,-27.258065,15.843418,17.024029,452.776943,443.215352,6.169674,57.304604,1.204217
143.677419,-27.258065,18.00466,19.771362,381.938846,303.1892,6.03339,98.006058,0.501131
144.967742,-27.258065,22.708473,20.447043,438.709452,369.63976,6.38498,183.306815,-0.312518
146.258065,-27.258065,17.285697,18.626071,476.574741,319.93691,6.431836,193.397093,-0.778893
147.548387,-27.258065,15.731664,19.415093,597.870672,77.783602,6.372296,197.511864,0.48246
148.83871,-27.258065,16.618696,17.93185,572.70458,230.073522,6.824732,146.941118,-0.635842
150.129032,-27.258065,19.784873,18.982849,562.717722,162.331746,6.554936,196.089102,-0.082236
151.419355,-27.258065,17.466674,17.835091,578.429814,312.805269,6.946732,175.756367,0.314367
152.709677,-27.258065,16.19672,18.461149,627.874794,177.493692,6.749813,203.184393,-0.068791
154,-27.258065,11.468595,18.239254,562.616321,203.400353,6.330962,265.186852,-0.958444
114,-26.354839,2.859645,16.231718,665.448398,140.735375,6.139988,162.158925,-1.085045
115.290323,-26.354839,4.607697,17.600434,636.256452,374.473777,6.182669,227.341974,0.313344
116.580645,-26.354839,4.140801,16.920976,666.061368,338.402746,6.638781,206.474432,0.63871
117.870968,-26.354839,8.659327,18.891624,690.898569,355.204046,6.74715,217.279833,0.3103
119.16129,-26.354839,11.056067,19.995054,614.552492,326.270278,6.124154,184.245037,0.511061
120.451613,-26.354839,4.506169,18.869013,563.266671,310.445884,6.817289,205.814655,-1.106667
121.741935,-26.354839,3.895301,18.732064,559.040646,361.849988,5.982125,220.34774,-0.275743
123.032258,-26.354839,8.408836,17.982519,701.819517,434.992454,6.448064,189.618241,0.751497
124.322581,-26.354839,6.506884,19.812713,692.66837,457.508793,6.075346,248.482039,1.410478
125.612903,-26.354839,2.860637,19.285358,568.978461,383.517233,6.577165,247.860969,-0.92359
126.903226,-26.354839,8.027501,21.270773,569.162977,308.957092,6.507704,197.225811,-1.659476
128.193548,-26.354839,10.051738,18.806089,456.092756,319.12782,6.89579,226.550254,0.114304
129.483871,-26.354839,11.734489,19.698792,541.111492,356.952921,6.620521,169.050042,0.362509
130.774194,-26.354839,14.951965,21.510232,590.028734,453.247725,5.707845,89.092137,0.899696
132.064516,-26.354839,11.956751,20.86201,520.049828,167.891184,6.102418,145.873418,1.455251
133.354839,-26.354839,8.669596,18.530447,452.805241,302.563551,6.401976,150.38183,-0.05569
134.645161,-26.354839,9.094899,17.183581,546.763387,251.316032,6.795413,154.928922,-1.342803
135.935484,-26.354839,6.25234,17.254914,475.052963,193.275611,6.154991,128.216069,-1.595717
137.225806,-26.354839,14.123925,19.155996,540.425586,269.789089,6.332253,55.059492,-1.657736
138.516129,-26.354839,13.512892,19.396616,525.780285,395.833793,6.397965,118.077493,-0.032958
139.806452,-26.354839,7.539914,15.648897,509.312979,288.248897,6.886515,187.469697,0.40165
141.096774,-26.354839,15.189409,15.894998,507.453441,315.854215,6.113587,94.937009,-0.64386
142.387097,-26.354839,13.961897,17.128314,523.688575,400.047226,6.50565,132.762346,1.323108
143.677419,-26.354839,14.908279,17.25572,522.535982,443.206824,6.672265,178.611462,0.566696
144.967742,-26.354839,25.017699,19.523118,505.815076,555.140707,6.492916,150.90581,-0.236093
146.258065,-26.354839,22.890368,16.594786,533.617005,428.547796,6.74003,247.789249,0.687037
147.548387,-26.354839,19.873434,18.095911,527.887549,446.985736,6.754749,165.6344,0.451887
148.83871,-26.354839,16.002016,17.692312,500.306812,415.837694,6.520105,163.928776,-0.349087
150.129032,-26.354839,18.743493,17.584062,513.186949,316.40123,6.403679,160.15744,0.470031
151.419355,-26.354839,13.509713,17.474607,552.271186,307.365567,6.065429,211.08699,1.297585
152.709677,-26.354839,16.307497,18.173176,532.449203,432.42348,6.884852,166.111223,0.814535
154,-26.354839,14.726956,18.519448,597.055782,196.963273,6.929342,193.779124,0.610509
114,-25.451613,7.995987,16.52771,607.019607,245.936303,6.67366,120.414601,-0.506799
115.290323,-25.451613,1.191832,15.153266,650.113928,329.317629,6.466698,208.270714,0.170625
116.580645,-25.451613,0.687838,15.200362,710.419555,111.040125,6.397404,226.600499,-1.052991
117.870968,-25.451613,2.983833,15.936266,624.984798,236.307135,6.029388,208.296522,0.35151
119.16129,-25.451613,10.603371,18.674934,665.094598,332.31004,6.072308,171.9049,-0.417015
120.451613,-25.451613,4.037348,18.22932,501.588105,53.279373,6.110029,161.344745,-0.829843
121.741935,-25.451613,7.881836,18.469861,580.279818,302.684245,5.786622,193.892959,-0.90896
123.032258,-25.451613,8.641284,16.884216,723.956019,341.108788,6.255328,154.859558,0.059192
124.322581,-25.451613,3.008849,18.039292,701.970092,420.265668,6.168129,271.526323,-0.226758
125.612903,-25.451613,8.548967,19.718474,653.970658,437.091325,6.561154,205.086432,-0.867679
126.903226,-25.451613,10.246191,19.881493,542.05473,488.562389,6.381576,194.86825,0.073855
128.193548,-25.451613,11.205647,19.260276,521.045623,214.859214,7.188707,172.882179,1.729616
129.483871,-25.451613,11.050258,19.526288,593.426151,321.120673,7.375417,143.702031,1.747229
130.774194,-25.451613,14.879302,21.423529,508.202874,281.666515,6.841635,114.668489,-0.735564
132.064516,-25.451613,16.141308,19.571209,558.070369,253.888498,6.386919,145.267372,-0.662839
133.354839,-25.451613,11.18053,19.022959,440.033023,257.461443,6.650698,116.70462,0.065953
134.645161,-25.451613,11.588235,18.598199,469.747318,146.317208,6.202135,96.58017,-0.338563
135.935484,-25.451613,5.765029,16.776104,628.876479,39.316859,5.876301,126.628506,1.789151
137.225806,-25.451613,13.806794,18.111492,600.718713,421.751625,6.078751,160.606049,0.494656
138.516129,-25.451613,11.886792,17.961601,557.689431,235.976086,6.865072,163.499256,0.56854
139.806452,-25.451613,10.470482,17.557143,593.85568,308.583173,6.647556,173.817924,0.570326
141.096774,-25.451613,12.973302,17.502261,549.51903,214.276181,6.708674,145.771846,-0.291954
142.387097,-25.451613,16.449834,17.187924,583.687294,478.470616,6.597231,153.050365,0.833319
143.677419,-25.451613,14.669309,17.535254,543.986279,275.893658,6.546774,108.488308,-1.370419
144.967742,-25.451613,16.128401,17.189648,418.471925,325.179665,6.648116,173.16478,-0.005171
146.258065,-25.451613,18.504914,16.79829,518.389808,275.131555,6.650327,180.994835,1.328629
147.548387,-25.451613,14.400483,16.23109,494.140326,378.88778,7.069607,180.092853,-1.797918
148.83871,-25.451613,16.867722,16.066213,470.954709,332.965367,6.275469,214.12163,-1.037973
150.129032,-25.451613,17.714499,15.686651,503.08114,557.006431,6.334732,180.496811,-1.117582
151.419355,-25.451613,17.379653,17.701187,598.943866,397.141221,6.327496,203.189864,0.731703
152.709677,-25.451613,15.201323,19.014774,586.39607,491.055214,6.603872,156.86372,-0.022046
154,-25.451613,15.512215,18.099972,636.075424,402.071189,6.558556,217.344639,-0.254491
114,-24.548387,6.07809,15.010256,654.205432,342.92052,6.813437,194.727008,0.734829
115.290323,-24.548387,3.471014,15.018576,661.936969,339.083957,6.143265,224.501759,-1.81572
116.580645,-24.548387,0.985635,17.453984,705.280333,259.022013,6.450894,241.86932,0.926621
117.870968,-24.548387,6.656166,18.827606,649.900656,183.732278,5.570608,216.607825,-0.487674
119.16129,-24.548387,8.377929,16.588558,561.035358,206.30069,6.370229,193.80722,0.375614
120.451613,-24.548387,8.276567,17.093383,568.546685,231.936611,6.379404,189.435977,1.004963
121.741935,-24.548387,4.028246,18.966464,486.543802,36.469027,6.161538,175.647295,-0.652729
123.032258,-24.548387,3.949232,17.719604,575.726928,77.504505,5.541862,162.223023,1.714171
124.322581,-24.548387,10.031139,19.548357,637.557081,256.860687,6.073023,195.73617,-0.167384
125.612903,-24.548387,5.314854,19.023877,613.927445,182.576726,6.182635,209.949754,0.811425
126.903226,-24.548387,10.12128,19.752788,547.028403,332.227403,6.842999,172.432121,-1.623904
128.193548,-24.548387,11.719467,19.467831,596.398066,329.874035,6.55827,97.585574,-0.871904
129.483871,-24.548387,10.748168,22.638174,524.922859,385.756806,6.48872,143.603906,-0.089438
130.774194,-24.548387,8.840919,21.859241,392.553092,415.051346,6.60043,138.607135,0.946614
132.064516,-24.548387,12.51351,18.737202,515.768445,359.867761,6.503749,112.933776,0.107596
133.354839,-24.548387,11.667195,17.904516,494.103835,326.349383,6.298623,106.128028,-1.41177
134.645161,-24.548387,6.883882,18.22203,513.692843,242.982045,6.15955,123.012238,0.565559
135.935484,-24.548387,3.890081,15.580838,569.59766,208.117272,6.013447,189.97018,0.238363
137.225806,-24.548387,4.682964,15.146527,509.134196,220.796811,6.088523,212.347364,1.032482
138.516129,-24.548387,9.032105,15.682397,506.654796,474.852167,6.344582,166.733323,-0.119669
139.806452,-24.548387,11.942542,16.516147,586.957786,262.047623,6.525089,246.206409,2.199369
141.096774,-24.548387,19.027675,18.294919,579.463578,442.486095,6.894959,227.187318,-1.110368
142.387097,-24.548387,15.71507,17.27896,501.728385,478.913244,7.227041,188.923216,0.609595
143.677419,-24.548387,17.123093,17.324967,541.022412,537.996816,7.079581,165.040209,1.614976
144.967742,-24.548387,18.836632,16.8811,529.622312,429.18965,6.792446,152.447725,-0.458236
146.258065,-24.548387,15.351453,15.845162,510.121792,292.552858,6.386909,187.430024,0.645138
147.548387,-24.548387,16.411571,17.276706,504.045426,299.092444,6.890924,208.96764,0.354674
148.83871,-24.548387,16.145645,15.307422,573.063764,222.30274,6.949702,199.363227,-0.39083
150.129032,-24.548387,17.164834,15.737868,577.89225,485.933869,6.487061,204.818081,1.662963
151.419355,-24.548387,17.492957,16.767984,660.665541,433.123149,6.389594,163.494936,-0.274455
152.709677,-24.548387,18.135604,18.401888,631.391261,414.786092,6.853742,207.249288,-0.804024
154,-24.548387,19.042592,19.700097,712.417999,387.323593,6.696276,200.564697,-1.909649
114,-23.645161,9.843704,16.130614,644.339864,260.869317,7.297811,128.644203,0.91503
115.290323,-23.645161,11.062119,17.449743,704.47337,258.306743,6.582283,175.328158,-1.24185
116.580645,-23.645161,6.314781,18.435316,664.371614,334.340892,5.874768,215.224524,0.578103
117.870968,-23.645161,5.264755,17.571326,574.977214,379.410374,6.252628,226.066089,0.42873
119.16129,-23.645161,7.951324,17.122394,610.640843,276.784368,6.440138,162.534098,-2.444558
120.451613,-23.645161,7.457892,18.624116,682.319121,249.560946,6.319524,174.273467,0.128609
121.741935,-23.645161,0.801098,16.915453,558.926602,177.740795,5.809332,165.977596,0.082595
123.032258,-23.645161,8.834523,18.065115,644.265127,179.255365,6.096356,149.49315,0.776913
124.322581,-23.645161,6.932785,18.509333,614.257195,196.212515,6.317929,140.179278,-0.908157
125.612903,-23.645161,9.529962,19.636939,645.780471,282.728048,6.454101,122.723431,1.263382
126.903226,-23.645161,9.928003,20.156989,540.89661,371.734582,7.043934,142.190718,1.043032
128.193548,-23.645161,10.379604,20.315513,568.493838,369.553462,6.365302,85.287959,2.35261
129.483871,-23.645161,17.124123,22.475556,479.377354,423.362967,6.471515,92.421164,1.46373
130.774194,-23.645161,7.740086,19.4326,382.99337,336.350475,6.422224,144.412192,-0.839204
132.064516,-23.645161,12.415668,19.30887,497.178536,359.710554,6.574941,110.852785,0.073117
133.354839,-23.645161,12.333593,16.417825,594.607091,383.316272,6.504952,128.752037,-0.546216
134.645161,-23.645161,6.817623,17.284611,517.194745,288.5323,6.257083,179.190933,-1.465056
135.935484,-23.645161,2.237067,16.085527,491.443745,249.931281,5.750138,200.632268,-1.855789
137.225806,-23.645161,4.640109,16.387981,450.807995,238.404407,6.094092,207.789927,-0.015255
138.516129,-23.645161,6.741469,16.108476,477.886262,398.416729,6.748417,182.007964,-1.180968
139.806452,-23.645161,11.367658,15.064515,576.439762,376.289836,6.113205,191.804101,0.332512
141.096774,-23.645161,15.965565,14.821681,603.381997,656.668792,6.507957,181.011493,0.808659
142.387097,-23.645161,18.93808,16.882018,574.740325,494.473927,7.045205,193.990368,1.236644
143.677419,-23.645161,17.311106,16.819972,595.652741,471.276065,6.647412,115.023434,-0.255518
144.967742,-23.645161,14.946904,16.015488,540.000431,301.230065,6.35288,159.996252,1.1071
146.258065,-23.645161,15.261508,15.802691,526.979438,380.034142,6.179455,141.115427,1.134188
147.548387,-23.645161,16.283787,15.625027,577.749377,279.162372,6.37096,184.846508,0.37583
148.83871,-23.645161,15.093496,15.502916,579.185034,302.027215,6.75411,231.375368,-0.543325
150.129032,-23.645161,15.919219,14.9781,561.063157,465.438789,7.170415,219.287731,0.952851
151.419355,-23.645161,14.106073,14.468622,557.382211,559.106839,6.900597,181.183939,-1.864465
152.709677,-23.645161,16.082456,16.841318,765.134735,398.444406,6.560783,201.03479,1.338786
154,-23.645161,17.131589,19.276663,634.104416,326.220281,6.457703,140.526263,1.245735
114,-22.741935,12.550506,18.707943,648.689869,297.319497,6.582797,120.054335,-0.11468
115.290323,-22.741935,13.091386,18.060141,765.023666,407.127714,6.278589,147.803068,0.253566
116.580645,-22.741935,9.845084,17.938659,723.834954,368.627863,5.960953,96.888346,-1.747837
117.870968,-22.741935,10.299362,18.499507,629.995097,369.885446,6.629303,216.104236,-0.683599
119.16129,-22.741935,11.059461,17.7828,660.014902,387.824196,6.684262,189.746481,-0.456442
120.451613,-22.741935,8.606864,17.352271,750.639904,365.543084,5.90191,203.765691,1.866261
121.741935,-22.741935,8.259679,15.493125,668.106169,370.693968,6.245978,170.15467,-1.499627
123.032258,-22.741935,2.058716,15.764677,616.972996,81.629513,6.638271,164.402079,-0.973191
124.322581,-22.741935,1.200937,17.941985,694.193692,89.2563,6.453905,200.460754,0.264459
125.612903,-22.741935,9.232722,17.367309,735.10495,134.311633,6.960935,148.51014,0.250768
126.903226,-22.741935,13.167604,19.88729,566.462734,327.861319,6.928019,139.671059,-0.216507
128.193548,-22.741935,10.021567,18.664151,580.975457,222.562948,6.776477,128.587073,0.045823
129.483871,-22.741935,13.24417,19.565989,515.476622,302.772079,6.450123,129.227635,0.777143
130.774194,-22.741935,12.942229,18.885587,505.040662,364.320782,6.876486,156.328291,-0.31667
132.064516,-22.741935,15.3263,18.058469,551.968051,534.405369,6.660558,132.505616,1.081462
133.354839,-22.741935,9.833765,17.086264,569.414865,373.579021,6.433051,135.924165,0.779681
134.645161,-22.741935,9.628881,17.322817,559.332491,312.898208,6.412447,133.101665,1.744024
135.935484,-22.741935,4.876997,16.447729,448.377597,305.339855,6.115944,165.391262,-0.265196
137.225806,-22.741935,4.034328,16.015446,391.278361,240.46675,6.175917,169.835233,-1.043207
138.516129,-22.741935,3.154173,15.971578,508.926118,26.87096,6.641102,155.561918,0.229612
139.806452,-22.741935,8.810288,14.89659,565.825658,452.120761,6.359543,184.700308,0.921545
141.096774,-22.741935,16.143311,16.652228,584.987441,463.9297,6.367695,185.77141,1.386501
142.387097,-22.741935,10.224901,14.411299,503.735124,373.746112,6.482643,135.558805,1.949829
143.677419,-22.741935,15.941055,16.707604,526.875672,401.772076,6.092201,117.545798,-1.951174
144.967742,-22.741935,13.774987,15.885106,553.530562,279.032281,6.683196,146.54847,-0.392497
146.258065,-22.741935,13.576139,16.120199,530.396219,403.33345,6.212615,163.998609,1.314802
147.548387,-22.741935,14.094659,16.683834,570.736361,287.347352,6.279577,185.301499,-0.976139
148.83871,-22.741935,15.476153,16.620221,598.703441,404.71288,6.662176,186.717092,-0.359283
150.129032,-22.741935,9.755095,14.887679,576.142894,399.313715,6.69832,249.969428,-1.221311
151.419355,-22.741935,11.654216,16.682346,624.989765,338.711645,6.158287,218.380954,-0.815893
152.709677,-22.741935,14.052575,15.4173,667.260561,420.885247,6.517844,168.231131,-0.719336
154,-22.741935,15.808012,18.321162,630.964579,579.395068,6.62422,192.677394,-0.833089
114,-21.83871,9.10324,17.472422,653.445004,218.392079,6.401428,112.320169,0.558871
115.290323,-21.83871,8.691169,15.822675,743.054447,285.9428,6.141039,178.425504,-2.117684
116.580645,-21.83871,6.48977,15.203699,758.986254,225.472749,5.985189,149.066053,-0.009158
117.870968,-21.83871,10.071718,17.132352,811.12486,471.613343,6.967034,144.95502,1.453447
119.16129,-21.83871,10.92272,19.352393,685.446352,407.923632,6.574701,190.381176,-1.360349
120.451613,-21.83871,4.739435,17.657924,675.788219,142.581186,6.287027,229.148639,0.467798
121.741935,-21.83871,7.525963,17.295931,704.445743,39.507073,6.411231,165.433884,-1.165411
123.032258,-21.83871,9.472163,17.293179,752.821228,212.449493,6.511067,136.98697,-0.291631
124.322581,-21.83871,10.193593,16.647113,782.674465,199.53244,7.301021,175.517954,0.162603
125.612903,-21.83871,9.096575,18.197056,697.07618,17.939058,7.014184,100.595293,0.973933
126.903226,-21.83871,9.760177,18.812113,589.033882,94.470842,6.573816,115.238249,0.235963
128.193548,-21.83871,16.917756,18.573349,661.315191,253.856825,6.733031,111.42443,-0.710992
129.483871,-21.83871,14.969658,19.373276,663.269057,298.484873,6.948575,153.397282,0.753501
130.774194,-21.83871,17.76009,19.129114,599.179955,176.20411,6.517334,93.385553,-1.603859
132.064516,-21.83871,20.680796,17.27033,669.130934,428.883158,7.051227,73.236479,0.736754
133.354839,-21.83871,14.185959,17.362555,606.772783,330.989392,6.72256,105.109585,-0.979293
134.645161,-21.83871,9.393246,16.087857,515.559238,429.891257,6.438366,98.787552,-1.156728
135.935484,-21.83871,7.083773,16.787394,471.003121,368.307711,6.570345,148.446232,0.107948
137.225806,-21.83871,4.558393,15.769971,459.24783,374.396846,6.027425,146.530809,-2.040762
138.516129,-21.83871,6.112915,16.151619,427.244924,53.600519,6.800086,135.139165,-0.697073
139.806452,-21.83871,7.688499,16.059781,510.635481,357.112294,6.362483,205.936853,-0.8212
141.096774,-21.83871,13.098072,15.696691,519.164252,483.397138,6.106717,111.12523,-1.124157
142.387097,-21.83871,13.332033,15.837766,540.286192,433.867303,6.11872,199.7061,0.187475
143.677419,-21.83871,12.002124,16.654012,508.763858,256.560565,6.238055,161.490176,0.107598
144.967742,-21.83871,15.679871,16.049284,562.441178,288.731888,6.144425,132.583343,0.533813
146.258065,-21.83871,16.795962,17.358675,585.794003,145.688566,5.542377,122.041888,1.722401
147.548387,-21.83871,15.071483,18.254358,571.486617,216.701631,6.149411,127.677896,-0.158093
148.83871,-21.83871,11.593386,16.291347,588.379487,250.483354,6.684331,196.289543,1.988413
150.129032,-21.83871,16.783645,15.083308,718.041219,358.04069,6.488655,248.232584,-1.821738
151.419355,-21.83871,17.699637,16.390012,744.791893,554.1211,6.461456,193.853054,-1.710387
152.709677,-21.83871,18.014227,15.41253,763.201786,484.438041,6.705672,215.126065,-0.998843
154,-21.83871,19.263016,16.42826,681.202476,427.225351,6.344903,201.061646,-0.26611
114,-20.935484,8.85368,17.406476,617.739688,349.677839,6.914502,112.750964,-0.089957
115.290323,-20.935484,7.787268,15.511338,727.270368,368.236779,6.201709,191.842826,1.639688
116.580645,-20.935484,4.704764,13.63141,757.693768,338.800257,6.309285,191.721038,-0.454475
117.870968,-20.935484,13.363463,16.682547,946.779894,310.28397,7.149019,129.077845,1.040384
119.16129,-20.935484,5.447423,16.2154,684.573682,369.63833,6.819231,196.382359,0.170213
120.451613,-20.935484,6.132513,15.640011,672.135244,288.779173,6.528507,241.552197,0.87173
121.741935,-20.935484,8.773046,13.570097,781.139958,209.935901,6.192752,178.551438,1.130907
123.032258,-20.935484,12.439271,16.567856,661.002584,406.005312,6.230712,133.828742,-1.833663
124.322581,-20.935484,9.360597,17.009444,701.550514,481.041008,6.645762,166.057983,0.632669
125.612903,-20.935484,5.696168,17.97911,696.54778,130.291472,6.648626,178.474272,-0.454934
126.903226,-20.935484,11.426997,18.926071,637.838961,200.802972,7.086768,122.380653,-0.464623
128.193548,-20.935484,11.593759,18.381498,610.738748,131.372201,6.672274,137.530652,-1.07246
129.483871,-20.935484,11.421033,17.324523,640.710512,182.098889,6.413312,191.944335,-0.355605
130.774194,-20.935484,12.700288,18.257006,707.647574,195.482981,6.784093,119.668023,-1.3386
132.064516,-20.935484,15.594938,18.603541,602.167376,296.266882,6.873958,84.923102,-0.825345
133.354839,-20.935484,17.833471,15.779455,661.856178,501.968391,6.757524,76.754226,0.006808
134.645161,-20.935484,15.374004,15.356166,611.679372,333.848887,7.00768,67.893081,-0.252293
135.935484,-20.935484,9.486824,15.643001,464.211897,395.463978,6.933901,73.115888,0.745835
137.225806,-20.935484,7.369839,14.511795,389.128473,401.376814,6.862887,138.080491,-2.255382
138.516129,-20.935484,11.867651,16.175607,438.988359,283.741168,6.609614,137.009268,0.831942
139.806452,-20.935484,9.127593,15.452288,502.115872,381.546283,6.379376,113.618454,0.460063
141.096774,-20.935484,13.60068,16.912436,581.868884,341.284794,6.202567,148.036472,-1.303425
142.387097,-20.935484,13.400225,16.429758,554.793666,305.781773,5.946333,148.683951,-0.490489
143.677419,-20.935484,15.622715,17.168864,567.804607,211.356465,5.781948,97.921608,-0.333634
144.967742,-20.935484,20.349801,18.289703,642.549702,26.705932,6.073119,96.199119,-0.041282
146.258065,-20.935484,19.688465,17.946359,675.86896,209.344821,5.889965,80.368157,-1.088433
147.548387,-20.935484,18.202774,18.64554,672.008621,190.655242,6.16954,121.275851,-1.209742
148.83871,-20.935484,15.63908,17.0998,675.623995,242.801874,6.801993,196.812181,1.784662
150.129032,-20.935484,13.130652,14.504001,737.17503,403.250496,6.405568,244.579536,-0.937493
151.419355,-20.935484,17.683321,15.448673,813.345316,450.338708,7.046462,228.403894,-0.846108
152.709677,-20.935484,21.895913,16.305849,821.727702,417.481358,6.601239,185.766167,0.040216
154,-20.935484,18.86257,16.77349,724.888991,332.405964,6.697893,204.704293,1.009986
114,-20.032258,11.412324,16.226787,660.901305,500.294784,6.336738,100.419097,-0.963649
115.290323,-20.032258,12.695645,14.118495,795.042472,404.155404,6.440801,179.853204,0.27589
116.580645,-20.032258,10.697039,14.898328,873.846288,358.168606,6.304349,173.232566,1.18779
117.870968,-20.032258,11.014337,14.610269,804.263023,420.524359,6.518585,147.710144,0.153228
119.16129,-20.032258,6.413254,13.937881,804.134706,393.132763,6.288612,200.055922,-0.205099
120.451613,-20.032258,5.862523,15.00058,723.901471,239.830183,6.38056,219.465027,0.340275
121.741935,-20.032258,6.763431,13.355112,644.39562,242.254383,6.512891,122.680753,0.108331
123.032258,-20.032258,11.53853,15.500315,721.494569,277.525001,6.347193,72.448765,-1.014048
124.322581,-20.032258,4.442646,16.532481,696.227785,186.981928,6.426556,199.743125,0.309949
125.612903,-20.032258,5.714989,15.977678,726.966208,192.014562,6.489668,184.54889,-0.874898
126.903226,-20.032258,12.745703,18.471179,764.693389,263.124013,6.924751,197.928593,1.931399
128.193548,-20.032258,12.298247,17.206146,730.577958,164.067099,7.000875,215.96304,-0.891424
129.483871,-20.032258,13.161864,18.218386,667.229758,243.358602,6.029781,183.182553,1.611511
130.774194,-20.032258,13.91556,17.278692,666.396885,322.026808,6.355013,98.773074,0.43278
132.064516,-20.032258,13.302452,16.599952,589.127237,318.786461,6.907858,45.37656,0.59104
133.354839,-20.032258,17.927585,15.767032,574.974025,335.292987,7.282559,-10.390154,0.012509
134.645161,-20.032258,12.83685,14.949854,595.554486,274.608783,7.20976,96.421722,-1.395127
135.935484,-20.032258,6.910463,14.711479,492.077114,310.424234,6.949288,93.533872,-0.036724
137.225806,-20.032258,6.711813,14.016098,482.745286,493.32997,6.991987,147.120225,-0.225819
138.516129,-20.032258,14.469821,13.993579,525.246422,377.342583,6.741278,129.809161,2.372805
139.806452,-20.032258,9.840216,15.864796,558.957894,304.900263,6.620363,164.844212,0.388246
141.096774,-20.032258,10.635291,15.590388,561.247342,264.808307,6.455205,158.27311,-0.113787
142.387097,-20.032258,11.618798,14.958299,501.248257,272.352013,6.58774,148.445313,0.079024
143.677419,-20.032258,14.798183,16.000891,578.907158,228.859992,6.282689,106.32069,2.076536
144.967742,-20.032258,18.639246,16.463315,585.168925,294.808167,6.067141,95.607643,-1.610378
146.258065,-20.032258,18.605756,15.132526,687.374291,204.588723,6.421418,130.347986,-0.081609
147.548387,-20.032258,20.547931,16.418983,731.285677,326.383115,6.184094,55.278631,0.151302
148.83871,-20.032258,18.704212,16.383163,734.427997,242.745281,6.435069,124.122342,0.286265
150.129032,-20.032258,15.067182,15.641081,699.168204,357.497451,5.869872,155.410628,1.380495
151.419355,-20.032258,15.796358,15.96128,726.923855,347.533454,6.572751,175.399036,-0.719605
152.709677,-20.032258,19.301021,15.198343,733.744558,449.206864,6.80417,147.084814,-2.038839
154,-20.032258,19.040376,15.732575,718.539891,489.421485,6.173184,195.173675,-0.527351
114,-19.129032,12.996527,14.381059,822.738578,563.665647,7.192183,171.88321,-0.79247
115.290323,-19.129032,10.762572,13.655822,767.728203,494.262462,6.388867,202.164525,-1.910873
116.580645,-19.129032,8.809465,13.019562,700.043964,345.517842,5.999231,215.259361,0.195251
117.870968,-19.129032,10.618402,12.700284,744.237078,353.464123,6.176925,209.019411,0.133217
119.16129,-19.129032,11.338515,14.177609,706.839511,369.30517,6.366664,225.127604,-0.946697
120.451613,-19.129032,3.019704,14.036229,582.894492,91.133729,6.27275,162.624595,2.146714
121.741935,-19.129032,7.8035,13.83381,582.232423,344.253565,6.556431,72.85562,1.464049
123.032258,-19.129032,7.33859,16.597315,637.588681,179.450057,6.201237,168.842667,-0.624637
124.322581,-19.129032,-1.633809,16.216999,623.611159,162.585506,6.577693,164.536427,1.336547
125.612903,-19.129032,7.445579,15.709501,728.940446,343.772187,6.617254,239.254205,-1.17393
126.903226,-19.129032,13.832743,17.515156,788.512625,325.009439,7.285227,163.48195,0.146821
128.193548,-19.129032,19.794706,16.681266,720.98717,306.803701,6.975552,180.412319,2.277161
129.483871,-19.129032,14.728755,18.330935,603.181143,216.420077,6.452827,156.761499,0.929886
130.774194,-19.129032,11.017837,16.728567,647.614098,136.528557,6.518969,113.772708,-0.388098
132.064516,-19.129032,12.744582,15.476799,559.521813,187.728991,6.958799,35.241391,-2.165481
133.354839,-19.129032,7.57154,14.111333,522.508721,319.5233,6.846522,27.07199,0.725558
134.645161,-19.129032,8.784745,14.774288,556.914101,366.966677,6.678612,104.312617,-0.830307
135.935484,-19.129032,11.02154,15.94096,479.591802,349.836879,7.053963,115.846657,1.680699
137.225806,-19.129032,10.197245,14.34379,490.581652,352.444899,6.925005,117.939543,1.313764
138.516129,-19.129032,11.543881,14.654261,493.414162,383.623033,6.332952,122.046337,0.351377
139.806452,-19.129032,7.323061,15.507458,562.644116,256.68837,6.225965,228.68208,1.410194
141.096774,-19.129032,12.390074,16.715526,513.737544,314.823983,6.468247,159.577514,-1.535961
142.387097,-19.129032,10.020897,16.240438,484.38748,179.145002,6.859603,164.791393,2.173601
143.677419,-19.129032,8.240213,14.739881,500.626394,423.135393,6.571679,171.25924,1.617741
144.967742,-19.129032,13.433271,14.585086,580.725496,70.639098,6.368848,96.880002,1.229733
146.258065,-19.129032,17.398073,14.17554,717.656611,348.277557,6.258791,94.820322,0.466905
147.548387,-19.129032,15.82504,15.373789,679.053893,256.742141,6.081779,100.684705,-0.808583
148.83871,-19.129032,20.260694,15.696153,711.488194,399.972422,6.031758,154.147212,-0.481575
150.129032,-19.129032,19.540138,15.970294,663.447888,212.315937,6.238947,188.288549,-0.403554
151.419355,-19.129032,13.655486,15.027009,629.791499,280.944262,6.265274,166.559163,1.359311
152.709677,-19.129032,17.046021,14.762046,730.332679,391.589774,6.529623,171.442417,-1.923708
154,-19.129032,19.995166,16.015,672.21895,307.755515,6.272669,184.839231,-0.325668
114,-18.225806,14.853567,14.109527,854.699311,391.035823,6.881305,187.274237,0.564321
115.290323,-18.225806,12.849377,12.9426,735.341676,451.525234,6.806179,194.637059,-1.699045
116.580645,-18.225806,12.81184,13.912416,728.428593,417.790366,6.565605,146.393853,-0.532954
117.870968,-18.225806,12.583147,13.465534,756.118886,232.362771,6.3414,176.090653,1.579267
119.16129,-18.225806,11.189718,12.986788,788.434567,175.78821,6.078677,195.517001,0.169914
120.451613,-18.225806,12.445946,15.487918,603.385546,216.850699,6.454515,169.318893,1.120449
121.741935,-18.225806,6.173811,13.869247,591.822928,400.420668,6.505501,129.461676,-0.07597
123.032258,-18.225806,2.579138,13.610826,660.018965,348.627284,6.135147,168.092947,0.921371
124.322581,-18.225806,5.425862,12.894034,628.879717,126.89679,6.736822,172.653441,0.560654
125.612903,-18.225806,9.164686,15.462321,720.456522,202.665475,7.022481,138.109329,1.072357
126.903226,-18.225806,8.052773,15.717456,712.75236,114.131962,6.833867,148.391836,0.030793
128.193548,-18.225806,16.220811,16.01407,625.102396,313.710553,7.576633,150.656765,-1.008253
129.483871,-18.225806,11.179966,16.926995,491.334097,167.746693,5.956933,64.777548,-1.358572
130.774194,-18.225806,12.711855,15.728499,583.097371,183.106777,6.578258,113.352456,0.761906
132.064516,-18.225806,8.859456,13.45079,539.498756,283.070431,6.596163,39.399768,-0.423054
133.354839,-18.225806,8.217244,12.007779,615.992987,296.911598,6.727054,78.397368,-0.817314
134.645161,-18.225806,8.667091,13.572864,504.872854,250.451196,6.390225,112.847931,0.688527
135.935484,-18.225806,9.485795,14.928573,473.16043,321.500192,6.618413,92.151193,0.391716
137.225806,-18.225806,7.312334,12.477165,533.150238,202.360285,6.468424,124.979492,-1.15304
138.516129,-18.225806,4.59782,14.346178,513.153459,518.834337,6.507452,187.61478,-1.678862
139.806452,-18.225806,5.188028,15.654732,559.764455,110.143855,6.513095,204.104399,-1.477896
141.096774,-18.225806,15.387956,17.297456,599.67726,442.796251,6.761266,171.605535,1.49494
142.387097,-18.225806,13.571612,16.291381,648.927213,371.435971,6.862167,167.599561,0.457729
143.677419,-18.225806,12.129911,15.269449,583.014706,273.326635,6.625912,147.322185,-0.271608
144.967742,-18.225806,14.073343,15.165297,567.082358,254.99638,6.427236,70.849503,0.521274
146.258065,-18.225806,16.177766,14.618901,594.213047,287.563718,6.847948,99.531825,-0.094505
147.548387,-18.225806,14.394572,14.886272,618.077025,516.802486,6.624709,89.564341,-1.503586
148.83871,-18.225806,19.386873,15.390152,629.56783,593.898059,6.29846,88.987572,0.87305
150.129032,-18.225806,19.748312,16.140348,572.024401,426.54618,6.732169,85.959651,0.946336
151.419355,-18.225806,11.708319,14.879107,642.969453,302.708061,6.614937,126.218157,-1.341684
152.709677,-18.225806,14.514275,14.446673,742.586298,340.033272,6.470268,175.192873,1.40866
154,-18.225806,17.274081,14.391127,664.261681,238.412382,6.087311,125.901319,-0.142839
114,-17.322581,8.748058,12.975523,720.359434,259.955144,6.867608,150.559874,-0.758827
115.290323,-17.322581,5.305908,13.545954,654.977965,319.20457,6.907536,179.341539,3.247976
116.580645,-17.322581,14.863503,15.263301,732.452172,478.784131,6.463558,118.669075,-0.171212
117.870968,-17.322581,9.597998,13.237348,738.8469,261.264506,6.08742,199.48797,-1.690907
119.16129,-17.322581,8.538428,13.40644,625.477258,256.685081,5.822284,160.070853,0.095659
120.451613,-17.322581,3.417406,13.271047,604.027482,398.302749,6.002779,143.695449,0.610151
121.741935,-17.322581,8.374502,14.466735,604.171917,410.198965,6.616802,183.369443,1.117287
123.032258,-17.322581,4.266085,13.328484,587.141982,381.606575,6.60418,187.788446,0.381154
124.322581,-17.322581,1.665963,13.587208,562.514178,185.016933,6.439123,194.528545,-0.112861
125.612903,-17.322581,7.596483,14.880091,615.487029,208.54687,6.29977,117.518935,-0.577041
126.903226,-17.322581,3.815599,14.174421,600.21267,111.005449,5.90024,162.909258,0.605475
128.193548,-17.322581,6.914109,15.002073,539.221017,152.066052,6.326957,134.439004,-0.692863
129.483871,-17.322581,3.128526,15.230243,398.245841,91.858662,6.408293,115.601345,0.902437
130.774194,-17.322581,4.45352,15.382324,489.626466,155.016693,6.110093,103.77311,-0.37879
132.064516,-17.322581,8.021578,12.487099,584.100395,284.259734,6.50763,79.330817,-2.096134
133.354839,-17.322581,8.044973,11.258344,639.084545,278.331,7.036407,162.359823,0.830333
134.645161,-17.322581,9.729006,13.587863,664.16731,180.77297,5.995567,92.833254,-0.275817
135.935484,-17.322581,8.128304,13.341848,577.668574,163.4124,6.292476,155.160506,0.025533
137.225806,-17.322581,4.490773,12.642411,504.135175,123.847278,6.132574,142.373898,1.61571
138.516129,-17.322581,13.11798,14.053082,561.492235,335.339302,6.670275,150.27033,-0.174177
139.806452,-17.322581,8.900939,14.963918,638.264426,304.189077,6.62919,198.263636,0.236246
141.096774,-17.322581,19.248662,17.846448,732.432827,216.060772,6.809402,163.945391,0.149506
142.387097,-17.322581,18.738324,16.738153,718.790948,147.147318,6.81811,185.574796,1.535594
143.677419,-17.322581,19.340787,15.786243,711.300435,238.624036,6.733661,114.538323,-0.309786
144.967742,-17.322581,20.830908,16.107833,646.639852,231.358428,6.72471,61.194604,-0.801834
146.258065,-17.322581,11.857001,15.105348,544.326176,201.154377,6.471162,125.604554,-0.739815
147.548387,-17.322581,16.307788,15.006722,537.19996,496.239896,6.936662,128.81925,-2.097278
148.83871,-17.322581,17.025685,14.14742,673.044354,482.835071,7.085967,97.591985,-1.868932
150.129032,-17.322581,16.908208,12.705641,657.668918,405.492742,6.767702,114.274709,1.30201
151.419355,-17.322581,10.23528,12.730566,624.115699,393.33818,6.588165,129.266443,-0.053384
152.709677,-17.322581,9.167887,13.817304,637.654454,366.090208,5.920098,148.248734,0.076211
154,-17.322581,11.349019,13.129757,596.248789,261.470737,6.161483,122.07616,0.230575
114,-16.419355,2.090628,14.244203,684.784674,166.789931,6.039953,161.703349,1.204782
115.290323,-16.419355,4.04445,14.819533,652.279051,397.871918,6.414537,154.993901,-0.27683
116.580645,-16.419355,5.262733,14.891264,632.035044,219.899708,5.941403,188.324778,-0.169347
117.870968,-16.419355,0.327554,13.770427,720.106103,401.533677,5.797032,126.817272,0.934196
119.16129,-16.419355,0.515571,12.157804,643.174297,280.872393,5.883934,167.637055,1.125375
120.451613,-16.419355,5.612869,12.773896,644.619028,546.780235,6.272983,142.457905,0.978532
121.741935,-16.419355,2.577437,13.147063,587.459628,404.503273,6.885345,151.069578,-1.158677
123.032258,-16.419355,1.771572,14.056839,582.572888,290.35427,6.52949,171.849052,0.199074
124.322581,-16.419355,5.261762,15.218025,619.732523,249.929211,6.33992,214.450489,-0.447262
125.612903,-16.419355,6.684532,15.176767,627.800375,348.40856,6.141653,116.07686,-0.451921
126.903226,-16.419355,1.730465,13.397609,627.512336,51.168499,5.917476,107.915667,0.285577
128.193548,-16.419355,6.983102,15.799746,444.237602,110.358685,6.067634,117.775782,1.545048
129.483871,-16.419355,8.150832,16.070683,447.496124,182.277401,6.463083,124.9106,-1.718296
130.774194,-16.419355,7.529569,14.986763,487.139003,224.916249,6.851396,123.189159,-0.83867
132.064516,-16.419355,4.650265,11.050583,535.731145,276.961538,7.115443,184.737799,-0.025803
133.354839,-16.419355,5.83454,10.779312,584.413986,235.464474,6.77122,171.750294,-0.382778
134.645161,-16.419355,8.854389,12.43112,711.734258,105.208731,6.530719,142.285341,0.850931
135.935484,-16.419355,10.697195,13.756387,650.671543,439.178441,6.170254,156.689075,-0.199122
137.225806,-16.419355,2.866467,12.270808,579.113862,139.055648,5.852147,125.447859,-0.476713
138.516129,-16.419355,14.522504,16.807469,648.654068,348.313627,6.526255,172.361767,1.413421
139.806452,-16.419355,11.73812,13.520677,648.389933,196.686471,6.737432,153.73664,0.932531
141.096774,-16.419355,19.666074,15.49825,715.573044,19.833543,7.203861,130.64075,-1.015497
142.387097,-16.419355,15.797727,15.693312,796.085244,162.678659,6.841384,160.140252,-1.776219
143.677419,-16.419355,15.40733,14.930776,712.180311,425.139813,6.243587,143.567564,0.23433
144.967742,-16.419355,14.0857,14.946531,610.201225,363.113145,6.596516,58.939871,2.400486
146.258065,-16.419355,14.18365,15.573058,542.885647,152.46266,6.179601,148.882417,-0.491309
147.548387,-16.419355,14.085467,13.869981,510.621999,278.607396,6.340156,72.75699,-1.384663
148.83871,-16.419355,11.619454,11.469341,617.967048,302.583354,6.601245,131.878147,-1.073408
150.129032,-16.419355,16.298625,12.228547,652.314923,240.244484,6.507841,129.82411,-1.326394
151.419355,-16.419355,14.218307,12.612468,671.033939,421.338939,6.023246,172.193652,-0.346552
152.709677,-16.419355,15.220673,13.146559,721.986171,591.650493,6.364723,170.328382,0.968567
154,-16.419355,12.170894,14.000114,714.4422,228.57175,6.370279,193.475161,0.310528
114,-15.516129,2.242446,14.343374,584.937254,333.965994,5.900833,158.391246,1.025257
115.290323,-15.516129,3.838804,15.326317,716.460149,224.249927,5.870221,188.187002,1.17254
116.580645,-15.516129,-0.361117,12.690169,674.503163,372.601278,5.600727,138.690734,0.239679
117.870968,-15.516129,2.16159,11.944891,655.144828,376.723757,5.942705,135.299091,0.358911
119.16129,-15.516129,5.924289,12.615035,738.546511,331.43352,6.334852,192.828444,-0.971462
120.451613,-15.516129,7.11557,12.469209,685.797471,472.840375,6.30851,186.087546,0.665369
121.741935,-15.516129,10.598161,14.099542,713.451163,602.540079,6.882541,118.010247,0.082302
123.032258,-15.516129,3.942874,13.316294,637.255064,511.359336,6.521593,135.450556,-0.774157
124.322581,-15.516129,2.627045,15.147938,589.085686,327.097924,6.436453,165.648742,-0.341511
125.612903,-15.516129,2.648017,14.137794,504.659978,362.246351,6.56299,106.590301,0.208419
126.903226,-15.516129,2.451768,12.99165,598.628792,109.004025,6.019313,83.965999,2.420858
128.193548,-15.516129,5.352557,14.182273,463.819758,200.571188,6.22576,165.306667,1.281174
129.483871,-15.516129,8.868449,14.893633,512.347502,318.111614,6.647781,112.823555,-0.916199
130.774194,-15.516129,5.615168,12.773099,523.244476,323.649499,6.695938,146.478887,0.654385
132.064516,-15.516129,2.798208,11.02022,575.149843,231.347634,6.900471,199.724873,-0.879068
133.354839,-15.516129,4.410645,10.101218,675.003646,232.278891,6.854909,188.19169,0.578915
134.645161,-15.516129,8.351069,12.93943,663.234763,178.233017,6.905934,158.814185,-1.249634
135.935484,-15.516129,11.294875,14.090559,631.256013,334.188608,6.678438,174.478206,-1.428674
137.225806,-15.516129,8.172806,12.850101,611.941752,241.594476,6.211955,137.999092,0.181668
138.516129,-15.516129,13.334926,15.071966,697.184845,248.873502,6.632433,202.81247,0.917751
139.806452,-15.516129,11.078495,14.176587,662.681434,151.068299,7.209705,146.842972,-0.926989
141.096774,-15.516129,17.455565,13.480187,695.846662,243.558526,6.853031,102.020771,0.9474
142.387097,-15.516129,20.435896,14.853599,771.266798,283.824854,7.104299,24.420647,1.245202
143.677419,-15.516129,16.131092,14.317421,745.127132,257.72865,6.18355,98.28383,0.657147
144.967742,-15.516129,18.952521,15.353031,681.456947,322.043659,6.072191,64.133422,1.117509
146.258065,-15.516129,17.702811,14.584852,593.198304,196.646244,6.235623,106.736641,0.112078
147.548387,-15.516129,17.839613,14.680527,606.00887,254.657363,5.82395,56.192615,1.746019
148.83871,-15.516129,13.038492,12.24776,636.272303,452.612238,6.357603,140.193668,0.94533
150.129032,-15.516129,14.686562,12.527616,623.801142,239.819615,5.747014,142.290907,0.209159
151.419355,-15.516129,13.873472,13.168667,759.47613,379.000422,5.832616,200.644666,-0.587104
152.709677,-15.516129,12.361166,13.652854,639.250178,282.12364,5.938466,205.607394,0.180185
154,-15.516129,10.889929,14.114065,719.335812,333.344041,6.545376,224.678156,1.230205
114,-14.612903,-1.104851,14.194575,635.393832,159.754361,5.704206,181.425962,0.662308
115.290323,-14.612903,1.219639,14.036462,672.519368,84.401929,6.21365,180.365129,-0.681924
116.580645,-14.612903,-0.2704,14.332848,641.56961,326.189442,5.763031,204.692955,-0.819869
117.870968,-14.612903,4.988272,13.781617,649.103682,274.96555,5.946686,157.426165,0.536281
119.16129,-14.612903,6.248233,12.477499,784.937302,145.569655,6.036362,132.698991,-0.982289
120.451613,-14.612903,7.666791,14.262095,723.945996,231.586734,6.672092,218.362235,1.372426
121.741935,-14.612903,7.629305,14.140284,677.719075,524.751609,6.316054,148.489914,-0.045504
123.032258,-14.612903,4.348072,13.275518,593.76032,470.856596,6.670651,170.042585,0.192784
124.322581,-14.612903,3.357521,14.169162,544.013832,389.447832,6.82267,142.070062,-2.182227
125.612903,-14.612903,2.802618,13.663238,526.886147,407.154778,6.464958,129.041547,1.308096
126.903226,-14.612903,3.330949,13.408206,474.357736,282.767517,5.932902,136.59239,-0.367017
128.193548,-14.612903,5.837685,12.700203,550.969009,-39.100439,6.458781,87.140501,0.826957
129.483871,-14.612903,8.531495,12.54188,546.865137,220.178202,6.312989,130.507177,-2.050588
130.774194,-14.612903,6.41977,13.620736,635.307842,149.600142,6.328834,122.635675,0.541714
132.064516,-14.612903,4.289459,12.922391,677.631168,135.595109,6.45126,230.065537,0.362989
133.354839,-14.612903,5.63669,11.057336,748.085041,57.398066,6.423698,220.696369,-1.59158
134.645161,-14.612903,5.743014,11.646311,621.684364,229.480472,7.149082,223.525514,0.172832
135.935484,-14.612903,13.125414,14.796657,657.259018,499.480893,6.95768,177.027481,-1.272964
137.225806,-14.612903,14.211147,15.86129,630.705871,379.836219,6.707958,167.317454,-0.867895
138.516129,-14.612903,13.78598,14.105259,664.169903,467.760002,6.570999,182.386431,0.626321
139.806452,-14.612903,11.37329,12.629871,642.159467,272.636594,7.158367,159.025921,-0.105631
141.096774,-14.612903,21.255944,15.838405,693.807931,221.970249,6.635951,74.584165,-0.256321
142.387097,-14.612903,19.398991,15.067944,730.865134,347.015839,6.617736,50.234359,-0.718732
143.677419,-14.612903,16.31818,14.773099,612.170265,180.003159,6.65876,34.946874,-2.020137
144.967742,-14.612903,15.236158,14.805739,682.302695,129.18746,6.024049,115.941439,0.389613
146.258065,-14.612903,16.953448,15.865287,643.8175,-68.561799,6.118014,98.580706,-2.391992
147.548387,-14.612903,13.753612,14.334188,580.738251,-17.332701,5.837722,120.622917,1.062566
148.83871,-14.612903,11.348717,14.655257,562.772795,212.744059,5.937929,133.767282,0.168676
150.129032,-14.612903,12.951375,13.285755,589.983818,280.74084,5.895756,182.444733,0.097752
151.419355,-14.612903,11.887418,13.905277,584.80413,273.552665,5.890752,207.721882,-0.474229
152.709677,-14.612903,7.54201,12.84765,637.665433,103.964307,6.378522,243.511511,-2.133626
154,-14.612903,12.495875,13.803524,747.176602,136.614554,6.66832,252.569168,0.480902
114,-13.709677,-0.594999,15.218899,645.196795,122.177968,6.29875,193.982662,0.306285
115.290323,-13.709677,5.138811,14.221525,678.482925,255.15459,6.462041,175.63504,-0.391144
116.580645,-13.709677,3.752661,15.381245,581.592583,308.460396,6.549477,168.672517,0.277445
117.870968,-13.709677,6.953411,16.899328,565.204269,189.186343,6.319833,178.172036,0.808839
119.16129,-13.709677,4.756182,15.421555,632.444282,44.184242,6.493971,138.005739,0.47516
120.451613,-13.709677,7.458081,14.303616,706.924312,204.377241,6.442015,209.564871,0.654295
121.741935,-13.709677,2.046212,14.108727,611.466269,194.673636,6.424699,198.304543,0.490072
123.032258,-13.709677,3.380954,13.220419,609.390007,281.348404,6.732093,188.404817,-0.623101
124.322581,-13.709677,0.50058,15.664773,548.206229,310.567598,6.59423,160.683107,1.935955
125.612903,-13.709677,1.79564,11.24627,547.627916,449.154872,6.334135,174.728736,0.55877
126.903226,-13.709677,1.492186,12.436654,473.066442,378.946132,6.306076,154.807182,0.37764
128.193548,-13.709677,6.419806,12.616557,487.286582,207.46436,6.813269,121.355402,-0.331467
129.483871,-13.709677,5.095737,12.888666,556.949376,184.127189,6.098602,120.824034,-1.711368
130.774194,-13.709677,2.139106,11.623056,617.473971,140.090489,6.128253,144.497769,-0.239672
132.064516,-13.709677,4.21692,12.518941,581.53491,216.696992,6.447813,223.541258,-0.472443
133.354839,-13.709677,5.492686,12.242176,686.459552,53.430213,6.645968,228.476804,-2.015941
134.645161,-13.709677,6.813931,13.865127,552.301784,200.359905,6.45349,197.457902,0.793115
135.935484,-13.709677,10.965564,15.065821,584.979395,481.313336,6.510878,174.960389,-0.072243
137.225806,-13.709677,12.716494,16.206967,620.444923,341.269475,6.29628,95.338384,1.367789
138.516129,-13.709677,9.224654,13.629115,601.619046,224.482909,6.538128,148.64207,-0.145416
139.806452,-13.709677,4.968208,13.419034,558.830681,270.016019,7.124919,168.222552,1.510022
141.096774,-13.709677,12.621819,14.772611,613.370956,295.956111,6.761248,71.181773,-1.159972
142.387097,-13.709677,14.780916,15.092413,643.717412,453.670912,6.546121,66.747275,-1.095482
143.677419,-13.709677,15.905577,14.042454,578.571655,182.390904,7.138456,56.457383,-0.324639
144.967742,-13.709677,15.998148,15.968678,551.32315,86.113333,6.293606,73.530922,1.108417
146.258065,-13.709677,13.375385,14.781544,530.729981,173.922587,6.193147,108.619917,-1.501618
147.548387,-13.709677,12.030981,12.88248,525.868662,98.850266,5.966771,104.275722,1.765418
148.83871,-13.709677,10.189627,14.108168,522.542037,224.389041,5.751768,137.476387,0.570656
150.129032,-13.709677,15.087104,14.38469,628.99123,306.111348,6.139401,217.030134,0.563992
151.419355,-13.709677,15.46044,14.739336,541.850247,379.711933,6.024888,162.940743,-0.815915
152.709677,-13.709677,13.438627,12.761741,635.105111,312.996474,6.598127,188.741218,0.171711
154,-13.709677,14.371064,13.075378,666.244036,224.023962,6.516933,201.040632,-0.722857
114,-12.806452,4.273565,13.157862,640.277022,87.362091,6.390458,224.495064,-0.192459
115.290323,-12.806452,5.771119,14.925637,600.298728,213.796889,6.276089,217.927737,-0.322003
116.580645,-12.806452,8.409275,15.692854,619.569941,330.527958,6.384984,183.181952,0.852215
117.870968,-12.806452,8.437208,16.896797,499.830168,355.098814,6.551516,133.585174,-0.394357
119.16129,-12.806452,6.003616,16.247542,587.081752,268.83716,5.949775,161.504657,-0.621168
120.451613,-12.806452,4.870762,14.181939,630.577366,81.68295,6.013581,189.695669,-0.014415
121.741935,-12.806452,6.169669,14.021058,663.527968,199.344653,6.43188,209.754186,0.604242
123.032258,-12.806452,0.757298,11.859462,598.866585,148.710827,6.247182,190.892528,0.847912
124.322581,-12.806452,6.476526,13.656688,591.434893,231.880341,6.7082,130.468071,0.648725
125.612903,-12.806452,0.867228,13.352355,572.114588,236.861867,6.196464,146.024378,1.304078
126.903226,-12.806452,0.586793,11.735106,488.928987,469.043587,6.12705,197.523564,0.816075
128.193548,-12.806452,3.417155,10.18205,502.860539,290.508732,6.364767,100.872983,-1.679622
129.483871,-12.806452,3.051414,10.162928,543.04598,412.694801,6.187302,129.101708,1.422968
130.774194,-12.806452,3.902785,10.259895,638.521402,98.385944,6.158063,207.359317,0.982874
132.064516,-12.806452,9.783646,12.999033,624.995505,105.345847,6.495576,197.225963,-0.514269
133.354839,-12.806452,8.320818,13.053975,637.037911,231.964229,6.692411,219.967975,1.334661
134.645161,-12.806452,11.96515,12.603321,706.292826,214.348976,5.98487,176.403957,-1.60328
135.935484,-12.806452,15.640004,14.746244,646.708775,527.222454,6.540756,168.06447,0.031343
137.225806,-12.806452,7.905789,12.742393,635.640534,308.80937,6.827984,87.940046,1.674923
138.516129,-12.806452,3.754447,12.970434,625.851942,58.51373,6.484259,102.789287,0.646774
139.806452,-12.806452,5.705229,14.449622,664.060073,209.848206,6.213102,159.934032,0.516872
141.096774,-12.806452,12.221951,14.085884,670.460182,256.962044,6.063959,183.684566,-1.902107
142.387097,-12.806452,14.344957,15.615984,642.449964,310.030682,5.913325,100.350216,-1.268756
143.677419,-12.806452,14.094252,16.495808,552.99416,162.866619,6.597428,98.460628,-0.869771
144.967742,-12.806452,15.641918,14.313976,553.046493,103.463167,6.617318,136.447383,-0.570635
146.258065,-12.806452,12.88329,12.899415,538.070181,103.972061,6.749974,118.132627,1.652836
147.548387,-12.806452,10.262218,12.094408,435.662837,137.314491,6.374747,129.043134,-0.140912
148.83871,-12.806452,6.603152,13.772028,430.51558,121.98655,6.405017,175.02196,-0.676554
150.129032,-12.806452,13.786016,14.899838,445.056993,375.192726,6.130473,110.542732,-0.134359
151.419355,-12.806452,15.170312,15.448592,598.134981,274.140985,5.97078,166.381511,1.25697
152.709677,-12.806452,18.159691,15.031148,649.049615,419.385241,6.452713,144.932491,0.386654
154,-12.806452,14.486147,14.822702,527.923123,166.766214,6.614087,174.1612,-0.366166
114,-11.903226,7.322412,14.435621,644.315006,281.351623,5.756574,195.862439,-2.199839
115.290323,-11.903226,6.497269,14.812204,614.277763,210.471509,6.430148,196.072274,0.707233
116.580645,-11.903226,5.818183,14.417223,576.483437,309.405473,6.245787,206.038667,-0.352786
117.870968,-11.903226,9.71762,14.685586,508.235677,397.167336,6.299272,175.850024,0.248764
119.16129,-11.903226,3.870812,15.314511,493.575098,206.204037,5.852812,153.707248,-0.135411
120.451613,-11.903226,3.708581,15.88184,624.013696,204.121488,6.242319,180.55049,-0.222649
121.741935,-11.903226,7.08549,15.672669,602.596909,203.198114,6.230267,218.254933,0.449786
123.032258,-11.903226,3.121069,11.515023,591.505902,99.024708,5.923902,202.876255,0.24402
124.322581,-11.903226,1.719333,11.675518,616.180033,259.873331,6.395961,113.31586,0.015647
125.612903,-11.903226,1.74842,13.699215,604.980812,66.377577,5.822305,45.059439,1.782932
126.903226,-11.903226,0.274511,10.991435,526.292633,438.817611,6.033185,136.411944,-0.978221
128.193548,-11.903226,0.913548,8.848992,502.765085,477.509679,6.236128,117.014914,0.496998
129.483871,-11.903226,6.965246,10.403216,568.13209,342.397561,7.035163,153.991237,0.365742
130.774194,-11.903226,4.651571,12.671176,553.619048,184.026573,6.700581,194.384432,-0.667858
132.064516,-11.903226,12.58819,14.741732,623.199489,220.812196,6.208884,180.542787,-1.643645
133.354839,-11.903226,7.61141,14.126245,654.996828,204.291152,6.50585,199.74416,0.42612
134.645161,-11.903226,7.488104,14.071143,690.052296,258.789968,6.298748,194.686283,0.662499
135.935484,-11.903226,11.081137,14.310425,651.634166,379.222449,6.535822,189.383672,0.724361
137.225806,-11.903226,8.890602,13.212042,553.721739,286.953845,6.1574,135.873846,0.237823
138.516129,-11.903226,1.258185,9.817985,506.391302,356.917061,6.784515,100.275304,0.368829
139.806452,-11.903226,5.494699,13.353491,538.861825,235.00163,6.507671,138.309369,-0.035297
141.096774,-11.903226,11.445415,13.612945,627.887383,177.493599,6.08588,118.369525,-0.296173
142.387097,-11.903226,11.293924,15.655999,603.760297,133.571415,5.544203,124.049251,0.738507
143.677419,-11.903226,15.131575,14.710135,527.468822,123.11687,6.343014,77.359032,0.428235
144.967742,-11.903226,10.22154,12.237329,489.945246,58.918126,6.165456,187.327547,2.025572
146.258065,-11.903226,16.410704,13.544125,522.73488,230.49352,6.159695,93.173068,-0.253059
147.548387,-11.903226,10.836243,13.046497,383.221893,227.848078,6.526455,122.0661,-1.252074
148.83871,-11.903226,13.729537,17.036687,454.489654,218.511111,6.648764,207.905627,-0.475639
150.129032,-11.903226,17.235217,16.51139,502.913653,299.994075,6.24708,120.562331,0.28968
151.419355,-11.903226,17.203259,16.60779,520.555676,223.483666,5.75011,112.19893,0.746575
152.709677,-11.903226,16.229216,16.17665,568.089707,523.476592,5.572585,70.216637,0.104498
154,-11.903226,16.338303,14.406648,596.590492,396.175687,5.841616,79.933112,0.407107
114,-11,7.687461,13.538438,702.387197,363.55291,5.874348,147.810977,0.301482
115.290323,-11,8.56194,15.002471,709.176419,311.060908,5.924317,124.428548,0.872039
116.580645,-11,11.381828,15.34959,628.257686,330.798066,6.274188,178.910577,1.901201
117.870968,-11,7.639651,15.189588,543.501069,395.148028,6.001843,220.401583,1.201037
119.16129,-11,5.410875,13.980933,560.448422,328.586516,6.191899,154.716912,0.498662
120.451613,-11,10.502026,16.362067,578.221829,333.656573,6.582081,136.672552,0.327983
121.741935,-11,1.26331,13.447712,541.102813,207.600252,6.202983,213.974485,-1.036868
123.032258,-11,4.612921,11.783876,619.533926,318.112406,5.749123,134.175491,0.62807
124.322581,-11,6.168422,14.114515,649.318764,116.612954,5.731905,118.927912,-1.388993
125.612903,-11,5.891679,13.573179,673.976634,365.424482,6.15419,114.520287,-0.496843
126.903226,-11,3.680385,12.621409,671.867712,374.929109,5.735842,189.546507,2.064624
128.193548,-11,7.793153,11.189625,660.816843,415.384934,6.725701,172.372346,-0.501094
129.483871,-11,5.087279,10.426304,646.19066,331.673352,6.910822,141.864209,0.520923
130.774194,-11,9.090944,11.852847,605.542327,181.270717,6.979967,214.095942,0.543893
132.064516,-11,7.182095,13.751105,617.67237,182.63164,6.331867,141.149517,-0.45692
133.354839,-11,7.466801,11.031758,622.557183,378.305378,6.215117,189.256663,-0.631371
134.645161,-11,8.173893,11.951269,605.000932,516.594528,6.471045,190.381783,0.888535
135.935484,-11,5.842363,13.678813,582.672518,284.594053,6.390681,102.164996,1.854981
137.225806,-11,5.086668,12.296357,576.515226,336.514339,6.544228,118.157131,0.177782
138.516129,-11,7.702669,11.081086,549.988122,271.602571,6.538503,128.553079,-0.857207
139.806452,-11,5.670843,13.166502,487.616965,262.540182,6.394339,129.902738,-0.00247
141.096774,-11,10.668854,13.076182,619.313435,249.301768,6.66205,174.828944,-2.186546
142.387097,-11,14.383116,14.644075,653.200573,145.005504,6.288807,124.834938,-0.734234
143.677419,-11,15.401748,12.49472,638.684146,187.38841,5.59977,76.318197,1.152875
144.967742,-11,13.542401,11.233508,483.374017,339.213316,6.233368,120.404518,-1.457704
146.258065,-11,9.690051,10.960518,462.351315,177.630653,6.082637,124.685421,0.079133
147.548387,-11,9.829394,13.229873,420.039256,200.990047,6.39628,60.565195,2.095977
148.83871,-11,13.320901,15.097977,435.575762,276.376716,6.865433,120.598795,-1.097008
150.129032,-11,13.563638,17.221211,461.981771,322.852765,6.877719,139.132198,-0.621155
151.419355,-11,12.646138,16.242775,482.928794,322.668545,5.590674,105.15027,-0.134478
152.709677,-11,14.84247,16.789846,491.053236,430.245338,5.264714,103.428755,1.126487
154,-11,15.266901,16.864398,525.540484,370.838202,5.901376,147.281564,-0.492829
